{
  "type": "FeatureCollection",
  "features": [
    {
      "type": "Feature",
      "geometry": {
        "type": "Point",
        "coordinates": [
          -0.1565709,
          44.8934566
        ]
      },
      "properties": {
        "nom": "Tèrra Aventura",
        "identifiant": "ASCAQU033V51CU8Q",
        "type": "Produit",
        "commune": "Saint-Émilion",
        "code_postal": "33330",
        "departement": "Gironde",
        "region": "Nouvelle-Aquitaine",
        "site_internet": "",
        "createur": "OT Saint-Emilion"
      }
    },
    {
      "type": "Feature",
      "geometry": {
        "type": "Point",
        "coordinates": [
          0.820562839,
          45.8233266
        ]
      },
      "properties": {
        "nom": "Tèrra Aventura : L'astroquête",
        "identifiant": "ASCAQU087V500AAI",
        "type": "Produit",
        "commune": "Rochechouart",
        "code_postal": "87600",
        "departement": "Haute-Vienne",
        "region": "Nouvelle-Aquitaine",
        "site_internet": "https://www.terra-aventura.fr/caches/lastroquete",
        "createur": "CRT_NA"
      }
    },
    {
      "type": "Feature",
      "geometry": {
        "type": "Point",
        "coordinates": [
          0.31255058,
          46.4174558
        ]
      },
      "properties": {
        "nom": "Tèrra Aventura : Mais qui sont ces Fricassous ?!",
        "identifiant": "ASCAQU086V501G81",
        "type": "Produit,Lieu",
        "commune": "Château-Larcher",
        "code_postal": "86370",
        "departement": "Vienne",
        "region": "Nouvelle-Aquitaine",
        "site_internet": "https://www.terra-aventura.fr/",
        "createur": "Office de Tourisme des Vallées du Clain"
      }
    },
    {
      "type": "Feature",
      "geometry": {
        "type": "Point",
        "coordinates": [
          -1.142052,
          44.764441
        ]
      },
      "properties": {
        "nom": "Terra Aventura : \"L'Ovnicache\"",
        "identifiant": "ASCAQU033V50QPBX",
        "type": "Produit",
        "commune": "Arès",
        "code_postal": "33740",
        "departement": "Gironde",
        "region": "Nouvelle-Aquitaine",
        "site_internet": "",
        "createur": "Office de Tourisme d'Arès"
      }
    },
    {
      "type": "Feature",
      "geometry": {
        "type": "Point",
        "coordinates": [
          -0.5342767,
          44.8780343
        ]
      },
      "properties": {
        "nom": "Terra Aventura : \"Dans le même bateau\"",
        "identifiant": "ASCAQU033V50L51D",
        "type": "Produit",
        "commune": "Lormont",
        "code_postal": "33310",
        "departement": "Gironde",
        "region": "Nouvelle-Aquitaine",
        "site_internet": "https://www.terra-aventura.fr/",
        "createur": "OT Bordeaux Métropole"
      }
    },
    {
      "type": "Feature",
      "geometry": {
        "type": "Point",
        "coordinates": [
          -0.321011,
          45.866388
        ]
      },
      "properties": {
        "nom": "Tèrra Aventura - Matha",
        "identifiant": "5859878",
        "type": "Lieu",
        "commune": "Matha",
        "code_postal": "17160",
        "departement": "Charente-Maritime",
        "region": "Nouvelle-Aquitaine",
        "site_internet": "https://www.destinationvalsdesaintonge.com/,https://www.terra-aventura.fr/",
        "createur": "Office de Tourisme des Vals de Saintonge"
      }
    },
    {
      "type": "Feature",
      "geometry": {
        "type": "Point",
        "coordinates": [
          -0.499782,
          43.893485
        ]
      },
      "properties": {
        "nom": "Terra Aventura « Les z’arts au soleil »",
        "identifiant": "ASCAQU0406069183",
        "type": "Produit",
        "commune": "Mont-de-Marsan",
        "code_postal": "40000",
        "departement": "Landes",
        "region": "Nouvelle-Aquitaine",
        "site_internet": "https://www.terra-aventura.fr/",
        "createur": "OT Mont-de-Marsan"
      }
    },
    {
      "type": "Feature",
      "geometry": {
        "type": "Point",
        "coordinates": [
          0.44609099,
          45.3658304
        ]
      },
      "properties": {
        "nom": "Terra Aventura : Au Four et au Moulin",
        "identifiant": "ASCAQU024V50D6BM",
        "type": "Produit,Lieu",
        "commune": "La Tour-Blanche-Cercles",
        "code_postal": "24320",
        "departement": "Dordogne",
        "region": "Nouvelle-Aquitaine",
        "site_internet": "https://www.perigord-inattendu.fr/",
        "createur": "Val de Dronne"
      }
    },
    {
      "type": "Feature",
      "geometry": {
        "type": "Point",
        "coordinates": [
          0.33828667,
          45.2479975
        ]
      },
      "properties": {
        "nom": "Terra Aventura : Ribérac la Contemporaine",
        "identifiant": "ASCAQU024V50FCBK",
        "type": "Produit,Lieu",
        "commune": "Ribérac",
        "code_postal": "24600",
        "departement": "Dordogne",
        "region": "Nouvelle-Aquitaine",
        "site_internet": "https://www.perigord-inattendu.fr/",
        "createur": "Val de Dronne"
      }
    },
    {
      "type": "Feature",
      "geometry": {
        "type": "Point",
        "coordinates": [
          0.59961312,
          44.4879307
        ]
      },
      "properties": {
        "nom": "Tèrra Aventura - C'est qui les molasses ? Pas nous !",
        "identifiant": "ASCAQU047V50947T",
        "type": "Produit",
        "commune": "Saint-Pastour",
        "code_postal": "47290",
        "departement": "Lot-et-Garonne",
        "region": "Nouvelle-Aquitaine",
        "site_internet": "http://www.tourisme-coeurlotetgaronne.fr/,https://www.terra-aventura.fr/",
        "createur": "OT Vallée du Lot et Garonne"
      }
    },
    {
      "type": "Feature",
      "geometry": {
        "type": "Point",
        "coordinates": [
          0.54329927,
          45.0818603
        ]
      },
      "properties": {
        "nom": "Terra Aventura : Only Diou !",
        "identifiant": "ASCAQU024V50JJYC",
        "type": "Produit,Lieu",
        "commune": "Grignols",
        "code_postal": "24110",
        "departement": "Dordogne",
        "region": "Nouvelle-Aquitaine",
        "site_internet": "https://www.terra-aventura.fr/",
        "createur": "Vallée de l'Isle en Périgord"
      }
    },
    {
      "type": "Feature",
      "geometry": {
        "type": "Point",
        "coordinates": [
          1.2528,
          45.83207
        ]
      },
      "properties": {
        "nom": "Tèrra Aventura : Toqués de Porcelaine",
        "identifiant": "ASCAQU087V500JLT",
        "type": "Produit",
        "commune": "Limoges",
        "code_postal": "87000",
        "departement": "Haute-Vienne",
        "region": "Nouvelle-Aquitaine",
        "site_internet": "https://www.terra-aventura.fr/caches/toques-de-porcelaine",
        "createur": "OT Limoges Métropole"
      }
    },
    {
      "type": "Feature",
      "geometry": {
        "type": "Point",
        "coordinates": [
          1.52977868,
          45.5692841
        ]
      },
      "properties": {
        "nom": "Tèrra Aventura : Du bruit dans les bruyères",
        "identifiant": "ASCAQU087V500D0A",
        "type": "Produit",
        "commune": "La Porcherie",
        "code_postal": "87380",
        "departement": "Haute-Vienne",
        "region": "Nouvelle-Aquitaine",
        "site_internet": "https://www.terra-aventura.fr/caches/du-bruit-dans-les-bruyeres",
        "createur": "OT Briance Sud Haute-Vienne"
      }
    },
    {
      "type": "Feature",
      "geometry": {
        "type": "Point",
        "coordinates": [
          1.2623048,
          45.8162774
        ]
      },
      "properties": {
        "nom": "Terra Aventura : Connectez-vous email",
        "identifiant": "ASCAQU087V500IAS",
        "type": "Produit",
        "commune": "Limoges",
        "code_postal": "87000",
        "departement": "Haute-Vienne",
        "region": "Nouvelle-Aquitaine",
        "site_internet": "https://www.terra-aventura.fr/caches/connectez-vous-email",
        "createur": "OT Limoges Métropole"
      }
    },
    {
      "type": "Feature",
      "geometry": {
        "type": "Point",
        "coordinates": [
          1.11897105,
          45.6481091
        ]
      },
      "properties": {
        "nom": "Tèrra Aventura : Gouffier & le chevalier au ...",
        "identifiant": "ASCAQU087V500AAC",
        "type": "Produit",
        "commune": "Rilhac-Lastours",
        "code_postal": "87800",
        "departement": "Haute-Vienne",
        "region": "Nouvelle-Aquitaine",
        "site_internet": "https://www.terra-aventura.fr/parcours",
        "createur": "CRT_NA"
      }
    },
    {
      "type": "Feature",
      "geometry": {
        "type": "Point",
        "coordinates": [
          1.74128567,
          45.73866
        ]
      },
      "properties": {
        "nom": "Tèrra Aventura : L’histoire des Pelauds",
        "identifiant": "ASCAQU087V500A8G",
        "type": "Produit",
        "commune": "Eymoutiers",
        "code_postal": "87120",
        "departement": "Haute-Vienne",
        "region": "Nouvelle-Aquitaine",
        "site_internet": "https://www.terra-aventura.fr/caches/lhistoire-des-pelauds",
        "createur": "CRT_NA"
      }
    },
    {
      "type": "Feature",
      "geometry": {
        "type": "Point",
        "coordinates": [
          1.049805,
          45.9915639
        ]
      },
      "properties": {
        "nom": "Tèrra Aventura : Les mégalithes et leurs légendes",
        "identifiant": "ASCAQU087V500A70",
        "type": "Produit",
        "commune": "Bellac",
        "code_postal": "87520",
        "departement": "Haute-Vienne",
        "region": "Nouvelle-Aquitaine",
        "site_internet": "https://www.terra-aventura.fr/caches/les-megalithes-et-leurs-legendes",
        "createur": "CRT_NA"
      }
    },
    {
      "type": "Feature",
      "geometry": {
        "type": "Point",
        "coordinates": [
          0.92256525,
          46.2272344
        ]
      },
      "properties": {
        "nom": "Tèrra Aventura : Les seigneurs de Champagnac",
        "identifiant": "ASCAQU087V500A6Z",
        "type": "Produit",
        "commune": "Val-d'Oire-et-Gartempe",
        "code_postal": "87330",
        "departement": "Haute-Vienne",
        "region": "Nouvelle-Aquitaine",
        "site_internet": "https://www.terra-aventura.fr/caches/les-seigneurs-de-champagnac",
        "createur": "CRT_NA"
      }
    },
    {
      "type": "Feature",
      "geometry": {
        "type": "Point",
        "coordinates": [
          1.3705677,
          46.1095448
        ]
      },
      "properties": {
        "nom": "Terra Aventura : La palette de Suzanne",
        "identifiant": "ASCAQU087V500A73",
        "type": "Produit",
        "commune": "Bessines-sur-Gartempe",
        "code_postal": "87250",
        "departement": "Haute-Vienne",
        "region": "Nouvelle-Aquitaine",
        "site_internet": "https://www.terra-aventura.fr/caches/la-palette-de-suzanne",
        "createur": "CRT_NA"
      }
    },
    {
      "type": "Feature",
      "geometry": {
        "type": "Point",
        "coordinates": [
          1.31374905,
          45.7313885
        ]
      },
      "properties": {
        "nom": "Tèrra Aventura : À l'assaut de Châlucet",
        "identifiant": "ASCAQU087V500I3L",
        "type": "Produit",
        "commune": "Saint-Jean-Ligoure",
        "code_postal": "87260",
        "departement": "Haute-Vienne",
        "region": "Nouvelle-Aquitaine",
        "site_internet": "https://www.terra-aventura.fr/caches/lassaut-de-chalucet",
        "createur": "OT Pays de Nexon - Monts de Châlus"
      }
    },
    {
      "type": "Feature",
      "geometry": {
        "type": "Point",
        "coordinates": [
          1.40386529,
          45.5785345
        ]
      },
      "properties": {
        "nom": "Tèrra Aventura : L’empreinte du loup",
        "identifiant": "ASCAQU087V500A9H",
        "type": "Produit",
        "commune": "Meuzac",
        "code_postal": "87380",
        "departement": "Haute-Vienne",
        "region": "Nouvelle-Aquitaine",
        "site_internet": "https://www.terra-aventura.fr/caches/lempreinte-du-loup",
        "createur": "OT Briance Sud Haute-Vienne"
      }
    },
    {
      "type": "Feature",
      "geometry": {
        "type": "Point",
        "coordinates": [
          0.69340691,
          45.7424169
        ]
      },
      "properties": {
        "nom": "Tèrra Aventura : Les méz’aventures de Zarthus",
        "identifiant": "ASCAQU087V500E2Q",
        "type": "Produit",
        "commune": "Les Salles-Lavauguyon",
        "code_postal": "87440",
        "departement": "Haute-Vienne",
        "region": "Nouvelle-Aquitaine",
        "site_internet": "https://www.terra-aventura.fr/caches/les-mezaventures-de-zarthus",
        "createur": "OT LIMOUSIN nouveaux horizons - Porte Océane du Limousin"
      }
    },
    {
      "type": "Feature",
      "geometry": {
        "type": "Point",
        "coordinates": [
          1.01251926,
          45.8772602
        ]
      },
      "properties": {
        "nom": "Tèrra Aventura : Vertunian Thérapie",
        "identifiant": "ASCAQU087V500E0W",
        "type": "Produit",
        "commune": "Saint-Victurnien",
        "code_postal": "87420",
        "departement": "Haute-Vienne",
        "region": "Nouvelle-Aquitaine",
        "site_internet": "https://www.terra-aventura.fr/caches/vertunian-therapie",
        "createur": "OT LIMOUSIN nouveaux horizons - Porte Océane du Limousin"
      }
    },
    {
      "type": "Feature",
      "geometry": {
        "type": "Point",
        "coordinates": [
          1.07301044,
          45.6797113
        ]
      },
      "properties": {
        "nom": "Tèrra Aventura : Le dragon des Cars",
        "identifiant": "ASCAQU087V500A92",
        "type": "Produit",
        "commune": "Les Cars",
        "code_postal": "87230",
        "departement": "Haute-Vienne",
        "region": "Nouvelle-Aquitaine",
        "site_internet": "https://www.terra-aventura.fr/caches/le-dragon-des-cars",
        "createur": "CRT_NA"
      }
    },
    {
      "type": "Feature",
      "geometry": {
        "type": "Point",
        "coordinates": [
          1.53049,
          46.0216
        ]
      },
      "properties": {
        "nom": "Terra Aventura : La terreur d'Epona",
        "identifiant": "ASCAQU087V500CUZ",
        "type": "Produit",
        "commune": "Jabreilles-les-Bordes",
        "code_postal": "87370",
        "departement": "Haute-Vienne",
        "region": "Nouvelle-Aquitaine",
        "site_internet": "https://www.terra-aventura.fr/caches/la-terreur-depona",
        "createur": "OT Monts du Limousin"
      }
    },
    {
      "type": "Feature",
      "geometry": {
        "type": "Point",
        "coordinates": [
          0.22558299,
          45.0299942
        ]
      },
      "properties": {
        "nom": "Terra Aventura : \"L'affaire Duellas\"",
        "identifiant": "ASCAQU024V50KB4F",
        "type": "Produit",
        "commune": "Saint-Martial-d'Artenset",
        "code_postal": "24700",
        "departement": "Dordogne",
        "region": "Nouvelle-Aquitaine",
        "site_internet": "",
        "createur": "Vallée de l'Isle en Périgord"
      }
    },
    {
      "type": "Feature",
      "geometry": {
        "type": "Point",
        "coordinates": [
          1.603823,
          45.923781
        ]
      },
      "properties": {
        "nom": "Tèrra Aventura : Aux pierres de la lune",
        "identifiant": "ASCAQU087V5004GK",
        "type": "Produit",
        "commune": "Sauviat-sur-Vige",
        "code_postal": "87400",
        "departement": "Haute-Vienne",
        "region": "Nouvelle-Aquitaine",
        "site_internet": "https://www.terra-aventura.fr/caches/aux-pierres-de-la-lune",
        "createur": "OT de Noblat"
      }
    },
    {
      "type": "Feature",
      "geometry": {
        "type": "Point",
        "coordinates": [
          1.63326835,
          45.8043932
        ]
      },
      "properties": {
        "nom": "Tèrra Aventura : Le dragon de la Maulde",
        "identifiant": "ASCAQU087V500A8I",
        "type": "Lieu",
        "commune": "Bujaleuf",
        "code_postal": "87460",
        "departement": "Haute-Vienne",
        "region": "Nouvelle-Aquitaine",
        "site_internet": "https://www.terra-aventura.fr/caches/le-dragon-de-la-maulde",
        "createur": "CRT_NA"
      }
    },
    {
      "type": "Feature",
      "geometry": {
        "type": "Point",
        "coordinates": [
          1.84175501,
          45.795057
        ]
      },
      "properties": {
        "nom": "Tèrra Aventura : Le chemin des poètes",
        "identifiant": "ASCAQU087V500ZDR",
        "type": "Produit",
        "commune": "Peyrat-le-Château",
        "code_postal": "87470",
        "departement": "Haute-Vienne",
        "region": "Nouvelle-Aquitaine",
        "site_internet": "https://www.terra-aventura.fr/caches/le-chemin-des-poetes",
        "createur": "OT Portes de Vassivière"
      }
    },
    {
      "type": "Feature",
      "geometry": {
        "type": "Point",
        "coordinates": [
          1.28097178,
          45.9453147
        ]
      },
      "properties": {
        "nom": "Tèrra Aventura : Les cyclistes ont la côte !",
        "identifiant": "ASCAQU087V500ZF9",
        "type": "Produit",
        "commune": "Bonnac-la-Côte",
        "code_postal": "87270",
        "departement": "Haute-Vienne",
        "region": "Nouvelle-Aquitaine",
        "site_internet": "https://www.terra-aventura.fr/caches/les-cyclistes-ont-la-cote",
        "createur": "OT Limoges Métropole"
      }
    },
    {
      "type": "Feature",
      "geometry": {
        "type": "Point",
        "coordinates": [
          1.13671118,
          45.9240798
        ]
      },
      "properties": {
        "nom": "Tèrra Aventura : Tous en Celtes !",
        "identifiant": "ASCAQU087V500ZFS",
        "type": "Produit",
        "commune": "Saint-Gence",
        "code_postal": "87510",
        "departement": "Haute-Vienne",
        "region": "Nouvelle-Aquitaine",
        "site_internet": "https://www.terra-aventura.fr/caches/tous-en-celtes",
        "createur": "OT Limoges Métropole"
      }
    },
    {
      "type": "Feature",
      "geometry": {
        "type": "Point",
        "coordinates": [
          1.29535919,
          46.0406794
        ]
      },
      "properties": {
        "nom": "Tèrra Aventura : Le crocodile du Lac",
        "identifiant": "ASCAQU087V500ZBW",
        "type": "Produit",
        "commune": "Razès",
        "code_postal": "87640",
        "departement": "Haute-Vienne",
        "region": "Nouvelle-Aquitaine",
        "site_internet": "https://www.lacsaintpardoux.com/decouvrir/les-pieds-sur-terre-ou-dans-les-airs/le-parcours-terra-aventura-le-crocodile-du-lac/,https://www.terra-aventura.fr/caches/le-crocodile-du-lac",
        "createur": "OT Monts du Limousin"
      }
    },
    {
      "type": "Feature",
      "geometry": {
        "type": "Point",
        "coordinates": [
          1.27575069,
          45.755225
        ]
      },
      "properties": {
        "nom": "Tèrra Aventura : Le jeu d'Eloi",
        "identifiant": "ASCAQU087V500ZEE",
        "type": "Produit",
        "commune": "Solignac",
        "code_postal": "87110",
        "departement": "Haute-Vienne",
        "region": "Nouvelle-Aquitaine",
        "site_internet": "https://www.terra-aventura.fr/caches/le-jeu-deloi",
        "createur": "OT Limoges Métropole"
      }
    },
    {
      "type": "Feature",
      "geometry": {
        "type": "Point",
        "coordinates": [
          1.59735,
          45.7095167
        ]
      },
      "properties": {
        "nom": "Tèrra Aventura : Mémoire des justes",
        "identifiant": "ASCAQU087V500A7K",
        "type": "Produit",
        "commune": "Châteauneuf-la-Forêt",
        "code_postal": "87130",
        "departement": "Haute-Vienne",
        "region": "Nouvelle-Aquitaine",
        "site_internet": "https://www.terra-aventura.fr/caches/memoire-des-justes",
        "createur": "CRT_NA"
      }
    },
    {
      "type": "Feature",
      "geometry": {
        "type": "Point",
        "coordinates": [
          1.3255167,
          45.5114167
        ]
      },
      "properties": {
        "nom": "Tèrra Aventura : Cociaco Bonaldo !",
        "identifiant": "ASCAQU087V500A81",
        "type": "Produit",
        "commune": "Coussac-Bonneval",
        "code_postal": "87500",
        "departement": "Haute-Vienne",
        "region": "Nouvelle-Aquitaine",
        "site_internet": "https://www.terra-aventura.fr/caches/cociaco-bonaldo",
        "createur": "OT Pays de Saint-Yrieix"
      }
    },
    {
      "type": "Feature",
      "geometry": {
        "type": "Point",
        "coordinates": [
          0.81584363,
          44.7745677
        ]
      },
      "properties": {
        "nom": "Tèrra Aventura : Randonnée spirituelle",
        "identifiant": "ASCAQU024V50KCVH",
        "type": "Produit",
        "commune": "Saint-Avit-Sénieur",
        "code_postal": "24440",
        "departement": "Dordogne",
        "region": "Nouvelle-Aquitaine",
        "site_internet": "https://www.terra-aventura.fr/caches/spirituelle-randonnee",
        "createur": "Pays de Bergerac, Vignoble & Bastides"
      }
    },
    {
      "type": "Feature",
      "geometry": {
        "type": "Point",
        "coordinates": [
          -0.3176938,
          44.0334374
        ]
      },
      "properties": {
        "nom": "Terra Aventura : Estamponné \"Roquefort\" !",
        "identifiant": "ASCAQU040V50W7V0",
        "type": "Produit,Lieu",
        "commune": "Roquefort",
        "code_postal": "40120",
        "departement": "Landes",
        "region": "Nouvelle-Aquitaine",
        "site_internet": "",
        "createur": "OT Landes d'Armagnac"
      }
    },
    {
      "type": "Feature",
      "geometry": {
        "type": "Point",
        "coordinates": [
          -1.2052016,
          44.2192721
        ]
      },
      "properties": {
        "nom": "Terra Aventura - L'Arche de Zahan",
        "identifiant": "ASCAQU040V50QW3N",
        "type": "Produit,Lieu",
        "commune": "Aureilhan",
        "code_postal": "40200",
        "departement": "Landes",
        "region": "Nouvelle-Aquitaine",
        "site_internet": "https://www.terra-aventura.fr/",
        "createur": "OT Mimizan"
      }
    },
    {
      "type": "Feature",
      "geometry": {
        "type": "Point",
        "coordinates": [
          -1.0720954,
          43.8715979
        ]
      },
      "properties": {
        "nom": "Tèrra Aventura - Mignon des sources",
        "identifiant": "ASCAQU040V50QVOA",
        "type": "Produit",
        "commune": "Taller",
        "code_postal": "40260",
        "departement": "Landes",
        "region": "Nouvelle-Aquitaine",
        "site_internet": "",
        "createur": "Côte Landes Nature Tourisme"
      }
    },
    {
      "type": "Feature",
      "geometry": {
        "type": "Point",
        "coordinates": [
          -1.1656662,
          44.0060836
        ]
      },
      "properties": {
        "nom": "Tèrra Aventura - Merci bécut!",
        "identifiant": "ASCAQU040V50QVNA",
        "type": "Produit",
        "commune": "Lévignacq",
        "code_postal": "40170",
        "departement": "Landes",
        "region": "Nouvelle-Aquitaine",
        "site_internet": "",
        "createur": "Côte Landes Nature Tourisme"
      }
    },
    {
      "type": "Feature",
      "geometry": {
        "type": "Point",
        "coordinates": [
          -0.04338,
          44.85231
        ]
      },
      "properties": {
        "nom": "Terra Aventura \"la bataille navale\"",
        "identifiant": "ASCAQU033V50XZQ3",
        "type": "Produit",
        "commune": "Castillon-la-Bataille",
        "code_postal": "33350",
        "departement": "Gironde",
        "region": "Nouvelle-Aquitaine",
        "site_internet": "",
        "createur": "OT Castillon-Pujols"
      }
    },
    {
      "type": "Feature",
      "geometry": {
        "type": "Point",
        "coordinates": [
          -0.8619476,
          43.1158846
        ]
      },
      "properties": {
        "nom": "Terra Aventura : Heraus de nos montagnes",
        "identifiant": "ASCAQU064V5B5M3A",
        "type": "Produit",
        "commune": "Tardets-Sorholus",
        "code_postal": "64470",
        "departement": "Pyrénées-Atlantiques",
        "region": "Nouvelle-Aquitaine",
        "site_internet": "",
        "createur": "Office de Tourisme Pays Basque"
      }
    },
    {
      "type": "Feature",
      "geometry": {
        "type": "Point",
        "coordinates": [
          -1.5877474,
          43.4416193
        ]
      },
      "properties": {
        "nom": "Terra Aventura : les durs de l'Atlantique",
        "identifiant": "ASCAQU064V5B5LW4",
        "type": "Produit",
        "commune": "Bidart",
        "code_postal": "64210",
        "departement": "Pyrénées-Atlantiques",
        "region": "Nouvelle-Aquitaine",
        "site_internet": "https://www.bidarttourisme.com/",
        "createur": "OT Bidart"
      }
    },
    {
      "type": "Feature",
      "geometry": {
        "type": "Point",
        "coordinates": [
          -0.59752,
          44.72743
        ]
      },
      "properties": {
        "nom": "Terra Aventura : Cap ou « pacane » ?",
        "identifiant": "ASCAQU033V50YIR7",
        "type": "Produit",
        "commune": "Léognan",
        "code_postal": "33850",
        "departement": "Gironde",
        "region": "Nouvelle-Aquitaine",
        "site_internet": "http://www.sud-bordeaux-tourisme.com/",
        "createur": "Sud Bordeaux Tourisme"
      }
    },
    {
      "type": "Feature",
      "geometry": {
        "type": "Point",
        "coordinates": [
          -0.60953,
          44.77897
        ]
      },
      "properties": {
        "nom": "Terra Aventura : \"Prieur de ne pas déranger\"",
        "identifiant": "ASCAQU033V50RF1V",
        "type": "Produit",
        "commune": "Gradignan",
        "code_postal": "33170",
        "departement": "Gironde",
        "region": "Nouvelle-Aquitaine",
        "site_internet": "",
        "createur": "OT Bordeaux Métropole"
      }
    },
    {
      "type": "Feature",
      "geometry": {
        "type": "Point",
        "coordinates": [
          -0.9977887,
          44.6432919
        ]
      },
      "properties": {
        "nom": "Terra Aventura : \"Des couleurs pour ma cayenne\"",
        "identifiant": "ASCAQU033V50RF4V",
        "type": "Produit",
        "commune": "Biganos",
        "code_postal": "33380",
        "departement": "Gironde",
        "region": "Nouvelle-Aquitaine",
        "site_internet": "https://www.terra-aventura.fr/",
        "createur": "Office de Tourisme Coeur du Bassin d'Arcachon"
      }
    },
    {
      "type": "Feature",
      "geometry": {
        "type": "Point",
        "coordinates": [
          -1.1234268,
          45.5142921
        ]
      },
      "properties": {
        "nom": "Tèrra Aventura : Jusqu'à la fin des Terres",
        "identifiant": "ASCAQU033V50RMDL",
        "type": "Produit",
        "commune": "Soulac-sur-Mer",
        "code_postal": "33780",
        "departement": "Gironde",
        "region": "Nouvelle-Aquitaine",
        "site_internet": "https://www.terra-aventura.fr/",
        "createur": "OT Médoc Atlantique"
      }
    },
    {
      "type": "Feature",
      "geometry": {
        "type": "Point",
        "coordinates": [
          0.13585949,
          45.2033089
        ]
      },
      "properties": {
        "nom": "Terra Aventura : Suivez le goupil",
        "identifiant": "ASCAQU024V50D5XP",
        "type": "Produit,Lieu",
        "commune": "Saint Aulaye-Puymangou",
        "code_postal": "24410",
        "departement": "Dordogne",
        "region": "Nouvelle-Aquitaine",
        "site_internet": "https://www.perigord-inattendu.fr/",
        "createur": "Val de Dronne"
      }
    },
    {
      "type": "Feature",
      "geometry": {
        "type": "Point",
        "coordinates": [
          -1.3818548,
          43.797099
        ]
      },
      "properties": {
        "nom": "Séjour Terra Aventura décarbonné",
        "identifiant": "OP031AQU040V50YVQR",
        "type": "Produit",
        "commune": "Messanges",
        "code_postal": "40660",
        "departement": "Landes",
        "region": "Nouvelle-Aquitaine",
        "site_internet": "https://www.loupignada.com/fr,https://www.loupignada.com/fr?utm_source=landesatlantiquesud.com&utm_medium=affiliate&utm_campaign=partenariat-payant,https://www.loupignada.com/fr,https://www.loupignada.com/fr?utm_source=landesatlantiquesud.com&utm_medium=affiliate&utm_campaign=partenariat-payant",
        "createur": "CDT 40"
      }
    },
    {
      "type": "Feature",
      "geometry": {
        "type": "Point",
        "coordinates": [
          1.0742177,
          45.8143049
        ]
      },
      "properties": {
        "nom": "Tèrra Aventura : Logeons-nous dans les bois",
        "identifiant": "ASCAQU087V5020IZ",
        "type": "Produit",
        "commune": "Saint-Priest-sous-Aixe",
        "code_postal": "87700",
        "departement": "Haute-Vienne",
        "region": "Nouvelle-Aquitaine",
        "site_internet": "https://www.terra-aventura.fr/caches/logeons-nous-dans-les-bois",
        "createur": "OT Val de Vienne"
      }
    },
    {
      "type": "Feature",
      "geometry": {
        "type": "Point",
        "coordinates": [
          -0.2015254,
          43.7444438
        ]
      },
      "properties": {
        "nom": "Tèrra Aventura : Sorcières sur l'Adour",
        "identifiant": "ASCAQU040V50TNK7",
        "type": "Produit,Lieu",
        "commune": "Aire-sur-l'Adour",
        "code_postal": "40800",
        "departement": "Landes",
        "region": "Nouvelle-Aquitaine",
        "site_internet": "",
        "createur": "Tourisme Aire Eugénie"
      }
    },
    {
      "type": "Feature",
      "geometry": {
        "type": "Point",
        "coordinates": [
          -0.274033,
          45.901567
        ]
      },
      "properties": {
        "nom": "Tèrra Aventura - Les-Touches-de-Périgny",
        "identifiant": "6195788",
        "type": "Lieu",
        "commune": "Les Touches-de-Périgny",
        "code_postal": "17160",
        "departement": "Charente-Maritime",
        "region": "Nouvelle-Aquitaine",
        "site_internet": "https://www.terra-aventura.fr/",
        "createur": "Office de Tourisme des Vals de Saintonge"
      }
    },
    {
      "type": "Feature",
      "geometry": {
        "type": "Point",
        "coordinates": [
          -0.31695,
          43.76086
        ]
      },
      "properties": {
        "nom": "Terra Aventura \"Attention à la marche...\"",
        "identifiant": "ASCAQU040V50TUZH",
        "type": "Produit",
        "commune": "Cazères-sur-l'Adour",
        "code_postal": "40270",
        "departement": "Landes",
        "region": "Nouvelle-Aquitaine",
        "site_internet": "",
        "createur": "OT Grenade"
      }
    },
    {
      "type": "Feature",
      "geometry": {
        "type": "Point",
        "coordinates": [
          0.27950098,
          46.0839718
        ]
      },
      "properties": {
        "nom": "Tèrra Aventura : Poussez la Chan'Sonnette",
        "identifiant": "ASCAQU086V500672",
        "type": "Produit,Lieu",
        "commune": "Lizant",
        "code_postal": "86400",
        "departement": "Vienne",
        "region": "Nouvelle-Aquitaine",
        "site_internet": "https://www.terra-aventura.fr/parcours",
        "createur": "Office de Tourisme de Civraisien en Poitou"
      }
    },
    {
      "type": "Feature",
      "geometry": {
        "type": "Point",
        "coordinates": [
          0.684276,
          46.240293
        ]
      },
      "properties": {
        "nom": "Tèrra Aventura : Les Nouveaux Z'Ingénieurs",
        "identifiant": "ASCAQU086V50041L",
        "type": "Produit,Lieu",
        "commune": "L'Isle-Jourdain",
        "code_postal": "86150",
        "departement": "Vienne",
        "region": "Nouvelle-Aquitaine",
        "site_internet": "http://www.sudviennepoitou.com/,https://www.terra-aventura.fr/parcours",
        "createur": "Office de Tourisme Sud Vienne Poitou"
      }
    },
    {
      "type": "Feature",
      "geometry": {
        "type": "Point",
        "coordinates": [
          0.8711133,
          46.4265894
        ]
      },
      "properties": {
        "nom": "Tèrra Aventura : L’Admirateur Secret",
        "identifiant": "ASCAQU086V50041P",
        "type": "Produit,Lieu",
        "commune": "Montmorillon",
        "code_postal": "86500",
        "departement": "Vienne",
        "region": "Nouvelle-Aquitaine",
        "site_internet": "http://www.sudviennepoitou.com/,https://www.terra-aventura.fr/parcours",
        "createur": "Office de Tourisme Sud Vienne Poitou"
      }
    },
    {
      "type": "Feature",
      "geometry": {
        "type": "Point",
        "coordinates": [
          0.6552246,
          46.1219804
        ]
      },
      "properties": {
        "nom": "Tèrra Aventura : À Vienne que pourra !",
        "identifiant": "ASCAQU086V50041G",
        "type": "Produit,Lieu",
        "commune": "Availles-Limouzine",
        "code_postal": "86460",
        "departement": "Vienne",
        "region": "Nouvelle-Aquitaine",
        "site_internet": "http://www.sudviennepoitou.com/,https://www.terra-aventura.fr/parcours",
        "createur": "Office de Tourisme Sud Vienne Poitou"
      }
    },
    {
      "type": "Feature",
      "geometry": {
        "type": "Point",
        "coordinates": [
          -0.0184,
          46.88148
        ]
      },
      "properties": {
        "nom": "Tèrra Aventura : La Grande Buée",
        "identifiant": "ASCAQU086V50069P",
        "type": "Produit,Lieu",
        "commune": "Moncontour",
        "code_postal": "86330",
        "departement": "Vienne",
        "region": "Nouvelle-Aquitaine",
        "site_internet": "https://www.terra-aventura.fr/parcours",
        "createur": "Office de Tourisme du Pays Loudunais"
      }
    },
    {
      "type": "Feature",
      "geometry": {
        "type": "Point",
        "coordinates": [
          0.296815,
          46.149276
        ]
      },
      "properties": {
        "nom": "Tèrra Aventura : Les Z'Animaux Fantastiques",
        "identifiant": "ASCAQU086V50066T",
        "type": "Produit,Lieu",
        "commune": "Civray",
        "code_postal": "86400",
        "departement": "Vienne",
        "region": "Nouvelle-Aquitaine",
        "site_internet": "https://www.terra-aventura.fr/parcours",
        "createur": "Office de Tourisme de Civraisien en Poitou"
      }
    },
    {
      "type": "Feature",
      "geometry": {
        "type": "Point",
        "coordinates": [
          0.403719,
          46.374538
        ]
      },
      "properties": {
        "nom": "Tèrra Aventura : D'Inspiration Médiévale",
        "identifiant": "ASCAQU086V500670",
        "type": "Produit,Lieu",
        "commune": "Gençay",
        "code_postal": "86160",
        "departement": "Vienne",
        "region": "Nouvelle-Aquitaine",
        "site_internet": "https://www.terra-aventura.fr/parcours",
        "createur": "Office de Tourisme de Civraisien en Poitou"
      }
    },
    {
      "type": "Feature",
      "geometry": {
        "type": "Point",
        "coordinates": [
          -0.05781,
          47.01293
        ]
      },
      "properties": {
        "nom": "Tèrra Aventura : Les Raisins de la Folie",
        "identifiant": "ASCAQU086V50069R",
        "type": "Produit,Lieu",
        "commune": "Curçay-sur-Dive",
        "code_postal": "86120",
        "departement": "Vienne",
        "region": "Nouvelle-Aquitaine",
        "site_internet": "https://www.terra-aventura.fr/parcours",
        "createur": "Office de Tourisme du Pays Loudunais"
      }
    },
    {
      "type": "Feature",
      "geometry": {
        "type": "Point",
        "coordinates": [
          0.684276,
          46.240293
        ]
      },
      "properties": {
        "nom": "Tèrra Aventura : Les  Nouveaux Z'Ingénieurs",
        "identifiant": "ASCAQU086V5005UF",
        "type": "Produit",
        "commune": "Le Vigeant",
        "code_postal": "86150",
        "departement": "Vienne",
        "region": "Nouvelle-Aquitaine",
        "site_internet": "http://www.sudviennepoitou.com/",
        "createur": "Office de Tourisme Sud Vienne Poitou"
      }
    },
    {
      "type": "Feature",
      "geometry": {
        "type": "Point",
        "coordinates": [
          0.21119,
          46.92051
        ]
      },
      "properties": {
        "nom": "Parcours exclusif Tèrra Aventura",
        "identifiant": "FMAAQU086V502N3X",
        "type": "Fête et manifestation",
        "commune": "Monts-sur-Guesnes",
        "code_postal": "86420",
        "departement": "Vienne",
        "region": "Nouvelle-Aquitaine",
        "site_internet": "",
        "createur": "Office de Tourisme du Pays Loudunais"
      }
    },
    {
      "type": "Feature",
      "geometry": {
        "type": "Point",
        "coordinates": [
          -0.7181,
          44.895295
        ]
      },
      "properties": {
        "nom": "Tèrra Aventura \"Escal' en Jall'\"",
        "identifiant": "ASCAQU033V51AZAK",
        "type": "Produit",
        "commune": "Saint-Médard-en-Jalles",
        "code_postal": "33160",
        "departement": "Gironde",
        "region": "Nouvelle-Aquitaine",
        "site_internet": "",
        "createur": "OT Bordeaux Métropole"
      }
    },
    {
      "type": "Feature",
      "geometry": {
        "type": "Point",
        "coordinates": [
          -0.9751561,
          44.3304883
        ]
      },
      "properties": {
        "nom": "Terra Aventura : La Complainte du Tulipier",
        "identifiant": "ASCAQU040V50KC6T",
        "type": "Produit,Lieu",
        "commune": "Ychoux",
        "code_postal": "40160",
        "departement": "Landes",
        "region": "Nouvelle-Aquitaine",
        "site_internet": "https://www.terra-aventura.fr/",
        "createur": "OT Grands Lacs"
      }
    },
    {
      "type": "Feature",
      "geometry": {
        "type": "Point",
        "coordinates": [
          -0.9422694,
          44.6048686
        ]
      },
      "properties": {
        "nom": "Terra Aventura : \"De l'Amazonie dans l'Eyre\"",
        "identifiant": "ASCAQU033V50TB0V",
        "type": "Produit",
        "commune": "Mios",
        "code_postal": "33380",
        "departement": "Gironde",
        "region": "Nouvelle-Aquitaine",
        "site_internet": "https://www.terra-aventura.fr/",
        "createur": "Office de Tourisme Coeur du Bassin d'Arcachon"
      }
    },
    {
      "type": "Feature",
      "geometry": {
        "type": "Point",
        "coordinates": [
          0.87474583,
          44.8117729
        ]
      },
      "properties": {
        "nom": "Tèrra Aventura : Cadouin par un pélerin",
        "identifiant": "ASCAQU024V50F9NW",
        "type": "Produit",
        "commune": "Le Buisson-de-Cadouin",
        "code_postal": "24480",
        "departement": "Dordogne",
        "region": "Nouvelle-Aquitaine",
        "site_internet": "https://www.terra-aventura.fr/caches/cadouin-par-un-pelerin",
        "createur": "Pays de Bergerac, Vignoble & Bastides"
      }
    },
    {
      "type": "Feature",
      "geometry": {
        "type": "Point",
        "coordinates": [
          0.397723,
          44.6685822
        ]
      },
      "properties": {
        "nom": "Tèrra Aventura : Secrets d'Eymet",
        "identifiant": "ASCAQU024V50F9O6",
        "type": "Produit",
        "commune": "Eymet",
        "code_postal": "24500",
        "departement": "Dordogne",
        "region": "Nouvelle-Aquitaine",
        "site_internet": "https://www.terra-aventura.fr/caches/secrets-deymet",
        "createur": "Pays de Bergerac, Vignoble & Bastides"
      }
    },
    {
      "type": "Feature",
      "geometry": {
        "type": "Point",
        "coordinates": [
          0.73947699,
          44.838113
        ]
      },
      "properties": {
        "nom": "Tèrra Aventura : Le Monstre des \"Malpas\"",
        "identifiant": "ASCAQU024V50F9O9",
        "type": "Produit",
        "commune": "Lalinde",
        "code_postal": "24150",
        "departement": "Dordogne",
        "region": "Nouvelle-Aquitaine",
        "site_internet": "https://www.terra-aventura.fr/caches/le-monstre-des-malpas",
        "createur": "Pays de Bergerac, Vignoble & Bastides"
      }
    },
    {
      "type": "Feature",
      "geometry": {
        "type": "Point",
        "coordinates": [
          1.05954128,
          44.9939821
        ]
      },
      "properties": {
        "nom": "Tèrra Aventura : Voyage dans le Moustérien",
        "identifiant": "ASCAQU024V50F9NL",
        "type": "Produit",
        "commune": "Peyzac-le-Moustier",
        "code_postal": "24620",
        "departement": "Dordogne",
        "region": "Nouvelle-Aquitaine",
        "site_internet": "https://www.terra-aventura.fr/",
        "createur": "OT Lascaux Dordogne Vallée Vézère"
      }
    },
    {
      "type": "Feature",
      "geometry": {
        "type": "Point",
        "coordinates": [
          0.94721965,
          44.8800692
        ]
      },
      "properties": {
        "nom": "Tèrra Aventura : Géometrix à Audrix",
        "identifiant": "ASCAQU024V50F9OV",
        "type": "Produit",
        "commune": "Audrix",
        "code_postal": "24260",
        "departement": "Dordogne",
        "region": "Nouvelle-Aquitaine",
        "site_internet": "https://www.terra-aventura.fr/",
        "createur": "OT Lascaux Dordogne Vallée Vézère"
      }
    },
    {
      "type": "Feature",
      "geometry": {
        "type": "Point",
        "coordinates": [
          1.22146061,
          44.7989348
        ]
      },
      "properties": {
        "nom": "Terra Aventura: Domme quelle histoire !",
        "identifiant": "ASCAQU024V50F9OR",
        "type": "Produit",
        "commune": "Domme",
        "code_postal": "24250",
        "departement": "Dordogne",
        "region": "Nouvelle-Aquitaine",
        "site_internet": "",
        "createur": "Périgord Noir Vallée Dordogne"
      }
    },
    {
      "type": "Feature",
      "geometry": {
        "type": "Point",
        "coordinates": [
          0.9581751,
          44.7669505
        ]
      },
      "properties": {
        "nom": "Terra Aventura : l'épée de Zigomatix",
        "identifiant": "ASCAQU024V50F9OC",
        "type": "Produit",
        "commune": "Saint-Pardoux-et-Vielvic",
        "code_postal": "24170",
        "departement": "Dordogne",
        "region": "Nouvelle-Aquitaine",
        "site_internet": "",
        "createur": "Périgord Noir Vallée Dordogne"
      }
    },
    {
      "type": "Feature",
      "geometry": {
        "type": "Point",
        "coordinates": [
          1.205815,
          45.352666
        ]
      },
      "properties": {
        "nom": "Terra Aventura : Maximini Sensations...",
        "identifiant": "ASCAQU024V50FE2O",
        "type": "Produit",
        "commune": "Saint-Mesmin",
        "code_postal": "24270",
        "departement": "Dordogne",
        "region": "Nouvelle-Aquitaine",
        "site_internet": "https://www.naturellementperigord.fr/",
        "createur": "Isle-Auvézère"
      }
    },
    {
      "type": "Feature",
      "geometry": {
        "type": "Point",
        "coordinates": [
          0.49682845,
          45.2535892
        ]
      },
      "properties": {
        "nom": "Terra Aventura : Balade en Tocane",
        "identifiant": "ASCAQU024V50D6BF",
        "type": "Produit,Lieu",
        "commune": "Tocane-Saint-Apre",
        "code_postal": "24350",
        "departement": "Dordogne",
        "region": "Nouvelle-Aquitaine",
        "site_internet": "https://www.perigord-inattendu.fr/",
        "createur": "Val de Dronne"
      }
    },
    {
      "type": "Feature",
      "geometry": {
        "type": "Point",
        "coordinates": [
          -1.149746,
          46.155136
        ]
      },
      "properties": {
        "nom": "Chasse au trésor Terra Aventura",
        "identifiant": "5738207",
        "type": "Lieu",
        "commune": "La Rochelle",
        "code_postal": "17000",
        "departement": "Charente-Maritime",
        "region": "Nouvelle-Aquitaine",
        "site_internet": "http://www.terra-aventura.fr/",
        "createur": "Nous La Rochelle"
      }
    },
    {
      "type": "Feature",
      "geometry": {
        "type": "Point",
        "coordinates": [
          -0.6987174,
          45.2851944
        ]
      },
      "properties": {
        "nom": "Terra Aventura : \"L'envol de Coco\"",
        "identifiant": "ASCAQU033V50OP2O",
        "type": "Produit",
        "commune": "Braud-et-Saint-Louis",
        "code_postal": "33820",
        "departement": "Gironde",
        "region": "Nouvelle-Aquitaine",
        "site_internet": "https://www.terra-aventura.fr/",
        "createur": "OT Saint-Ciers-sur-Gironde"
      }
    },
    {
      "type": "Feature",
      "geometry": {
        "type": "Point",
        "coordinates": [
          0.83929,
          46.68405
        ]
      },
      "properties": {
        "nom": "Tèrra Aventura : Gare à la Trempette !",
        "identifiant": "ASCAQU086V5017CI",
        "type": "Produit,Lieu",
        "commune": "Saint-Pierre-de-Maillé",
        "code_postal": "86260",
        "departement": "Vienne",
        "region": "Nouvelle-Aquitaine",
        "site_internet": "https://www.sudviennepoitou.com/,https://www.terra-aventura.fr/parcours",
        "createur": "Office de Tourisme Sud Vienne Poitou"
      }
    },
    {
      "type": "Feature",
      "geometry": {
        "type": "Point",
        "coordinates": [
          0.23156,
          46.46294
        ]
      },
      "properties": {
        "nom": "Tèrra Aventura : Au Bal Marçay !",
        "identifiant": "ASCAQU086V50184A",
        "type": "Produit,Lieu",
        "commune": "Marçay",
        "code_postal": "86370",
        "departement": "Vienne",
        "region": "Nouvelle-Aquitaine",
        "site_internet": "https://www.terra-aventura.fr/parcours",
        "createur": "Office de Tourisme des Vallées du Clain"
      }
    },
    {
      "type": "Feature",
      "geometry": {
        "type": "Point",
        "coordinates": [
          -1.031723,
          45.618245
        ]
      },
      "properties": {
        "nom": "Tèrra Aventura - Cordouan en VUE(s) !",
        "identifiant": "6473702",
        "type": "Lieu",
        "commune": "Royan",
        "code_postal": "17200",
        "departement": "Charente-Maritime",
        "region": "Nouvelle-Aquitaine",
        "site_internet": "https://www.royanatlantique.fr/",
        "createur": "Royan Atlantique"
      }
    },
    {
      "type": "Feature",
      "geometry": {
        "type": "Point",
        "coordinates": [
          -0.744861,
          42.977603
        ]
      },
      "properties": {
        "nom": "Tèrra Aventura \"Fracas au Braca\"",
        "identifiant": "ASCAQU064V5AF9A9",
        "type": "Produit,Lieu",
        "commune": "Arette",
        "code_postal": "64570",
        "departement": "Pyrénées-Atlantiques",
        "region": "Nouvelle-Aquitaine",
        "site_internet": "https://www.terra-aventura.fr/",
        "createur": "Office de Tourisme du Haut-Béarn"
      }
    },
    {
      "type": "Feature",
      "geometry": {
        "type": "Point",
        "coordinates": [
          1.21418824,
          45.3677021
        ]
      },
      "properties": {
        "nom": "Terra Aventura : C'est en forgeant ...",
        "identifiant": "ASCAQU024V50D68R",
        "type": "Produit",
        "commune": "Savignac-Lédrier",
        "code_postal": "24270",
        "departement": "Dordogne",
        "region": "Nouvelle-Aquitaine",
        "site_internet": "https://www.naturellementperigord.fr/",
        "createur": "Isle-Auvézère"
      }
    },
    {
      "type": "Feature",
      "geometry": {
        "type": "Point",
        "coordinates": [
          -0.404177,
          43.101835
        ]
      },
      "properties": {
        "nom": "Terra Aventura \"A la soupe\"",
        "identifiant": "ASCAQU064V5AR9T6",
        "type": "Produit",
        "commune": "Sainte-Colome",
        "code_postal": "64260",
        "departement": "Pyrénées-Atlantiques",
        "region": "Nouvelle-Aquitaine",
        "site_internet": "https://www.terra-aventura.fr/",
        "createur": "OT Vallée d'Ossau Pyrénées"
      }
    },
    {
      "type": "Feature",
      "geometry": {
        "type": "Point",
        "coordinates": [
          -0.5795463,
          43.3247437
        ]
      },
      "properties": {
        "nom": "Terra Aventura : \"Le Jurançon du succés\"",
        "identifiant": "ASCAQU064V5AR5X5",
        "type": "Produit",
        "commune": "Monein",
        "code_postal": "64360",
        "departement": "Pyrénées-Atlantiques",
        "region": "Nouvelle-Aquitaine",
        "site_internet": "https://www.coeurdebearn.com/",
        "createur": "OT Coeur de Béarn"
      }
    },
    {
      "type": "Feature",
      "geometry": {
        "type": "Point",
        "coordinates": [
          -0.432195,
          43.055106
        ]
      },
      "properties": {
        "nom": "Terra Aventura \"Les clés du Ségrari\"",
        "identifiant": "ASCAQU064V5ARA40",
        "type": "Produit",
        "commune": "Bielle",
        "code_postal": "64260",
        "departement": "Pyrénées-Atlantiques",
        "region": "Nouvelle-Aquitaine",
        "site_internet": "https://www.terra-aventura.fr/",
        "createur": "OT Vallée d'Ossau Pyrénées"
      }
    },
    {
      "type": "Feature",
      "geometry": {
        "type": "Point",
        "coordinates": [
          -0.425753,
          43.159526
        ]
      },
      "properties": {
        "nom": "Terra Aventura \"Transhumance à bicyclette\"",
        "identifiant": "ASCAQU064V5ARA5N",
        "type": "Produit",
        "commune": "Buzy",
        "code_postal": "64260",
        "departement": "Pyrénées-Atlantiques",
        "region": "Nouvelle-Aquitaine",
        "site_internet": "https://www.terra-aventura.fr/",
        "createur": "OT Vallée d'Ossau Pyrénées"
      }
    },
    {
      "type": "Feature",
      "geometry": {
        "type": "Point",
        "coordinates": [
          -0.7705743,
          43.4901535
        ]
      },
      "properties": {
        "nom": "Terra Aventura : \"Via Lemovicensis\"",
        "identifiant": "ASCAQU064V5ATAIE",
        "type": "Produit",
        "commune": "Orthez",
        "code_postal": "64300",
        "departement": "Pyrénées-Atlantiques",
        "region": "Nouvelle-Aquitaine",
        "site_internet": "https://www.coeurdebearn.com/",
        "createur": "OT Coeur de Béarn"
      }
    },
    {
      "type": "Feature",
      "geometry": {
        "type": "Point",
        "coordinates": [
          0.984522,
          45.226234
        ]
      },
      "properties": {
        "nom": "Terra Aventura : Une offre canon !",
        "identifiant": "ASCAQU024V50GK8S",
        "type": "Produit",
        "commune": "Cubjac-Auvézère-Val d'Ans",
        "code_postal": "24640",
        "departement": "Dordogne",
        "region": "Nouvelle-Aquitaine",
        "site_internet": "",
        "createur": "Isle-Auvézère"
      }
    },
    {
      "type": "Feature",
      "geometry": {
        "type": "Point",
        "coordinates": [
          -0.1862953,
          45.0393052
        ]
      },
      "properties": {
        "nom": "Terra Aventura : un drakkar sur mon Isle...",
        "identifiant": "ASCAQU033V50WXM6",
        "type": "Produit",
        "commune": "Guîtres",
        "code_postal": "33230",
        "departement": "Gironde",
        "region": "Nouvelle-Aquitaine",
        "site_internet": "http://www.tourisme-libournais.com/",
        "createur": "OTI du Libournais"
      }
    },
    {
      "type": "Feature",
      "geometry": {
        "type": "Point",
        "coordinates": [
          -1.3312281,
          43.7550777
        ]
      },
      "properties": {
        "nom": "Terra Aventura : Allez les petits",
        "identifiant": "ASCAQU040V50O8CM",
        "type": "Produit",
        "commune": "Soustons",
        "code_postal": "40140",
        "departement": "Landes",
        "region": "Nouvelle-Aquitaine",
        "site_internet": "https://www.terra-aventura.fr/",
        "createur": "OTI LAS"
      }
    },
    {
      "type": "Feature",
      "geometry": {
        "type": "Point",
        "coordinates": [
          -1.1873339,
          43.6563076
        ]
      },
      "properties": {
        "nom": "Terra Aventura : Priorité à babord",
        "identifiant": "ASCAQU040V50O8CP",
        "type": "Produit",
        "commune": "Saubusse",
        "code_postal": "40180",
        "departement": "Landes",
        "region": "Nouvelle-Aquitaine",
        "site_internet": "https://www.terra-aventura.fr/",
        "createur": "OTI LAS"
      }
    },
    {
      "type": "Feature",
      "geometry": {
        "type": "Point",
        "coordinates": [
          -1.3607104,
          43.8505475
        ]
      },
      "properties": {
        "nom": "Terra Aventura : Le Petit Squiroù",
        "identifiant": "ASCAQU040V50O85D",
        "type": "Produit",
        "commune": "Moliets-et-Maa",
        "code_postal": "40660",
        "departement": "Landes",
        "region": "Nouvelle-Aquitaine",
        "site_internet": "https://www.terra-aventura.fr/",
        "createur": "OTI LAS"
      }
    },
    {
      "type": "Feature",
      "geometry": {
        "type": "Point",
        "coordinates": [
          0.603388,
          46.97363
        ]
      },
      "properties": {
        "nom": "Tèrra Aventura : À cheval sur les mots...",
        "identifiant": "ASCAQU086V503E56",
        "type": "Produit,Lieu",
        "commune": "Les Ormes",
        "code_postal": "86220",
        "departement": "Vienne",
        "region": "Nouvelle-Aquitaine",
        "site_internet": "https://www.tourisme-chatellerault.fr/,https://www.terra-aventura.fr/parcours",
        "createur": "Office de Tourisme de Grand Châtellerault"
      }
    },
    {
      "type": "Feature",
      "geometry": {
        "type": "Point",
        "coordinates": [
          0.664866,
          46.444209
        ]
      },
      "properties": {
        "nom": "Tèrra Aventura : L’Apprentie Dragonologue",
        "identifiant": "ASCAQU086V502SDP",
        "type": "Produit,Lieu",
        "commune": "Civaux",
        "code_postal": "86320",
        "departement": "Vienne",
        "region": "Nouvelle-Aquitaine",
        "site_internet": "https://www.terra-aventura.fr/parcours",
        "createur": "Office de Tourisme Sud Vienne Poitou"
      }
    },
    {
      "type": "Feature",
      "geometry": {
        "type": "Point",
        "coordinates": [
          -1.056528,
          46.105817
        ]
      },
      "properties": {
        "nom": "Terra Aventura La Rosière à rosier...",
        "identifiant": "7430980",
        "type": "Lieu",
        "commune": "Châtelaillon-Plage",
        "code_postal": "17340",
        "departement": "Charente-Maritime",
        "region": "Nouvelle-Aquitaine",
        "site_internet": "",
        "createur": "Office de Tourisme de Châtelaillon-Plage"
      }
    },
    {
      "type": "Feature",
      "geometry": {
        "type": "Point",
        "coordinates": [
          0.88396853,
          45.6575853
        ]
      },
      "properties": {
        "nom": "Tèrra Aventura : La bande à Burgou",
        "identifiant": "ASCAQU087V503DAW",
        "type": "Produit",
        "commune": "Dournazac",
        "code_postal": "87230",
        "departement": "Haute-Vienne",
        "region": "Nouvelle-Aquitaine",
        "site_internet": "https://www.terra-aventura.fr/caches/la-bande-a-burgou",
        "createur": "OT Pays de Nexon - Monts de Châlus"
      }
    },
    {
      "type": "Feature",
      "geometry": {
        "type": "Point",
        "coordinates": [
          -0.99327,
          46.308928
        ]
      },
      "properties": {
        "nom": "Tèrra Aventura - Qui vole un oeuf...",
        "identifiant": "5832514",
        "type": "Lieu",
        "commune": "Marans",
        "code_postal": "17230",
        "departement": "Charente-Maritime",
        "region": "Nouvelle-Aquitaine",
        "site_internet": "https://www.aunis-maraispoitevin.com/",
        "createur": "Le Comptoir Local® - Office de Tourisme Aunis Marais Poitevin"
      }
    },
    {
      "type": "Feature",
      "geometry": {
        "type": "Point",
        "coordinates": [
          -0.79523,
          45.477107
        ]
      },
      "properties": {
        "nom": "Tèrra Aventura - Les Moutonniers de l'Estuaire",
        "identifiant": "5772321",
        "type": "Lieu",
        "commune": "Mortagne-sur-Gironde",
        "code_postal": "17120",
        "departement": "Charente-Maritime",
        "region": "Nouvelle-Aquitaine",
        "site_internet": "",
        "createur": "Royan Atlantique"
      }
    },
    {
      "type": "Feature",
      "geometry": {
        "type": "Point",
        "coordinates": [
          -0.706472,
          45.96762
        ]
      },
      "properties": {
        "nom": "Tèrra Aventura - Tonnay-Boutonne",
        "identifiant": "5859889",
        "type": "Lieu",
        "commune": "Tonnay-Boutonne",
        "code_postal": "17380",
        "departement": "Charente-Maritime",
        "region": "Nouvelle-Aquitaine",
        "site_internet": "https://www.destinationvalsdesaintonge.com/,https://www.terra-aventura.fr/",
        "createur": "Office de Tourisme des Vals de Saintonge"
      }
    },
    {
      "type": "Feature",
      "geometry": {
        "type": "Point",
        "coordinates": [
          -0.965474,
          45.939117
        ]
      },
      "properties": {
        "nom": "Parcours Géocaching Tèrra Aventura",
        "identifiant": "5761146",
        "type": "Lieu",
        "commune": "Rochefort",
        "code_postal": "17300",
        "departement": "Charente-Maritime",
        "region": "Nouvelle-Aquitaine",
        "site_internet": "https://www.rochefort-ocean.com/,https://www.terra-aventura.fr/",
        "createur": "Office de Tourisme Rochefort Océan"
      }
    },
    {
      "type": "Feature",
      "geometry": {
        "type": "Point",
        "coordinates": [
          -0.354897,
          46.022935
        ]
      },
      "properties": {
        "nom": "Térra aventura - Aulnay-de-Saintonge",
        "identifiant": "5859484",
        "type": "Lieu",
        "commune": "Aulnay",
        "code_postal": "17470",
        "departement": "Charente-Maritime",
        "region": "Nouvelle-Aquitaine",
        "site_internet": "https://www.destinationvalsdesaintonge.com/,https://www.terra-aventura.fr/",
        "createur": "Office de Tourisme des Vals de Saintonge"
      }
    },
    {
      "type": "Feature",
      "geometry": {
        "type": "Point",
        "coordinates": [
          -0.752233,
          46.105104
        ]
      },
      "properties": {
        "nom": "Tèrra Aventura - Surgères, inspire-moi!",
        "identifiant": "5832895",
        "type": "Lieu",
        "commune": "Surgères",
        "code_postal": "17700",
        "departement": "Charente-Maritime",
        "region": "Nouvelle-Aquitaine",
        "site_internet": "https://www.aunis-maraispoitevin.com/",
        "createur": "Le Comptoir Local® - Office de Tourisme Aunis Marais Poitevin"
      }
    },
    {
      "type": "Feature",
      "geometry": {
        "type": "Point",
        "coordinates": [
          -0.893173,
          45.944518
        ]
      },
      "properties": {
        "nom": "Parcours Géocaching Tèrra Aventura",
        "identifiant": "5761145",
        "type": "Lieu",
        "commune": "Tonnay-Charente",
        "code_postal": "17430",
        "departement": "Charente-Maritime",
        "region": "Nouvelle-Aquitaine",
        "site_internet": "https://www.rochefort-ocean.com/,https://www.terra-aventura.fr/",
        "createur": "Office de Tourisme Rochefort Océan"
      }
    },
    {
      "type": "Feature",
      "geometry": {
        "type": "Point",
        "coordinates": [
          -0.48761,
          46.028991
        ]
      },
      "properties": {
        "nom": "Tèrra aventura - La Jarrie-Audouin",
        "identifiant": "5859860",
        "type": "Lieu",
        "commune": "La Jarrie-Audouin",
        "code_postal": "17330",
        "departement": "Charente-Maritime",
        "region": "Nouvelle-Aquitaine",
        "site_internet": "https://www.destinationvalsdesaintonge.com/,https://www.terra-aventura.fr/",
        "createur": "Office de Tourisme des Vals de Saintonge"
      }
    },
    {
      "type": "Feature",
      "geometry": {
        "type": "Point",
        "coordinates": [
          -0.762311,
          43.323199
        ]
      },
      "properties": {
        "nom": "Tèrra Aventura : La carapate de la tortue",
        "identifiant": "ASCAQU064V5A9XZJ",
        "type": "Produit",
        "commune": "Navarrenx",
        "code_postal": "64190",
        "departement": "Pyrénées-Atlantiques",
        "region": "Nouvelle-Aquitaine",
        "site_internet": "",
        "createur": "OT Béarn des Gaves"
      }
    },
    {
      "type": "Feature",
      "geometry": {
        "type": "Point",
        "coordinates": [
          0.44122897,
          44.9408595
        ]
      },
      "properties": {
        "nom": "Terra Aventura : Retour aux sources",
        "identifiant": "ASCAQU024V50EZXF",
        "type": "Produit,Lieu",
        "commune": "Eyraud-Crempse-Maurens",
        "code_postal": "24130",
        "departement": "Dordogne",
        "region": "Nouvelle-Aquitaine",
        "site_internet": "https://www.terra-aventura.fr/comment-jouer",
        "createur": "Vallée de l'Isle en Périgord"
      }
    },
    {
      "type": "Feature",
      "geometry": {
        "type": "Point",
        "coordinates": [
          1.19053,
          44.74271
        ]
      },
      "properties": {
        "nom": "Terra Aventura : Daglan, capitale",
        "identifiant": "ASCAQU024V50MPWN",
        "type": "Produit",
        "commune": "Daglan",
        "code_postal": "24250",
        "departement": "Dordogne",
        "region": "Nouvelle-Aquitaine",
        "site_internet": "",
        "createur": "Périgord Noir Vallée Dordogne"
      }
    },
    {
      "type": "Feature",
      "geometry": {
        "type": "Point",
        "coordinates": [
          -1.091045,
          46.078322
        ]
      },
      "properties": {
        "nom": "Terra Aventura : La bête dans le guidon",
        "identifiant": "5700546",
        "type": "Lieu",
        "commune": "Châtelaillon-Plage",
        "code_postal": "17340",
        "departement": "Charente-Maritime",
        "region": "Nouvelle-Aquitaine",
        "site_internet": "",
        "createur": "Office de Tourisme de Châtelaillon-Plage"
      }
    },
    {
      "type": "Feature",
      "geometry": {
        "type": "Point",
        "coordinates": [
          -0.83469,
          45.25043
        ]
      },
      "properties": {
        "nom": "Terra Aventura : Au Nom de la Rose",
        "identifiant": "ASCAQU033V50X4WR",
        "type": "Produit",
        "commune": "Vertheuil",
        "code_postal": "33180",
        "departement": "Gironde",
        "region": "Nouvelle-Aquitaine",
        "site_internet": "https://www.terra-aventura.fr/parcours",
        "createur": "OT Médoc-Vignoble"
      }
    },
    {
      "type": "Feature",
      "geometry": {
        "type": "Point",
        "coordinates": [
          1.1490616,
          45.2595246
        ]
      },
      "properties": {
        "nom": "Terra Aventura : Altus et \"Fortiche\"",
        "identifiant": "ASCAQU024V50GP99",
        "type": "Produit",
        "commune": "Hautefort",
        "code_postal": "24390",
        "departement": "Dordogne",
        "region": "Nouvelle-Aquitaine",
        "site_internet": "",
        "createur": "Vézère Périgord Noir"
      }
    },
    {
      "type": "Feature",
      "geometry": {
        "type": "Point",
        "coordinates": [
          -1.226676,
          43.629929
        ]
      },
      "properties": {
        "nom": "Terra Aventura : 1,2,3... Barthais",
        "identifiant": "ASCAQU040V50RBNV",
        "type": "Produit",
        "commune": "Josse",
        "code_postal": "40230",
        "departement": "Landes",
        "region": "Nouvelle-Aquitaine",
        "site_internet": "https://www.terra-aventura.fr/",
        "createur": "OTI LAS"
      }
    },
    {
      "type": "Feature",
      "geometry": {
        "type": "Point",
        "coordinates": [
          -0.53053,
          44.8583
        ]
      },
      "properties": {
        "nom": "Terra Aventura : \"Cyprès du but...\"",
        "identifiant": "ASCAQU033V50Z5EC",
        "type": "Produit",
        "commune": "Cenon",
        "code_postal": "33150",
        "departement": "Gironde",
        "region": "Nouvelle-Aquitaine",
        "site_internet": "https://www.terra-aventura.fr/",
        "createur": "OT Bordeaux Métropole"
      }
    },
    {
      "type": "Feature",
      "geometry": {
        "type": "Point",
        "coordinates": [
          -0.51644,
          44.83939
        ]
      },
      "properties": {
        "nom": "Tèrra Aventura : \"La tête dans les z’étoiles\"",
        "identifiant": "ASCAQU033V50Z5EH",
        "type": "Produit",
        "commune": "Floirac",
        "code_postal": "33270",
        "departement": "Gironde",
        "region": "Nouvelle-Aquitaine",
        "site_internet": "https://www.terra-aventura.fr/",
        "createur": "OT Bordeaux Métropole"
      }
    },
    {
      "type": "Feature",
      "geometry": {
        "type": "Point",
        "coordinates": [
          -1.0500122,
          43.7129299
        ]
      },
      "properties": {
        "nom": "Terra Aventura : Le périple du légionnaire",
        "identifiant": "ASCAQU040V50RL7N",
        "type": "Produit",
        "commune": "Dax",
        "code_postal": "40100",
        "departement": "Landes",
        "region": "Nouvelle-Aquitaine",
        "site_internet": "https://www.terra-aventura.fr/",
        "createur": "OT Grand Dax"
      }
    },
    {
      "type": "Feature",
      "geometry": {
        "type": "Point",
        "coordinates": [
          -1.1208751,
          43.7085592
        ]
      },
      "properties": {
        "nom": "Terra Aventura : La tourbière aux sesterces",
        "identifiant": "ASCAQU040V50RL9C",
        "type": "Produit",
        "commune": "Mées",
        "code_postal": "40990",
        "departement": "Landes",
        "region": "Nouvelle-Aquitaine",
        "site_internet": "https://www.terra-aventura.fr/",
        "createur": "OT Grand Dax"
      }
    },
    {
      "type": "Feature",
      "geometry": {
        "type": "Point",
        "coordinates": [
          -1.0672422,
          43.7352633
        ]
      },
      "properties": {
        "nom": "Terra Aventura : Les bâtisseurs de Christus",
        "identifiant": "ASCAQU040V50RL8L",
        "type": "Produit",
        "commune": "Saint-Paul-lès-Dax",
        "code_postal": "40990",
        "departement": "Landes",
        "region": "Nouvelle-Aquitaine",
        "site_internet": "https://www.terra-aventura.fr/",
        "createur": "OT Grand Dax"
      }
    },
    {
      "type": "Feature",
      "geometry": {
        "type": "Point",
        "coordinates": [
          1.196951,
          45.311843
        ]
      },
      "properties": {
        "nom": "Terra Aventura : Para' Siempre",
        "identifiant": "ASCAQU024V50HZMO",
        "type": "Produit",
        "commune": "Salagnac",
        "code_postal": "24160",
        "departement": "Dordogne",
        "region": "Nouvelle-Aquitaine",
        "site_internet": "https://www.naturellementperigord.fr/",
        "createur": "Isle-Auvézère"
      }
    },
    {
      "type": "Feature",
      "geometry": {
        "type": "Point",
        "coordinates": [
          1.05883,
          45.27074
        ]
      },
      "properties": {
        "nom": "Terra Aventura : Le Roi des Mapuches",
        "identifiant": "ASCAQU024V50I1UA",
        "type": "Produit",
        "commune": "Tourtoirac",
        "code_postal": "24390",
        "departement": "Dordogne",
        "region": "Nouvelle-Aquitaine",
        "site_internet": "",
        "createur": "Vézère Périgord Noir"
      }
    },
    {
      "type": "Feature",
      "geometry": {
        "type": "Point",
        "coordinates": [
          -1.096897,
          45.985791
        ]
      },
      "properties": {
        "nom": "Parcours Géocaching Tèrra Aventura",
        "identifiant": "5761144",
        "type": "Lieu",
        "commune": "Fouras",
        "code_postal": "17450",
        "departement": "Charente-Maritime",
        "region": "Nouvelle-Aquitaine",
        "site_internet": "https://www.rochefort-ocean.com/,https://www.terra-aventura.fr/",
        "createur": "Office de Tourisme Rochefort Océan"
      }
    },
    {
      "type": "Feature",
      "geometry": {
        "type": "Point",
        "coordinates": [
          -1.06281,
          45.54552
        ]
      },
      "properties": {
        "nom": "Tèrra Aventura : Cordouan En Vue(s)",
        "identifiant": "ASCAQU033V513YFW",
        "type": "Produit",
        "commune": "Le Verdon-sur-Mer",
        "code_postal": "33123",
        "departement": "Gironde",
        "region": "Nouvelle-Aquitaine",
        "site_internet": "https://www.terra-aventura.fr/",
        "createur": "OT Médoc Atlantique"
      }
    },
    {
      "type": "Feature",
      "geometry": {
        "type": "Point",
        "coordinates": [
          0.272166,
          46.5681728
        ]
      },
      "properties": {
        "nom": "Tèrra Aventura : La Grande Illuz'ion !",
        "identifiant": "ASCAQU086V501AEE",
        "type": "Produit,Lieu",
        "commune": "Vouneuil-sous-Biard",
        "code_postal": "86580",
        "departement": "Vienne",
        "region": "Nouvelle-Aquitaine",
        "site_internet": "https://www.terra-aventura.fr/parcours",
        "createur": "Office de Tourisme de Grand Poitiers"
      }
    },
    {
      "type": "Feature",
      "geometry": {
        "type": "Point",
        "coordinates": [
          0.695616305,
          46.9531675
        ]
      },
      "properties": {
        "nom": "Tèrra Aventura : La sorcière des troglo’",
        "identifiant": "ASCAQU086V5012MY",
        "type": "Produit,Lieu",
        "commune": "Saint-Rémy-sur-Creuse",
        "code_postal": "86220",
        "departement": "Vienne",
        "region": "Nouvelle-Aquitaine",
        "site_internet": "https://www.tourisme-chatellerault.fr/,https://www.terra-aventura.fr/parcours",
        "createur": "Office de Tourisme de Grand Châtellerault"
      }
    },
    {
      "type": "Feature",
      "geometry": {
        "type": "Point",
        "coordinates": [
          0.54202957,
          46.8201596
        ]
      },
      "properties": {
        "nom": "Tèrra Aventura : Surchauffe à la Manu !",
        "identifiant": "ASCAQU086V5012MV",
        "type": "Produit,Lieu",
        "commune": "Châtellerault",
        "code_postal": "86100",
        "departement": "Vienne",
        "region": "Nouvelle-Aquitaine",
        "site_internet": "https://www.tourisme-chatellerault.fr/,https://www.terra-aventura.fr/parcours",
        "createur": "Office de Tourisme de Grand Châtellerault"
      }
    },
    {
      "type": "Feature",
      "geometry": {
        "type": "Point",
        "coordinates": [
          0.53611848,
          46.773131
        ]
      },
      "properties": {
        "nom": "Tèrra Aventura : Tous à la Guinguette",
        "identifiant": "ASCAQU086V5016DB",
        "type": "Produit,Lieu",
        "commune": "Cenon-sur-Vienne",
        "code_postal": "86530",
        "departement": "Vienne",
        "region": "Nouvelle-Aquitaine",
        "site_internet": "https://www.tourisme-chatellerault.fr/,https://www.terra-aventura.fr/parcours",
        "createur": "Office de Tourisme de Grand Châtellerault"
      }
    },
    {
      "type": "Feature",
      "geometry": {
        "type": "Point",
        "coordinates": [
          -1.096724,
          46.08305
        ]
      },
      "properties": {
        "nom": "Terra Aventura : Beauséjour à Châtel",
        "identifiant": "5700446",
        "type": "Lieu",
        "commune": "Châtelaillon-Plage",
        "code_postal": "17340",
        "departement": "Charente-Maritime",
        "region": "Nouvelle-Aquitaine",
        "site_internet": "",
        "createur": "Office de Tourisme de Châtelaillon-Plage"
      }
    },
    {
      "type": "Feature",
      "geometry": {
        "type": "Point",
        "coordinates": [
          -0.536071,
          44.044421
        ]
      },
      "properties": {
        "nom": "Parcours Terra Aventura \" Que la forge soit avec vous ! \"",
        "identifiant": "ASCAQU040V5125T6",
        "type": "Produit",
        "commune": "Brocas",
        "code_postal": "40420",
        "departement": "Landes",
        "region": "Nouvelle-Aquitaine",
        "site_internet": "",
        "createur": "OT Cœur Haute Lande"
      }
    },
    {
      "type": "Feature",
      "geometry": {
        "type": "Point",
        "coordinates": [
          0.32046601,
          44.1971751
        ]
      },
      "properties": {
        "nom": "Circuit Tèrra Aventura : Une louve dans la bastide",
        "identifiant": "ASCAQU047V50B28U",
        "type": "Produit",
        "commune": "Vianne",
        "code_postal": "47230",
        "departement": "Lot-et-Garonne",
        "region": "Nouvelle-Aquitaine",
        "site_internet": "https://albret-tourisme.com/terra-aventura-en-albret/,https://www.terra-aventura.fr/",
        "createur": "OT de l'Albret"
      }
    },
    {
      "type": "Feature",
      "geometry": {
        "type": "Point",
        "coordinates": [
          -0.105553,
          43.99459
        ]
      },
      "properties": {
        "nom": "Séjour Terra Aventura en Landes d'Armagnac",
        "identifiant": "OP031AQU040V512Q38",
        "type": "Produit",
        "commune": "Créon-d'Armagnac",
        "code_postal": "40240",
        "departement": "Landes",
        "region": "Nouvelle-Aquitaine",
        "site_internet": "https://www.lepoutic.fr/,https://www.lepoutic.fr/",
        "createur": "CDT 40"
      }
    },
    {
      "type": "Feature",
      "geometry": {
        "type": "Point",
        "coordinates": [
          -0.591035,
          43.657132
        ]
      },
      "properties": {
        "nom": "Séjour Terra Aventura en Landes Chalosse",
        "identifiant": "OP031AQU040V50YH25",
        "type": "Produit",
        "commune": "Hagetmau",
        "code_postal": "40700",
        "departement": "Landes",
        "region": "Nouvelle-Aquitaine",
        "site_internet": "https://pbbats.wixsite.com/chambre-dhotes-bats,https://pbbats.wixsite.com/chambre-dhotes-bats",
        "createur": "CDT 40"
      }
    },
    {
      "type": "Feature",
      "geometry": {
        "type": "Point",
        "coordinates": [
          0.73692546,
          44.1163303
        ]
      },
      "properties": {
        "nom": "Circuit Tèrra Aventura : Caudecoste à l'essai !",
        "identifiant": "ASCAQU047V50NGLB",
        "type": "Produit",
        "commune": "Caudecoste",
        "code_postal": "47220",
        "departement": "Lot-et-Garonne",
        "region": "Nouvelle-Aquitaine",
        "site_internet": "http://www.destination-agen.fr/,https://www.terra-aventura.fr/",
        "createur": "OT Destination Agen"
      }
    },
    {
      "type": "Feature",
      "geometry": {
        "type": "Point",
        "coordinates": [
          0.288937,
          44.627846
        ]
      },
      "properties": {
        "nom": "Circuit Tèrra Aventura : Les pigments de Guyenne",
        "identifiant": "ASCAQU047V5091VS",
        "type": "Produit",
        "commune": "Allemans-du-Dropt",
        "code_postal": "47800",
        "departement": "Lot-et-Garonne",
        "region": "Nouvelle-Aquitaine",
        "site_internet": "http://www.paysdelauzun.com/,https://www.terra-aventura.fr/",
        "createur": "OT du Pays de Lauzun"
      }
    },
    {
      "type": "Feature",
      "geometry": {
        "type": "Point",
        "coordinates": [
          0.96980502,
          44.4981757
        ]
      },
      "properties": {
        "nom": "Circuit Tèrra Aventura : Les barons aux fourneaux",
        "identifiant": "ASCAQU047V5091YK",
        "type": "Produit",
        "commune": "Fumel",
        "code_postal": "47500",
        "departement": "Lot-et-Garonne",
        "region": "Nouvelle-Aquitaine",
        "site_internet": "http://www.tourisme-fumel.com/,https://www.terra-aventura.fr/",
        "createur": "OT Vallée du Lot et Garonne"
      }
    },
    {
      "type": "Feature",
      "geometry": {
        "type": "Point",
        "coordinates": [
          0.01825989,
          44.456262
        ]
      },
      "properties": {
        "nom": "Circuit Tèrra Aventura : Gare aux barriques !",
        "identifiant": "ASCAQU047V5093AZ",
        "type": "Produit",
        "commune": "Cocumont",
        "code_postal": "47250",
        "departement": "Lot-et-Garonne",
        "region": "Nouvelle-Aquitaine",
        "site_internet": "https://www.valdegaronne-tourisme.com/,https://www.terra-aventura.fr/",
        "createur": "OT Val de Garonne"
      }
    },
    {
      "type": "Feature",
      "geometry": {
        "type": "Point",
        "coordinates": [
          0.17945727,
          44.676567
        ]
      },
      "properties": {
        "nom": "Circuit Tèrra Aventura : Le nectar des Ducs",
        "identifiant": "ASCAQU047V5091X1",
        "type": "Produit,Lieu",
        "commune": "Duras",
        "code_postal": "47120",
        "departement": "Lot-et-Garonne",
        "region": "Nouvelle-Aquitaine",
        "site_internet": "https://tourismeduras.com/,https://www.terra-aventura.fr/",
        "createur": "OT du Pays de Duras - CDT47"
      }
    },
    {
      "type": "Feature",
      "geometry": {
        "type": "Point",
        "coordinates": [
          0.37624906,
          44.3601692
        ]
      },
      "properties": {
        "nom": "Circuit Tèrra Aventura : Pérégrination fond’ente",
        "identifiant": "ASCAQU047V50939X",
        "type": "Produit",
        "commune": "Clairac",
        "code_postal": "47320",
        "departement": "Lot-et-Garonne",
        "region": "Nouvelle-Aquitaine",
        "site_internet": "https://www.valdegaronne-tourisme.com/,https://www.terra-aventura.fr/",
        "createur": "OT Val de Garonne"
      }
    },
    {
      "type": "Feature",
      "geometry": {
        "type": "Point",
        "coordinates": [
          0.29484186,
          44.455481
        ]
      },
      "properties": {
        "nom": "Circuit Tèrra Aventura : Sur le carreau de la halle",
        "identifiant": "ASCAQU047V50AQXV",
        "type": "Produit",
        "commune": "Gontaud-de-Nogaret",
        "code_postal": "47400",
        "departement": "Lot-et-Garonne",
        "region": "Nouvelle-Aquitaine",
        "site_internet": "https://www.valdegaronne-tourisme.com/,https://www.terra-aventura.fr/",
        "createur": "OT Val de Garonne"
      }
    },
    {
      "type": "Feature",
      "geometry": {
        "type": "Point",
        "coordinates": [
          0.29353176,
          44.7309525
        ]
      },
      "properties": {
        "nom": "Circuit Tèrra Aventura : Les lutins de Puychagut",
        "identifiant": "ASCAQU047V50AP3A",
        "type": "Produit,Lieu",
        "commune": "Loubès-Bernac",
        "code_postal": "47120",
        "departement": "Lot-et-Garonne",
        "region": "Nouvelle-Aquitaine",
        "site_internet": "https://tourismeduras.com/,https://www.terra-aventura.fr/",
        "createur": "OT du Pays de Duras - CDT47"
      }
    },
    {
      "type": "Feature",
      "geometry": {
        "type": "Point",
        "coordinates": [
          0.97473403,
          44.9067953
        ]
      },
      "properties": {
        "nom": "Tèrra Aventura : Un Mystère qui ne manque pas de piquant",
        "identifiant": "ASCAQU024V50LDNZ",
        "type": "Produit",
        "commune": "Campagne",
        "code_postal": "24260",
        "departement": "Dordogne",
        "region": "Nouvelle-Aquitaine",
        "site_internet": "https://www.terra-aventura.fr/",
        "createur": "OT Lascaux Dordogne Vallée Vézère"
      }
    },
    {
      "type": "Feature",
      "geometry": {
        "type": "Point",
        "coordinates": [
          0.51487078,
          44.1781419
        ]
      },
      "properties": {
        "nom": "Circuit Tèrra Aventura : La Blanche évaz'ion",
        "identifiant": "ASCAQU047V50IRQ3",
        "type": "Produit",
        "commune": "Sainte-Colombe-en-Bruilhois",
        "code_postal": "47310",
        "departement": "Lot-et-Garonne",
        "region": "Nouvelle-Aquitaine",
        "site_internet": "http://www.destination-agen.fr/,https://www.terra-aventura.fr/",
        "createur": "OT Destination Agen"
      }
    },
    {
      "type": "Feature",
      "geometry": {
        "type": "Point",
        "coordinates": [
          -1.0737394,
          43.0416151
        ]
      },
      "properties": {
        "nom": "Terra Aventura - Artzaina eta ardiak",
        "identifiant": "ASCAQU064V5AR4F2",
        "type": "Produit",
        "commune": "Mendive",
        "code_postal": "64220",
        "departement": "Pyrénées-Atlantiques",
        "region": "Nouvelle-Aquitaine",
        "site_internet": "",
        "createur": "Office de Tourisme Pays Basque"
      }
    },
    {
      "type": "Feature",
      "geometry": {
        "type": "Point",
        "coordinates": [
          1.26388,
          45.82826
        ]
      },
      "properties": {
        "nom": "Tèrra Aventura : Limoges belle de nuit",
        "identifiant": "ASCAQU087V500JL7",
        "type": "Produit",
        "commune": "Limoges",
        "code_postal": "87000",
        "departement": "Haute-Vienne",
        "region": "Nouvelle-Aquitaine",
        "site_internet": "https://www.terra-aventura.fr/caches/limoges-belle-de-nuit",
        "createur": "OT Limoges Métropole"
      }
    },
    {
      "type": "Feature",
      "geometry": {
        "type": "Point",
        "coordinates": [
          1.208379,
          46.167121
        ]
      },
      "properties": {
        "nom": "Tèrra Aventura : Retour à la belle époque !",
        "identifiant": "ASCAQU087V500A9J",
        "type": "Produit",
        "commune": "Magnac-Laval",
        "code_postal": "87190",
        "departement": "Haute-Vienne",
        "region": "Nouvelle-Aquitaine",
        "site_internet": "https://www.terra-aventura.fr/caches/retour-la-belle-epoque",
        "createur": "CRT_NA"
      }
    },
    {
      "type": "Feature",
      "geometry": {
        "type": "Point",
        "coordinates": [
          0.97602049,
          45.6519887
        ]
      },
      "properties": {
        "nom": "Tèrra Aventura : Adhémar, sur les chapeaux de roues",
        "identifiant": "ASCAQU087V500A9W",
        "type": "Produit",
        "commune": "Châlus",
        "code_postal": "87230",
        "departement": "Haute-Vienne",
        "region": "Nouvelle-Aquitaine",
        "site_internet": "https://www.terra-aventura.fr/caches/adhemar-sur-les-chapeaux-de-roues",
        "createur": "CRT_NA"
      }
    },
    {
      "type": "Feature",
      "geometry": {
        "type": "Point",
        "coordinates": [
          1.27608776,
          46.132683
        ]
      },
      "properties": {
        "nom": "Tèrra Aventura : Châteauponsac, Perle de la Gartempe",
        "identifiant": "ASCAQU087V500A7O",
        "type": "Produit",
        "commune": "Châteauponsac",
        "code_postal": "87290",
        "departement": "Haute-Vienne",
        "region": "Nouvelle-Aquitaine",
        "site_internet": "https://www.terra-aventura.fr/caches/chateauponsac-perle-de-la-gartempe",
        "createur": "CRT_NA"
      }
    },
    {
      "type": "Feature",
      "geometry": {
        "type": "Point",
        "coordinates": [
          0.95633,
          46.04114
        ]
      },
      "properties": {
        "nom": "Tèrra Aventura : Au cœur de la Mer Morte",
        "identifiant": "ASCAQU087V500A71",
        "type": "Produit",
        "commune": "Mortemart",
        "code_postal": "87330",
        "departement": "Haute-Vienne",
        "region": "Nouvelle-Aquitaine",
        "site_internet": "https://www.terra-aventura.fr/caches/au-coeur-de-la-mer-morte",
        "createur": "CRT_NA"
      }
    },
    {
      "type": "Feature",
      "geometry": {
        "type": "Point",
        "coordinates": [
          0.90345982,
          45.8897275
        ]
      },
      "properties": {
        "nom": "Tèrra Aventura : Aux portes de la cité gantière",
        "identifiant": "ASCAQU087V500AAU",
        "type": "Produit",
        "commune": "Saint-Junien",
        "code_postal": "87200",
        "departement": "Haute-Vienne",
        "region": "Nouvelle-Aquitaine",
        "site_internet": "https://www.terra-aventura.fr/caches/aux-portes-de-la-cite-gantiere",
        "createur": "CRT_NA"
      }
    },
    {
      "type": "Feature",
      "geometry": {
        "type": "Point",
        "coordinates": [
          1.182458,
          46.131799
        ]
      },
      "properties": {
        "nom": "Tèrra Aventura : La quête du château de Geoffroy",
        "identifiant": "ASCAQU087V500A7M",
        "type": "Produit",
        "commune": "Châteauponsac",
        "code_postal": "87290",
        "departement": "Haute-Vienne",
        "region": "Nouvelle-Aquitaine",
        "site_internet": "https://www.terra-aventura.fr/caches/la-quete-du-chateau-de-geoffroy",
        "createur": "CRT_NA"
      }
    },
    {
      "type": "Feature",
      "geometry": {
        "type": "Point",
        "coordinates": [
          1.287318,
          46.087909
        ]
      },
      "properties": {
        "nom": "Tèrra Aventura : Nom de code : Bayeux",
        "identifiant": "ASCAQU087V500A7P",
        "type": "Produit",
        "commune": "Châteauponsac",
        "code_postal": "87290",
        "departement": "Haute-Vienne",
        "region": "Nouvelle-Aquitaine",
        "site_internet": "https://www.terra-aventura.fr/caches/nom-de-code-bayeux",
        "createur": "CRT_NA"
      }
    },
    {
      "type": "Feature",
      "geometry": {
        "type": "Point",
        "coordinates": [
          1.07949962,
          46.2152871
        ]
      },
      "properties": {
        "nom": "Tèrra Aventura : Les empreintes de l’Ange doré",
        "identifiant": "ASCAQU087V500A8Z",
        "type": "Produit",
        "commune": "Le Dorat",
        "code_postal": "87210",
        "departement": "Haute-Vienne",
        "region": "Nouvelle-Aquitaine",
        "site_internet": "https://www.terra-aventura.fr/caches/les-empreintes-de-lange-dore",
        "createur": "CRT_NA"
      }
    },
    {
      "type": "Feature",
      "geometry": {
        "type": "Point",
        "coordinates": [
          0.85168744,
          46.048721
        ]
      },
      "properties": {
        "nom": "Tèrra Aventura : A la poursuite de la Mandragore",
        "identifiant": "ASCAQU087V500A6Y",
        "type": "Produit",
        "commune": "Val d'Issoire",
        "code_postal": "87330",
        "departement": "Haute-Vienne",
        "region": "Nouvelle-Aquitaine",
        "site_internet": "https://www.terra-aventura.fr/caches/la-poursuite-de-la-mandragore",
        "createur": "CRT_NA"
      }
    },
    {
      "type": "Feature",
      "geometry": {
        "type": "Point",
        "coordinates": [
          1.188669,
          45.6764637
        ]
      },
      "properties": {
        "nom": "Tèrra Aventura : Qu'est-ce que c’est que ce Sirque ?",
        "identifiant": "ASCAQU087V500A9V",
        "type": "Produit",
        "commune": "Nexon",
        "code_postal": "87800",
        "departement": "Haute-Vienne",
        "region": "Nouvelle-Aquitaine",
        "site_internet": "https://www.terra-aventura.fr/caches/quest-ce-que-cest-que-ce-sirque",
        "createur": "CRT_NA"
      }
    },
    {
      "type": "Feature",
      "geometry": {
        "type": "Point",
        "coordinates": [
          1.0504833,
          46.1207167
        ]
      },
      "properties": {
        "nom": "Tèrra Aventura : Rien ne sert de courir...",
        "identifiant": "ASCAQU087V500A6X",
        "type": "Produit",
        "commune": "Bellac",
        "code_postal": "87300",
        "departement": "Haute-Vienne",
        "region": "Nouvelle-Aquitaine",
        "site_internet": "https://www.terra-aventura.fr/caches/rien-ne-sert-de-courir",
        "createur": "CRT_NA"
      }
    },
    {
      "type": "Feature",
      "geometry": {
        "type": "Point",
        "coordinates": [
          1.27416,
          45.99247
        ]
      },
      "properties": {
        "nom": "Terra Aventura : Voyage au pays des fées",
        "identifiant": "ASCAQU087V500A74",
        "type": "Produit",
        "commune": "Compreignac",
        "code_postal": "87140",
        "departement": "Haute-Vienne",
        "region": "Nouvelle-Aquitaine",
        "site_internet": "https://www.terra-aventura.fr/caches/voyage-au-pays-des-fees",
        "createur": "CRT_NA"
      }
    },
    {
      "type": "Feature",
      "geometry": {
        "type": "Point",
        "coordinates": [
          1.7385944,
          45.7438465
        ]
      },
      "properties": {
        "nom": "Tèrra Aventura : L'art contemporain à Eymoutiers",
        "identifiant": "ASCAQU087V500A8H",
        "type": "Produit",
        "commune": "Eymoutiers",
        "code_postal": "87120",
        "departement": "Haute-Vienne",
        "region": "Nouvelle-Aquitaine",
        "site_internet": "https://www.terra-aventura.fr/caches/lart-contemporain-eymoutiers",
        "createur": "CRT_NA"
      }
    },
    {
      "type": "Feature",
      "geometry": {
        "type": "Point",
        "coordinates": [
          -1.29995,
          43.17931
        ]
      },
      "properties": {
        "nom": "Terra Aventura - Irouléguy : petit mais costaud !",
        "identifiant": "ASCAQU064V5BMX6X",
        "type": "Produit",
        "commune": "Irouléguy",
        "code_postal": "64220",
        "departement": "Pyrénées-Atlantiques",
        "region": "Nouvelle-Aquitaine",
        "site_internet": "https://www.terra-aventura.fr/",
        "createur": "Office de Tourisme Pays Basque"
      }
    },
    {
      "type": "Feature",
      "geometry": {
        "type": "Point",
        "coordinates": [
          1.566201,
          45.2218867
        ]
      },
      "properties": {
        "nom": "Geocaching Terra Aventura: Le trou du loup",
        "identifiant": "ASCAQU019V5007EV",
        "type": "Produit,Lieu",
        "commune": "Sainte-Féréole",
        "code_postal": "19270",
        "departement": "Corrèze",
        "region": "Nouvelle-Aquitaine",
        "site_internet": "https://www.terra-aventura.fr/",
        "createur": "Brive Tourisme"
      }
    },
    {
      "type": "Feature",
      "geometry": {
        "type": "Point",
        "coordinates": [
          1.53377311,
          45.1619281
        ]
      },
      "properties": {
        "nom": "Geocaching Terra Aventura: Moustache Gracias",
        "identifiant": "ASCAQU019V5007F0",
        "type": "Produit,Lieu",
        "commune": "Brive-la-Gaillarde",
        "code_postal": "19100",
        "departement": "Corrèze",
        "region": "Nouvelle-Aquitaine",
        "site_internet": "https://www.terra-aventura.fr/",
        "createur": "Brive Tourisme"
      }
    },
    {
      "type": "Feature",
      "geometry": {
        "type": "Point",
        "coordinates": [
          1.32665018,
          45.247155
        ]
      },
      "properties": {
        "nom": "Geocaching Terra Aventura: les Hauts de Hurlements",
        "identifiant": "ASCAQU019V5007EY",
        "type": "Produit,Lieu",
        "commune": "Ayen",
        "code_postal": "19310",
        "departement": "Corrèze",
        "region": "Nouvelle-Aquitaine",
        "site_internet": "https://www.terra-aventura.fr/",
        "createur": "Brive Tourisme"
      }
    },
    {
      "type": "Feature",
      "geometry": {
        "type": "Point",
        "coordinates": [
          1.21602354,
          45.7682525
        ]
      },
      "properties": {
        "nom": "Tèrra Aventura : Les 12 travaux de Zabdo",
        "identifiant": "ASCAQU087V500ZF4",
        "type": "Produit",
        "commune": "Bosmie-l'Aiguille",
        "code_postal": "87110",
        "departement": "Haute-Vienne",
        "region": "Nouvelle-Aquitaine",
        "site_internet": "https://www.terra-aventura.fr/caches/les-12-travaux-de-zabdo",
        "createur": "OT Val de Vienne"
      }
    },
    {
      "type": "Feature",
      "geometry": {
        "type": "Point",
        "coordinates": [
          1.68637471,
          45.7085797
        ]
      },
      "properties": {
        "nom": "Tèrra Aventura : Sur la route des chevaliers de Malte",
        "identifiant": "ASCAQU087V500ZFL",
        "type": "Produit",
        "commune": "Sainte-Anne-Saint-Priest",
        "code_postal": "87120",
        "departement": "Haute-Vienne",
        "region": "Nouvelle-Aquitaine",
        "site_internet": "https://www.terra-aventura.fr/caches/sur-la-route-des-chevaliers-de-malte",
        "createur": "OT Portes de Vassivière"
      }
    },
    {
      "type": "Feature",
      "geometry": {
        "type": "Point",
        "coordinates": [
          1.20245169,
          45.5156205
        ]
      },
      "properties": {
        "nom": "Tèrra Aventura : Arédius & le chevalier Pissarrote",
        "identifiant": "ASCAQU087V500ZD6",
        "type": "Produit",
        "commune": "Saint-Yrieix-la-Perche",
        "code_postal": "87500",
        "departement": "Haute-Vienne",
        "region": "Nouvelle-Aquitaine",
        "site_internet": "https://www.terra-aventura.fr/caches/aredius-le-chevalier-pissarrote",
        "createur": "OT Pays de Saint-Yrieix"
      }
    },
    {
      "type": "Feature",
      "geometry": {
        "type": "Point",
        "coordinates": [
          0.92924093,
          45.8083373
        ]
      },
      "properties": {
        "nom": "Tèrra Aventura : Le nouveau défi de la Perinqueta",
        "identifiant": "ASCAQU087V500ZES",
        "type": "Produit",
        "commune": "Saint-Auvent",
        "code_postal": "87310",
        "departement": "Haute-Vienne",
        "region": "Nouvelle-Aquitaine",
        "site_internet": "https://www.terra-aventura.fr/caches/le-nouveau-defi-de-la-perinqueta",
        "createur": "OT Ouest Limousin"
      }
    },
    {
      "type": "Feature",
      "geometry": {
        "type": "Point",
        "coordinates": [
          1.13182375,
          45.5494969
        ]
      },
      "properties": {
        "nom": "Tèrra Aventura : Vous z'avez dit \"trésor\" ?",
        "identifiant": "ASCAQU087V500ZD9",
        "type": "Produit",
        "commune": "Le Chalard",
        "code_postal": "87500",
        "departement": "Haute-Vienne",
        "region": "Nouvelle-Aquitaine",
        "site_internet": "https://www.terra-aventura.fr/caches/vous-zavez-dit-tresor",
        "createur": "OT Pays de Saint-Yrieix"
      }
    },
    {
      "type": "Feature",
      "geometry": {
        "type": "Point",
        "coordinates": [
          1.10659809,
          45.8944793
        ]
      },
      "properties": {
        "nom": "Tèrra Aventura : Rendez la récup' à ses arts !",
        "identifiant": "ASCAQU087V500ZFF",
        "type": "Produit",
        "commune": "Veyrac",
        "code_postal": "87520",
        "departement": "Haute-Vienne",
        "region": "Nouvelle-Aquitaine",
        "site_internet": "https://www.terra-aventura.fr/caches/rendez-la-recup-ses-arts",
        "createur": "OT Limoges Métropole"
      }
    },
    {
      "type": "Feature",
      "geometry": {
        "type": "Point",
        "coordinates": [
          1.61138888,
          45.7236111
        ]
      },
      "properties": {
        "nom": "Tèrra Aventura : Mystères à Neuvic en tiers",
        "identifiant": "ASCAQU087V500A7H",
        "type": "Produit",
        "commune": "Châteauneuf-la-Forêt",
        "code_postal": "87130",
        "departement": "Haute-Vienne",
        "region": "Nouvelle-Aquitaine",
        "site_internet": "https://www.terra-aventura.fr/caches/mysteres-neuvic-en-tiers",
        "createur": "CRT_NA"
      }
    },
    {
      "type": "Feature",
      "geometry": {
        "type": "Point",
        "coordinates": [
          1.66545,
          45.62855
        ]
      },
      "properties": {
        "nom": "Tèrra Aventura : La bataille du Mont Gargan",
        "identifiant": "ASCAQU087V500A7L",
        "type": "Produit",
        "commune": "Châteauneuf-la-Forêt",
        "code_postal": "87130",
        "departement": "Haute-Vienne",
        "region": "Nouvelle-Aquitaine",
        "site_internet": "https://www.terra-aventura.fr/caches/la-bataille-du-mont-gargan",
        "createur": "CRT_NA"
      }
    },
    {
      "type": "Feature",
      "geometry": {
        "type": "Point",
        "coordinates": [
          -0.2594299,
          43.7040003
        ]
      },
      "properties": {
        "nom": "Séjour Terra Aventura à Aire Eugénie",
        "identifiant": "OP031AQU040V50XBLX",
        "type": "Produit",
        "commune": "Aire-sur-l'Adour",
        "code_postal": "40800",
        "departement": "Landes",
        "region": "Nouvelle-Aquitaine",
        "site_internet": "https://www.naturahotel.fr/,https://www.naturahotel.fr/",
        "createur": "CDT 40"
      }
    },
    {
      "type": "Feature",
      "geometry": {
        "type": "Point",
        "coordinates": [
          -1.1455827,
          44.3293396
        ]
      },
      "properties": {
        "nom": "Séjour Terra Aventura en bordure de lac",
        "identifiant": "OP031AQU040V50XAN0",
        "type": "Produit",
        "commune": "Gastes",
        "code_postal": "40160",
        "departement": "Landes",
        "region": "Nouvelle-Aquitaine",
        "site_internet": "https://www.presverts.net/,https://www.presverts.net/",
        "createur": "CDT 40"
      }
    },
    {
      "type": "Feature",
      "geometry": {
        "type": "Point",
        "coordinates": [
          0.257552,
          44.056262
        ]
      },
      "properties": {
        "nom": "Circuit Tèrra Aventura : Le coup de la coquille",
        "identifiant": "ASCAQU047V50AZAT",
        "type": "Produit",
        "commune": "Mézin",
        "code_postal": "47170",
        "departement": "Lot-et-Garonne",
        "region": "Nouvelle-Aquitaine",
        "site_internet": "https://albret-tourisme.com/terra-aventura-en-albret/,https://www.terra-aventura.fr/",
        "createur": "OT de l'Albret"
      }
    },
    {
      "type": "Feature",
      "geometry": {
        "type": "Point",
        "coordinates": [
          -0.0556912,
          46.3952878
        ]
      },
      "properties": {
        "nom": "Tèrra Aventura \"Le lièvre et la tortou\" à Pamproux",
        "identifiant": "ASCAQU079V504QNY",
        "type": "Produit",
        "commune": "Pamproux",
        "code_postal": "79800",
        "departement": "Deux-Sèvres",
        "region": "Nouvelle-Aquitaine",
        "site_internet": "https://www.tourisme-hautvaldesevre.fr/",
        "createur": "OT Haut Val De Sèvre"
      }
    },
    {
      "type": "Feature",
      "geometry": {
        "type": "Point",
        "coordinates": [
          -0.0004,
          47.1362
        ]
      },
      "properties": {
        "nom": "Tèrra Aventura : Prudence, ça pousse !",
        "identifiant": "ASCAQU086V501G35",
        "type": "Produit,Lieu",
        "commune": "Saix",
        "code_postal": "86120",
        "departement": "Vienne",
        "region": "Nouvelle-Aquitaine",
        "site_internet": "https://www.terra-aventura.fr/parcours",
        "createur": "Office de Tourisme du Pays Loudunais"
      }
    },
    {
      "type": "Feature",
      "geometry": {
        "type": "Point",
        "coordinates": [
          0.66922,
          46.32761
        ]
      },
      "properties": {
        "nom": "Tèrra Aventura : Queaux-ce que c'est que ce grabuge ?",
        "identifiant": "ASCAQU086V501G77",
        "type": "Produit,Lieu",
        "commune": "Queaux",
        "code_postal": "86150",
        "departement": "Vienne",
        "region": "Nouvelle-Aquitaine",
        "site_internet": "https://www.sudviennepoitou.com/,https://www.terra-aventura.fr/parcours",
        "createur": "Office de Tourisme Sud Vienne Poitou"
      }
    },
    {
      "type": "Feature",
      "geometry": {
        "type": "Point",
        "coordinates": [
          0.86136022,
          46.72161
        ]
      },
      "properties": {
        "nom": "Tèrra Aventura : Mulet de Jacquelin, superstar !",
        "identifiant": "ASCAQU086V501G3A",
        "type": "Produit,Lieu",
        "commune": "Vicq-sur-Gartempe",
        "code_postal": "86260",
        "departement": "Vienne",
        "region": "Nouvelle-Aquitaine",
        "site_internet": "https://www.tourisme-chatellerault.fr/,https://www.terra-aventura.fr/parcours",
        "createur": "Office de Tourisme de Grand Châtellerault"
      }
    },
    {
      "type": "Feature",
      "geometry": {
        "type": "Point",
        "coordinates": [
          -1.0678724,
          44.2352631
        ]
      },
      "properties": {
        "nom": "Terra Aventura - Frère Zacqu', dormez vous ?",
        "identifiant": "ASCAQU040V50QW4M",
        "type": "Produit,Lieu",
        "commune": "Pontenx-les-Forges",
        "code_postal": "40200",
        "departement": "Landes",
        "region": "Nouvelle-Aquitaine",
        "site_internet": "https://www.terra-aventura.fr/",
        "createur": "OT Mimizan"
      }
    },
    {
      "type": "Feature",
      "geometry": {
        "type": "Point",
        "coordinates": [
          -1.2476094,
          43.9211796
        ]
      },
      "properties": {
        "nom": "Tèrra Aventura - La mayade des gens z'heureux",
        "identifiant": "ASCAQU040V50QVOG",
        "type": "Produit",
        "commune": "Linxe",
        "code_postal": "40260",
        "departement": "Landes",
        "region": "Nouvelle-Aquitaine",
        "site_internet": "",
        "createur": "Côte Landes Nature Tourisme"
      }
    },
    {
      "type": "Feature",
      "geometry": {
        "type": "Point",
        "coordinates": [
          -0.262294,
          43.700062
        ]
      },
      "properties": {
        "nom": "Tèrra Aventura : En tête à tête avec Quitterie",
        "identifiant": "ASCAQU040V50QVK1",
        "type": "Produit,Lieu",
        "commune": "Aire-sur-l'Adour",
        "code_postal": "40800",
        "departement": "Landes",
        "region": "Nouvelle-Aquitaine",
        "site_internet": "",
        "createur": "Tourisme Aire Eugénie"
      }
    },
    {
      "type": "Feature",
      "geometry": {
        "type": "Point",
        "coordinates": [
          -0.9292741,
          43.5714244
        ]
      },
      "properties": {
        "nom": "Terra Aventura Habas : Cours sur le haricot",
        "identifiant": "ASCAQU040V50QVLG",
        "type": "Produit",
        "commune": "Habas",
        "code_postal": "40290",
        "departement": "Landes",
        "region": "Nouvelle-Aquitaine",
        "site_internet": "",
        "createur": "OT Pays d'Orthe et Arrigans"
      }
    },
    {
      "type": "Feature",
      "geometry": {
        "type": "Point",
        "coordinates": [
          -1.0839167,
          45.1815819
        ]
      },
      "properties": {
        "nom": "Tèrra Aventura : Oui, c'est un paradis !",
        "identifiant": "ASCAQU033V50YCPR",
        "type": "Produit",
        "commune": "Hourtin",
        "code_postal": "33990",
        "departement": "Gironde",
        "region": "Nouvelle-Aquitaine",
        "site_internet": "https://www.terra-aventura.fr/",
        "createur": "OT Médoc Atlantique"
      }
    },
    {
      "type": "Feature",
      "geometry": {
        "type": "Point",
        "coordinates": [
          0.22920937,
          45.1262447
        ]
      },
      "properties": {
        "nom": "Terra Aventura : 'Trappe-moi si tu peux !",
        "identifiant": "ASCAQU024V50H433",
        "type": "Produit",
        "commune": "Échourgnac",
        "code_postal": "24410",
        "departement": "Dordogne",
        "region": "Nouvelle-Aquitaine",
        "site_internet": "",
        "createur": "Vallée de l'Isle en Périgord"
      }
    },
    {
      "type": "Feature",
      "geometry": {
        "type": "Point",
        "coordinates": [
          0.05689466,
          44.9200933
        ]
      },
      "properties": {
        "nom": "Tèrra Aventura : Essaie de monter, pour voir !",
        "identifiant": "ASCAQU024V50H2M5",
        "type": "Produit",
        "commune": "Montpeyroux",
        "code_postal": "24610",
        "departement": "Dordogne",
        "region": "Nouvelle-Aquitaine",
        "site_internet": "https://www.terra-aventura.fr/caches/essaie-de-monter-pour-voir",
        "createur": "Pays de Bergerac, Vignoble & Bastides"
      }
    },
    {
      "type": "Feature",
      "geometry": {
        "type": "Point",
        "coordinates": [
          0.76637,
          44.5352
        ]
      },
      "properties": {
        "nom": "Circuit Tèrra Aventura : Même pas peur de la Chimère !",
        "identifiant": "ASCAQU047V50G3QT",
        "type": "Produit",
        "commune": "Monflanquin",
        "code_postal": "47150",
        "departement": "Lot-et-Garonne",
        "region": "Nouvelle-Aquitaine",
        "site_internet": "http://www.coeurdebastides.com/,https://www.terra-aventura.fr/",
        "createur": "OT Coeur de Bastides"
      }
    },
    {
      "type": "Feature",
      "geometry": {
        "type": "Point",
        "coordinates": [
          0.647394,
          45.365187
        ]
      },
      "properties": {
        "nom": "Terra Aventura: Brantôme, Venise du Périgord",
        "identifiant": "ASCAQU024V50H6XS",
        "type": "Produit",
        "commune": "Brantôme en Périgord",
        "code_postal": "24310",
        "departement": "Dordogne",
        "region": "Nouvelle-Aquitaine",
        "site_internet": "",
        "createur": "Val de Dronne"
      }
    },
    {
      "type": "Feature",
      "geometry": {
        "type": "Point",
        "coordinates": [
          -0.18574,
          43.96973
        ]
      },
      "properties": {
        "nom": "Terra Aventura : Longue vie à l'Armagnac",
        "identifiant": "ASCAQU040V50RR0T",
        "type": "Produit,Lieu",
        "commune": "Labastide-d'Armagnac",
        "code_postal": "40240",
        "departement": "Landes",
        "region": "Nouvelle-Aquitaine",
        "site_internet": "",
        "createur": "OT Landes d'Armagnac"
      }
    },
    {
      "type": "Feature",
      "geometry": {
        "type": "Point",
        "coordinates": [
          -1.7392812,
          43.340423
        ]
      },
      "properties": {
        "nom": "Geocaching avec Terra Aventura : Où es-tu, Ramuntcho ?",
        "identifiant": "ASCAQU064V5A4NZ7",
        "type": "Produit",
        "commune": "Hendaye",
        "code_postal": "64700",
        "departement": "Pyrénées-Atlantiques",
        "region": "Nouvelle-Aquitaine",
        "site_internet": "https://www.hendaye-tourisme.fr/fr/a-faire/activites/terra-aventura/",
        "createur": "Hendaye Tourisme & Commerce"
      }
    },
    {
      "type": "Feature",
      "geometry": {
        "type": "Point",
        "coordinates": [
          0.0713421,
          44.8037951
        ]
      },
      "properties": {
        "nom": "Terra Aventura : \"Pardaillan, chevalier maudit\"",
        "identifiant": "ASCAQU033V50QPXL",
        "type": "Produit",
        "commune": "Gensac",
        "code_postal": "33890",
        "departement": "Gironde",
        "region": "Nouvelle-Aquitaine",
        "site_internet": "",
        "createur": "OT Castillon-Pujols"
      }
    },
    {
      "type": "Feature",
      "geometry": {
        "type": "Point",
        "coordinates": [
          -0.868055,
          44.549651
        ]
      },
      "properties": {
        "nom": "Terra Aventura à Salles : Le marathon de l’échasse",
        "identifiant": "ASCAQU033V50QP01",
        "type": "Produit",
        "commune": "Salles",
        "code_postal": "33770",
        "departement": "Gironde",
        "region": "Nouvelle-Aquitaine",
        "site_internet": "https://www.terra-aventura.fr/",
        "createur": "OT Val de l'Eyre"
      }
    },
    {
      "type": "Feature",
      "geometry": {
        "type": "Point",
        "coordinates": [
          -1.099633,
          44.743424
        ]
      },
      "properties": {
        "nom": "Terra Aventura : \"Villas et Cabanes en fête !\"",
        "identifiant": "ASCAQU033V50R90O",
        "type": "Produit",
        "commune": "Andernos-les-Bains",
        "code_postal": "33510",
        "departement": "Gironde",
        "region": "Nouvelle-Aquitaine",
        "site_internet": "",
        "createur": "OT Andernos-les-Bains"
      }
    },
    {
      "type": "Feature",
      "geometry": {
        "type": "Point",
        "coordinates": [
          0.08981764,
          44.314611
        ]
      },
      "properties": {
        "nom": "Circuit Tèrra Aventura : De la pierre et des rois",
        "identifiant": "ASCAQU047V50BYN5",
        "type": "Produit",
        "commune": "Casteljaloux",
        "code_postal": "47700",
        "departement": "Lot-et-Garonne",
        "region": "Nouvelle-Aquitaine",
        "site_internet": "https://www.terra-aventura.fr/",
        "createur": "OT Coteaux et Landes de Gascogne"
      }
    },
    {
      "type": "Feature",
      "geometry": {
        "type": "Point",
        "coordinates": [
          0.1968351,
          44.3101872
        ]
      },
      "properties": {
        "nom": "Circuit Tèrra Aventura : La conjuration du renard",
        "identifiant": "ASCAQU047V50BYMT",
        "type": "Produit",
        "commune": "Villefranche-du-Queyran",
        "code_postal": "47160",
        "departement": "Lot-et-Garonne",
        "region": "Nouvelle-Aquitaine",
        "site_internet": "https://www.terra-aventura.fr/",
        "createur": "OT Coteaux et Landes de Gascogne"
      }
    },
    {
      "type": "Feature",
      "geometry": {
        "type": "Point",
        "coordinates": [
          -1.1962541,
          45.0015782
        ]
      },
      "properties": {
        "nom": "Tèrra Aventura : Ziclou des rails à Lacanau",
        "identifiant": "ASCAQU033V50USRK",
        "type": "Produit",
        "commune": "Lacanau",
        "code_postal": "33680",
        "departement": "Gironde",
        "region": "Nouvelle-Aquitaine",
        "site_internet": "https://www.terra-aventura.fr/",
        "createur": "OT Médoc Atlantique"
      }
    },
    {
      "type": "Feature",
      "geometry": {
        "type": "Point",
        "coordinates": [
          -0.744861,
          42.977603
        ]
      },
      "properties": {
        "nom": "Tèrra Aventura : \"Voyage au centre de la Pierre\"",
        "identifiant": "ASCAQU064V5A3V6M",
        "type": "Lieu",
        "commune": "Arette",
        "code_postal": "64570",
        "departement": "Pyrénées-Atlantiques",
        "region": "Nouvelle-Aquitaine",
        "site_internet": "https://www.terra-aventura.fr/",
        "createur": "Office de Tourisme du Haut-Béarn"
      }
    },
    {
      "type": "Feature",
      "geometry": {
        "type": "Point",
        "coordinates": [
          -1.4057173,
          43.3540297
        ]
      },
      "properties": {
        "nom": "Parcours Tèrra Aventura : \"Aux cîmes de la Bergerie\"",
        "identifiant": "ASCAQU064V5A59KE",
        "type": "Produit",
        "commune": "Cambo-les-Bains",
        "code_postal": "64250",
        "departement": "Pyrénées-Atlantiques",
        "region": "Nouvelle-Aquitaine",
        "site_internet": "http://www.cambolesbains.com/",
        "createur": "OT Cambo les Bains"
      }
    },
    {
      "type": "Feature",
      "geometry": {
        "type": "Point",
        "coordinates": [
          -1.0520924,
          43.710893
        ]
      },
      "properties": {
        "nom": "Terra Aventura : Street Art Thérapie",
        "identifiant": "ASCAQU040V50Z0IB",
        "type": "Produit",
        "commune": "Dax",
        "code_postal": "40100",
        "departement": "Landes",
        "region": "Nouvelle-Aquitaine",
        "site_internet": "https://www.terra-aventura.fr/",
        "createur": "CDT 40"
      }
    },
    {
      "type": "Feature",
      "geometry": {
        "type": "Point",
        "coordinates": [
          -0.90171,
          43.65521
        ]
      },
      "properties": {
        "nom": "Séjour Terra Aventura en toute détente",
        "identifiant": "OP031AQU040V50YVJM",
        "type": "Produit",
        "commune": "Clermont",
        "code_postal": "40180",
        "departement": "Landes",
        "region": "Nouvelle-Aquitaine",
        "site_internet": "https://www.laforgedeclermont.fr/,https://www.laforgedeclermont.fr/",
        "createur": "CDT 40"
      }
    },
    {
      "type": "Feature",
      "geometry": {
        "type": "Point",
        "coordinates": [
          -1.108403,
          45.821158
        ]
      },
      "properties": {
        "nom": "Tèrra Aventura - Ma reine des bourriches - Marennes",
        "identifiant": "6997525",
        "type": "Lieu",
        "commune": "Marennes-Hiers-Brouage",
        "code_postal": "17320",
        "departement": "Charente-Maritime",
        "region": "Nouvelle-Aquitaine",
        "site_internet": "https://www.terra-aventura.fr/",
        "createur": "Office de Tourisme de l'île d'Oléron et du bassin de Marennes"
      }
    },
    {
      "type": "Feature",
      "geometry": {
        "type": "Point",
        "coordinates": [
          1.26447297,
          45.8583774
        ]
      },
      "properties": {
        "nom": "Tèrra Aventura : Comme un poisson dans L'Aurence",
        "identifiant": "ASCAQU087V501RRV",
        "type": "Produit",
        "commune": "Limoges",
        "code_postal": "87000",
        "departement": "Haute-Vienne",
        "region": "Nouvelle-Aquitaine",
        "site_internet": "https://www.terra-aventura.fr/caches/comme-un-poisson-dans-laurence",
        "createur": "OT Limoges Métropole"
      }
    },
    {
      "type": "Feature",
      "geometry": {
        "type": "Point",
        "coordinates": [
          0.22853,
          45.678245
        ]
      },
      "properties": {
        "nom": "Terra Aventura - Geocaching \"Fondez pour Ruelle !\"",
        "identifiant": "6188777",
        "type": "Lieu",
        "commune": "Ruelle-sur-Touvre",
        "code_postal": "16600",
        "departement": "Charente",
        "region": "Nouvelle-Aquitaine",
        "site_internet": "https://www.terra-aventura.fr/",
        "createur": "Office de Tourisme du Pays d'Angoulême"
      }
    },
    {
      "type": "Feature",
      "geometry": {
        "type": "Point",
        "coordinates": [
          0.971586,
          44.576046
        ]
      },
      "properties": {
        "nom": "Circuit Tèrra Aventura : La caverne du dragon",
        "identifiant": "ASCAQU047V50HNBV",
        "type": "Produit",
        "commune": "Saint-Front-sur-Lémance",
        "code_postal": "47500",
        "departement": "Lot-et-Garonne",
        "region": "Nouvelle-Aquitaine",
        "site_internet": "http://www.tourisme-fumel.com/,https://www.terra-aventura.fr/",
        "createur": "OT Vallée du Lot et Garonne"
      }
    },
    {
      "type": "Feature",
      "geometry": {
        "type": "Point",
        "coordinates": [
          -0.448535,
          43.05888
        ]
      },
      "properties": {
        "nom": "Terra Aventura \"Le berger, le renard et le crestadou\"",
        "identifiant": "ASCAQU064V5BE4QD",
        "type": "Produit",
        "commune": "Bilhères",
        "code_postal": "64260",
        "departement": "Pyrénées-Atlantiques",
        "region": "Nouvelle-Aquitaine",
        "site_internet": "https://www.terra-aventura.fr/",
        "createur": "OT Vallée d'Ossau Pyrénées"
      }
    },
    {
      "type": "Feature",
      "geometry": {
        "type": "Point",
        "coordinates": [
          -0.68921,
          44.80288
        ]
      },
      "properties": {
        "nom": "Terra Aventura : \"Le Bourgailh, forêt presqu'enchantée\"",
        "identifiant": "ASCAQU033V511XOQ",
        "type": "Produit",
        "commune": "Pessac",
        "code_postal": "33600",
        "departement": "Gironde",
        "region": "Nouvelle-Aquitaine",
        "site_internet": "https://www.terra-aventura.fr/",
        "createur": "OT Bordeaux Métropole"
      }
    },
    {
      "type": "Feature",
      "geometry": {
        "type": "Point",
        "coordinates": [
          -0.93036,
          43.76699
        ]
      },
      "properties": {
        "nom": "Tèrra Aventura : Valet de coeur, à vous l'honneur !",
        "identifiant": "ASCAQU040V50TY00",
        "type": "Produit",
        "commune": "Préchacq-les-Bains",
        "code_postal": "40465",
        "departement": "Landes",
        "region": "Nouvelle-Aquitaine",
        "site_internet": "http://www.chalosse.fr/",
        "createur": "OT Terres de Chalosse"
      }
    },
    {
      "type": "Feature",
      "geometry": {
        "type": "Point",
        "coordinates": [
          -0.63182,
          43.36887
        ]
      },
      "properties": {
        "nom": "Terra Aventura : \"Mourenx, ça gaze ? \"",
        "identifiant": "ASCAQU064V5BEX40",
        "type": "Produit",
        "commune": "Mourenx",
        "code_postal": "64150",
        "departement": "Pyrénées-Atlantiques",
        "region": "Nouvelle-Aquitaine",
        "site_internet": "https://www.coeurdebearn.com/",
        "createur": "OT Coeur de Béarn"
      }
    },
    {
      "type": "Feature",
      "geometry": {
        "type": "Point",
        "coordinates": [
          -0.494667,
          45.70115
        ]
      },
      "properties": {
        "nom": "Terra Aventura, embarquement immédiat pour Dompierre !",
        "identifiant": "6214273",
        "type": "Lieu",
        "commune": "Dompierre-sur-Charente",
        "code_postal": "17610",
        "departement": "Charente-Maritime",
        "region": "Nouvelle-Aquitaine",
        "site_internet": "http://terra-aventura.fr/",
        "createur": "Office de Tourisme de Saintes & la Saintonge"
      }
    },
    {
      "type": "Feature",
      "geometry": {
        "type": "Point",
        "coordinates": [
          -0.2701973,
          43.9022355
        ]
      },
      "properties": {
        "nom": "Terra Aventura : Ognoas, perle de l'Armagnac",
        "identifiant": "ASCAQU040V50TQA3",
        "type": "Produit,Lieu",
        "commune": "Arthez-d'Armagnac",
        "code_postal": "40190",
        "departement": "Landes",
        "region": "Nouvelle-Aquitaine",
        "site_internet": "",
        "createur": "OT Landes d'Armagnac"
      }
    },
    {
      "type": "Feature",
      "geometry": {
        "type": "Point",
        "coordinates": [
          0.8651343,
          46.5644542
        ]
      },
      "properties": {
        "nom": "Tèrra Aventura : Zart' y est Fresque",
        "identifiant": "ASCAQU086V50041R",
        "type": "Produit,Lieu",
        "commune": "Saint-Savin",
        "code_postal": "86310",
        "departement": "Vienne",
        "region": "Nouvelle-Aquitaine",
        "site_internet": "http://www.sudviennepoitou.com/,https://www.terra-aventura.fr/parcours",
        "createur": "Office de Tourisme Sud Vienne Poitou"
      }
    },
    {
      "type": "Feature",
      "geometry": {
        "type": "Point",
        "coordinates": [
          0.932485,
          46.312363
        ]
      },
      "properties": {
        "nom": "Tèrra Aventura : Roc’ and Troll",
        "identifiant": "ASCAQU086V50041N",
        "type": "Produit,Lieu",
        "commune": "Lathus-Saint-Rémy",
        "code_postal": "86390",
        "departement": "Vienne",
        "region": "Nouvelle-Aquitaine",
        "site_internet": "http://www.sudviennepoitou.com/,https://www.terra-aventura.fr/parcours",
        "createur": "Office de Tourisme Sud Vienne Poitou"
      }
    },
    {
      "type": "Feature",
      "geometry": {
        "type": "Point",
        "coordinates": [
          0.8651343,
          46.5644542
        ]
      },
      "properties": {
        "nom": "Tèrra Aventura : Zart' y est \"fresque !\"",
        "identifiant": "ASCAQU086V5005UG",
        "type": "Produit,Lieu",
        "commune": "Saint-Germain",
        "code_postal": "86310",
        "departement": "Vienne",
        "region": "Nouvelle-Aquitaine",
        "site_internet": "http://www.sudviennepoitou.com/",
        "createur": "Office de Tourisme Sud Vienne Poitou"
      }
    },
    {
      "type": "Feature",
      "geometry": {
        "type": "Point",
        "coordinates": [
          0.16232,
          46.9167
        ]
      },
      "properties": {
        "nom": "Tèrra Aventura : Fondor perd les Pédales",
        "identifiant": "ASCAQU086V500IMH",
        "type": "Produit,Lieu",
        "commune": "Guesnes",
        "code_postal": "86420",
        "departement": "Vienne",
        "region": "Nouvelle-Aquitaine",
        "site_internet": "https://www.terra-aventura.fr/parcours",
        "createur": "Office de Tourisme du Pays Loudunais"
      }
    },
    {
      "type": "Feature",
      "geometry": {
        "type": "Point",
        "coordinates": [
          -0.922853,
          43.7873363
        ]
      },
      "properties": {
        "nom": "Circuit Terra Aventura - Embarquez pour les Barthes !",
        "identifiant": "ASCAQU040V50UF6A",
        "type": "Produit",
        "commune": "Pontonx-sur-l'Adour",
        "code_postal": "40465",
        "departement": "Landes",
        "region": "Nouvelle-Aquitaine",
        "site_internet": "",
        "createur": "OT Tartas"
      }
    },
    {
      "type": "Feature",
      "geometry": {
        "type": "Point",
        "coordinates": [
          0.1792503,
          46.2982954
        ]
      },
      "properties": {
        "nom": "Tèrra Aventura : Les Poï'z mènent l'Enquête",
        "identifiant": "ASCAQU086V50066X",
        "type": "Produit,Lieu",
        "commune": "Valence-en-Poitou",
        "code_postal": "86700",
        "departement": "Vienne",
        "region": "Nouvelle-Aquitaine",
        "site_internet": "https://www.terra-aventura.fr/parcours",
        "createur": "Office de Tourisme de Civraisien en Poitou"
      }
    },
    {
      "type": "Feature",
      "geometry": {
        "type": "Point",
        "coordinates": [
          1.08529,
          46.39293
        ]
      },
      "properties": {
        "nom": "Tèrra Aventura : Qu'est-ce que tu nous Chantes là ?",
        "identifiant": "ASCAQU086V500LJR",
        "type": "Produit,Lieu",
        "commune": "Brigueil-le-Chantre",
        "code_postal": "86290",
        "departement": "Vienne",
        "region": "Nouvelle-Aquitaine",
        "site_internet": "https://www.sudviennepoitou.com/,https://www.terra-aventura.fr/parcours",
        "createur": "Office de Tourisme Sud Vienne Poitou"
      }
    },
    {
      "type": "Feature",
      "geometry": {
        "type": "Point",
        "coordinates": [
          0.724959,
          46.4024439
        ]
      },
      "properties": {
        "nom": "Tèrra Aventura : Stage de Paléo-Déco",
        "identifiant": "ASCAQU086V50041O",
        "type": "Produit,Lieu",
        "commune": "Lussac-les-Châteaux",
        "code_postal": "86320",
        "departement": "Vienne",
        "region": "Nouvelle-Aquitaine",
        "site_internet": "http://www.sudviennepoitou.com/,https://www.terra-aventura.fr/parcours",
        "createur": "Office de Tourisme Sud Vienne Poitou"
      }
    },
    {
      "type": "Feature",
      "geometry": {
        "type": "Point",
        "coordinates": [
          0.40526442,
          46.1434726
        ]
      },
      "properties": {
        "nom": "Tèrra Aventura : Des Viz'iteurs venus d'Ailleurs",
        "identifiant": "ASCAQU086V500LXK",
        "type": "Produit,Lieu",
        "commune": "Charroux",
        "code_postal": "86250",
        "departement": "Vienne",
        "region": "Nouvelle-Aquitaine",
        "site_internet": "https://www.terra-aventura.fr/parcours",
        "createur": "Office de Tourisme de Civraisien en Poitou"
      }
    },
    {
      "type": "Feature",
      "geometry": {
        "type": "Point",
        "coordinates": [
          -0.399732,
          45.267519
        ]
      },
      "properties": {
        "nom": "Geocaching Tèrra Aventura - Dans les bois de Morphée",
        "identifiant": "7364983",
        "type": "Lieu",
        "commune": "Montendre",
        "code_postal": "17130",
        "departement": "Charente-Maritime",
        "region": "Nouvelle-Aquitaine",
        "site_internet": "https://www.jonzac-haute-saintonge.com/terra-aventura/",
        "createur": "CDC de Haute Saintonge"
      }
    },
    {
      "type": "Feature",
      "geometry": {
        "type": "Point",
        "coordinates": [
          -0.7681212,
          45.06016
        ]
      },
      "properties": {
        "nom": "Tèrra Aventura - \"Moulis, on va déguster\"",
        "identifiant": "ASCAQU033V51AUJB",
        "type": "Produit",
        "commune": "Moulis-en-Médoc",
        "code_postal": "33480",
        "departement": "Gironde",
        "region": "Nouvelle-Aquitaine",
        "site_internet": "",
        "createur": "OT Médoc Plein Sud"
      }
    },
    {
      "type": "Feature",
      "geometry": {
        "type": "Point",
        "coordinates": [
          -1.1227961,
          43.7264679
        ]
      },
      "properties": {
        "nom": "Séjour Terra Aventura dans le Grand Dax",
        "identifiant": "OP031AQU040V50Y3AH",
        "type": "Produit",
        "commune": "Saint-Paul-lès-Dax",
        "code_postal": "40990",
        "departement": "Landes",
        "region": "Nouvelle-Aquitaine",
        "site_internet": "https://www.camping-ardy.com/,https://naxiresa.inaxel.com/etape2-sejours.php?&lang=1&compte=etangardy,https://www.camping-ardy.com/,https://naxiresa.inaxel.com/etape2-sejours.php?&lang=1&compte=etangardy",
        "createur": "CDT 40"
      }
    },
    {
      "type": "Feature",
      "geometry": {
        "type": "Point",
        "coordinates": [
          -0.64956,
          44.88391
        ]
      },
      "properties": {
        "nom": "Tèrra Aventura \"Zéfaim garde la patate !\"",
        "identifiant": "ASCAQU033V51AZ9N",
        "type": "Produit",
        "commune": "Eysines",
        "code_postal": "33320",
        "departement": "Gironde",
        "region": "Nouvelle-Aquitaine",
        "site_internet": "",
        "createur": "OT Bordeaux Métropole"
      }
    },
    {
      "type": "Feature",
      "geometry": {
        "type": "Point",
        "coordinates": [
          -0.554149,
          44.8772685
        ]
      },
      "properties": {
        "nom": "Tèrra Aventura \"Bacalan, au pays des possibles\"",
        "identifiant": "ASCAQU033V51AZ92",
        "type": "Produit",
        "commune": "Bordeaux",
        "code_postal": "33300",
        "departement": "Gironde",
        "region": "Nouvelle-Aquitaine",
        "site_internet": "",
        "createur": "OT Bordeaux Métropole"
      }
    },
    {
      "type": "Feature",
      "geometry": {
        "type": "Point",
        "coordinates": [
          0.81159811,
          46.7858128
        ]
      },
      "properties": {
        "nom": "Tèrra Aventura : Kerlouët sonne l’alarme !",
        "identifiant": "ASCAQU086V5023LH",
        "type": "Produit,Lieu",
        "commune": "La Roche-Posay",
        "code_postal": "86270",
        "departement": "Vienne",
        "region": "Nouvelle-Aquitaine",
        "site_internet": "https://www.terra-aventura.fr/",
        "createur": "Office de Tourisme & du Thermalisme La Roche Posay"
      }
    },
    {
      "type": "Feature",
      "geometry": {
        "type": "Point",
        "coordinates": [
          0.600693,
          44.542764
        ]
      },
      "properties": {
        "nom": "Circuit Tèrra Aventura : Cache-noisette",
        "identifiant": "ASCAQU047V50DK20",
        "type": "Produit",
        "commune": "Cancon",
        "code_postal": "47290",
        "departement": "Lot-et-Garonne",
        "region": "Nouvelle-Aquitaine",
        "site_internet": "http://www.coeurdebastides.com/,https://www.terra-aventura.fr/",
        "createur": "OT Coeur de Bastides"
      }
    },
    {
      "type": "Feature",
      "geometry": {
        "type": "Point",
        "coordinates": [
          0.620819,
          44.445982
        ]
      },
      "properties": {
        "nom": "Circuit Tèrra Aventura : Du savoir au comptoir",
        "identifiant": "ASCAQU047V50DWJY",
        "type": "Produit",
        "commune": "Casseneuil",
        "code_postal": "47440",
        "departement": "Lot-et-Garonne",
        "region": "Nouvelle-Aquitaine",
        "site_internet": "http://www.tourisme-villeneuvois.fr/,https://www.terra-aventura.fr/",
        "createur": "ADRT47"
      }
    },
    {
      "type": "Feature",
      "geometry": {
        "type": "Point",
        "coordinates": [
          0.7955801,
          44.1869288
        ]
      },
      "properties": {
        "nom": "Circuit Tèrra Aventura : Aux Saveurs de Puymirol",
        "identifiant": "ASCAQU047V50DWK6",
        "type": "Produit",
        "commune": "Puymirol",
        "code_postal": "47270",
        "departement": "Lot-et-Garonne",
        "region": "Nouvelle-Aquitaine",
        "site_internet": "http://www.destination-agen.fr/,https://www.terra-aventura.fr/",
        "createur": "ADRT47"
      }
    },
    {
      "type": "Feature",
      "geometry": {
        "type": "Point",
        "coordinates": [
          0.761948,
          44.283125
        ]
      },
      "properties": {
        "nom": "Circuit Tèrra Aventura : La source de Roland",
        "identifiant": "ASCAQU047V50DWK5",
        "type": "Produit",
        "commune": "Laroque-Timbaut",
        "code_postal": "47340",
        "departement": "Lot-et-Garonne",
        "region": "Nouvelle-Aquitaine",
        "site_internet": "http://www.tourisme-villeneuvois.fr/,https://www.terra-aventura.fr/",
        "createur": "ADRT47"
      }
    },
    {
      "type": "Feature",
      "geometry": {
        "type": "Point",
        "coordinates": [
          0.29044463,
          44.1685223
        ]
      },
      "properties": {
        "nom": "Circuit Tèrra Aventura : Passez-lui les minottes !",
        "identifiant": "ASCAQU047V50DUTC",
        "type": "Produit",
        "commune": "Barbaste",
        "code_postal": "47230",
        "departement": "Lot-et-Garonne",
        "region": "Nouvelle-Aquitaine",
        "site_internet": "https://albret-tourisme.com/terra-aventura-en-albret/,https://www.terra-aventura.fr/",
        "createur": "OT de l'Albret"
      }
    },
    {
      "type": "Feature",
      "geometry": {
        "type": "Point",
        "coordinates": [
          0.47975667,
          44.6983379
        ]
      },
      "properties": {
        "nom": "Tèrra Aventura : Petits problèmes de vinification",
        "identifiant": "ASCAQU024V50F9O0",
        "type": "Produit",
        "commune": "Saint-Aubin-de-Cadelech",
        "code_postal": "24500",
        "departement": "Dordogne",
        "region": "Nouvelle-Aquitaine",
        "site_internet": "https://www.terra-aventura.fr/caches/petits-problemes-de-vinification",
        "createur": "Pays de Bergerac, Vignoble & Bastides"
      }
    },
    {
      "type": "Feature",
      "geometry": {
        "type": "Point",
        "coordinates": [
          0.76933399,
          44.770052
        ]
      },
      "properties": {
        "nom": "Tèrra Aventura : Entre carreyrous et carreras",
        "identifiant": "ASCAQU024V50F9O3",
        "type": "Produit",
        "commune": "Beaumontois en Périgord",
        "code_postal": "24440",
        "departement": "Dordogne",
        "region": "Nouvelle-Aquitaine",
        "site_internet": "https://www.terra-aventura.fr/caches/beaumont-du-perigord-entre-carreyrous-et-carreras",
        "createur": "Pays de Bergerac, Vignoble & Bastides"
      }
    },
    {
      "type": "Feature",
      "geometry": {
        "type": "Point",
        "coordinates": [
          1.2980003,
          44.9608226
        ]
      },
      "properties": {
        "nom": "Terra Aventura : de Saint-Crépin à Carlucet",
        "identifiant": "ASCAQU024V50F9N6",
        "type": "Produit",
        "commune": "Saint-Crépin-et-Carlucet",
        "code_postal": "24590",
        "departement": "Dordogne",
        "region": "Nouvelle-Aquitaine",
        "site_internet": "",
        "createur": "OT du pays de Fénelon"
      }
    },
    {
      "type": "Feature",
      "geometry": {
        "type": "Point",
        "coordinates": [
          1.16391423,
          45.0675365
        ]
      },
      "properties": {
        "nom": "Tèrra Aventura : Montignac, une histoire de Ponts",
        "identifiant": "ASCAQU024V50F9NG",
        "type": "Produit",
        "commune": "Montignac-Lascaux",
        "code_postal": "24290",
        "departement": "Dordogne",
        "region": "Nouvelle-Aquitaine",
        "site_internet": "https://www.terra-aventura.fr/",
        "createur": "OT Lascaux Dordogne Vallée Vézère"
      }
    },
    {
      "type": "Feature",
      "geometry": {
        "type": "Point",
        "coordinates": [
          0.84069776,
          45.4198162
        ]
      },
      "properties": {
        "nom": "Terra Aventura : Jean-Colois d’un jour",
        "identifiant": "ASCAQU024V50F9PD",
        "type": "Produit",
        "commune": "Saint-Jean-de-Côle",
        "code_postal": "24800",
        "departement": "Dordogne",
        "region": "Nouvelle-Aquitaine",
        "site_internet": "https://www.perigord-limousin-tourisme.com/decouvrez-nos-pepites/terra-aventura-l-incroyable-chasse-aux-tresors/",
        "createur": "Isle-Auvézère"
      }
    },
    {
      "type": "Feature",
      "geometry": {
        "type": "Point",
        "coordinates": [
          -7.19e-05,
          45.1379437
        ]
      },
      "properties": {
        "nom": "Terra Aventura : Le Petit Bois de l'Opéra",
        "identifiant": "ASCAQU024V50F9W1",
        "type": "Produit,Lieu",
        "commune": "La Roche-Chalais",
        "code_postal": "24490",
        "departement": "Dordogne",
        "region": "Nouvelle-Aquitaine",
        "site_internet": "https://www.perigord-inattendu.fr/",
        "createur": "Val de Dronne"
      }
    },
    {
      "type": "Feature",
      "geometry": {
        "type": "Point",
        "coordinates": [
          0.217635,
          44.840328
        ]
      },
      "properties": {
        "nom": "Terra Aventura : Les Sirs de Bonne Foy",
        "identifiant": "ASCAQU033V50UM6T",
        "type": "Produit",
        "commune": "Sainte-Foy-la-Grande",
        "code_postal": "33220",
        "departement": "Gironde",
        "region": "Nouvelle-Aquitaine",
        "site_internet": "",
        "createur": "OT du Pays Foyen"
      }
    },
    {
      "type": "Feature",
      "geometry": {
        "type": "Point",
        "coordinates": [
          -0.629172,
          45.744594
        ]
      },
      "properties": {
        "nom": "Terra Aventura, Méli-mélo à Mediolanum",
        "identifiant": "5729280",
        "type": "Lieu",
        "commune": "Saintes",
        "code_postal": "17100",
        "departement": "Charente-Maritime",
        "region": "Nouvelle-Aquitaine",
        "site_internet": "http://terra-aventura.fr/",
        "createur": "Office de Tourisme de Saintes & la Saintonge"
      }
    },
    {
      "type": "Feature",
      "geometry": {
        "type": "Point",
        "coordinates": [
          -0.679692,
          45.835125
        ]
      },
      "properties": {
        "nom": "Terra Aventura, Port d'Envaux : Serez-vous de taille ?",
        "identifiant": "5730399",
        "type": "Lieu",
        "commune": "Port-d'Envaux",
        "code_postal": "17350",
        "departement": "Charente-Maritime",
        "region": "Nouvelle-Aquitaine",
        "site_internet": "http://terra-aventura.fr/",
        "createur": "Communauté de communes Coeur de Saintonge"
      }
    },
    {
      "type": "Feature",
      "geometry": {
        "type": "Point",
        "coordinates": [
          -0.421185,
          45.774089
        ]
      },
      "properties": {
        "nom": "Terra Aventura, Burie : Une histoire pour Goulebenèze",
        "identifiant": "5733341",
        "type": "Lieu",
        "commune": "Burie",
        "code_postal": "17770",
        "departement": "Charente-Maritime",
        "region": "Nouvelle-Aquitaine",
        "site_internet": "http://terra-aventura.fr/",
        "createur": "Office de Tourisme de Saintes & la Saintonge"
      }
    },
    {
      "type": "Feature",
      "geometry": {
        "type": "Point",
        "coordinates": [
          0.92033051,
          45.414463
        ]
      },
      "properties": {
        "nom": "Terra Aventura : Une cloche sonne, sonne...",
        "identifiant": "ASCAQU024V50GPKU",
        "type": "Produit",
        "commune": "Thiviers",
        "code_postal": "24800",
        "departement": "Dordogne",
        "region": "Nouvelle-Aquitaine",
        "site_internet": "https://www.perigord-limousin-tourisme.com/decouvrez-nos-pepites/terra-aventura-l-incroyable-chasse-aux-tresors/",
        "createur": "Isle-Auvézère"
      }
    },
    {
      "type": "Feature",
      "geometry": {
        "type": "Point",
        "coordinates": [
          1.06096,
          45.493
        ]
      },
      "properties": {
        "nom": "Terra Aventura : Filez, pauvres fous !",
        "identifiant": "ASCAQU024V50GPLI",
        "type": "Produit",
        "commune": "Jumilhac-le-Grand",
        "code_postal": "24630",
        "departement": "Dordogne",
        "region": "Nouvelle-Aquitaine",
        "site_internet": "https://www.perigord-limousin-tourisme.com/decouvrez-nos-pepites/terra-aventura-l-incroyable-chasse-aux-tresors/",
        "createur": "Isle-Auvézère"
      }
    },
    {
      "type": "Feature",
      "geometry": {
        "type": "Point",
        "coordinates": [
          0.662239,
          45.530402
        ]
      },
      "properties": {
        "nom": "Terra Aventura : Les fines lames du Périgord",
        "identifiant": "ASCAQU024V50GPCA",
        "type": "Produit",
        "commune": "Nontron",
        "code_postal": "24300",
        "departement": "Dordogne",
        "region": "Nouvelle-Aquitaine",
        "site_internet": "https://www.tourisme-perigord-nontronnais.fr/",
        "createur": "Parc Naturel Régional Périgord-Limousin"
      }
    },
    {
      "type": "Feature",
      "geometry": {
        "type": "Point",
        "coordinates": [
          -0.107144,
          45.30161
        ]
      },
      "properties": {
        "nom": "Géocaching Terra Aventura : un drôle de guépier",
        "identifiant": "5758068",
        "type": "Lieu",
        "commune": "Guizengeard",
        "code_postal": "16480",
        "departement": "Charente",
        "region": "Nouvelle-Aquitaine",
        "site_internet": "https://www.sudcharentetourisme.fr/",
        "createur": "Office de tourisme du Sud Charente"
      }
    },
    {
      "type": "Feature",
      "geometry": {
        "type": "Point",
        "coordinates": [
          0.45340699,
          45.4523579
        ]
      },
      "properties": {
        "nom": "Terra Aventura : Bourdeilles, nul ne vaincra",
        "identifiant": "ASCAQU024V50JLH9",
        "type": "Produit",
        "commune": "Bourdeilles",
        "code_postal": "24310",
        "departement": "Dordogne",
        "region": "Nouvelle-Aquitaine",
        "site_internet": "",
        "createur": "Val de Dronne"
      }
    },
    {
      "type": "Feature",
      "geometry": {
        "type": "Point",
        "coordinates": [
          0.1811375,
          46.7857338
        ]
      },
      "properties": {
        "nom": "Tèrra Aventura : Trop fortes ces Mirebalaises !",
        "identifiant": "ASCAQU086V50172K",
        "type": "Produit,Lieu",
        "commune": "Mirebeau",
        "code_postal": "86110",
        "departement": "Vienne",
        "region": "Nouvelle-Aquitaine",
        "site_internet": "https://www.terra-aventura.fr/parcours",
        "createur": "Office de Tourisme du Haut-Poitou"
      }
    },
    {
      "type": "Feature",
      "geometry": {
        "type": "Point",
        "coordinates": [
          0.0859965,
          46.6587578
        ]
      },
      "properties": {
        "nom": "Tèrra Aventura : Zahan, sors de ta coquille !",
        "identifiant": "ASCAQU086V50172S",
        "type": "Produit,Lieu",
        "commune": "Ayron",
        "code_postal": "86190",
        "departement": "Vienne",
        "region": "Nouvelle-Aquitaine",
        "site_internet": "https://www.terra-aventura.fr/parcours",
        "createur": "Office de Tourisme du Haut-Poitou"
      }
    },
    {
      "type": "Feature",
      "geometry": {
        "type": "Point",
        "coordinates": [
          0.1665108,
          46.6387381
        ]
      },
      "properties": {
        "nom": "Tèrra Aventura : Sans Clo, ni Vis...",
        "identifiant": "ASCAQU086V50172W",
        "type": "Produit,Lieu",
        "commune": "Vouillé",
        "code_postal": "86190",
        "departement": "Vienne",
        "region": "Nouvelle-Aquitaine",
        "site_internet": "https://www.terra-aventura.fr/parcours",
        "createur": "Office de Tourisme du Haut-Poitou"
      }
    },
    {
      "type": "Feature",
      "geometry": {
        "type": "Point",
        "coordinates": [
          0.016743,
          46.717132
        ]
      },
      "properties": {
        "nom": "Tèrra Aventura : Gargantua vous rend \"Cherves\" !",
        "identifiant": "ASCAQU086V50172Z",
        "type": "Produit,Lieu",
        "commune": "Cherves",
        "code_postal": "86170",
        "departement": "Vienne",
        "region": "Nouvelle-Aquitaine",
        "site_internet": "https://www.terra-aventura.fr/parcours",
        "createur": "Office de Tourisme du Haut-Poitou"
      }
    },
    {
      "type": "Feature",
      "geometry": {
        "type": "Point",
        "coordinates": [
          -1.25596,
          43.42929
        ]
      },
      "properties": {
        "nom": "Terra Aventura - Cette bastide, il lui manque une case !",
        "identifiant": "ASCAQU064V5BKBX5",
        "type": "Produit",
        "commune": "La Bastide-Clairence",
        "code_postal": "64240",
        "departement": "Pyrénées-Atlantiques",
        "region": "Nouvelle-Aquitaine",
        "site_internet": "https://www.terra-aventura.fr/",
        "createur": "Office de Tourisme Pays Basque"
      }
    },
    {
      "type": "Feature",
      "geometry": {
        "type": "Point",
        "coordinates": [
          1.0489059,
          45.340019
        ]
      },
      "properties": {
        "nom": "Terra Aventura : Le grand Trouveur d'Excideuil ...",
        "identifiant": "ASCAQU024V50FE2L",
        "type": "Produit",
        "commune": "Excideuil",
        "code_postal": "24160",
        "departement": "Dordogne",
        "region": "Nouvelle-Aquitaine",
        "site_internet": "",
        "createur": "Isle-Auvézère"
      }
    },
    {
      "type": "Feature",
      "geometry": {
        "type": "Point",
        "coordinates": [
          0.60655442,
          44.7308301
        ]
      },
      "properties": {
        "nom": "Tèrra Aventura :  La commande du Monsieur d'Issigeac",
        "identifiant": "ASCAQU024V50FAXT",
        "type": "Produit",
        "commune": "Issigeac",
        "code_postal": "24560",
        "departement": "Dordogne",
        "region": "Nouvelle-Aquitaine",
        "site_internet": "https://www.terra-aventura.fr/caches/la-commande-du-monsieur-dissigeac",
        "createur": "Pays de Bergerac, Vignoble & Bastides"
      }
    },
    {
      "type": "Feature",
      "geometry": {
        "type": "Point",
        "coordinates": [
          0.45340699,
          45.4523579
        ]
      },
      "properties": {
        "nom": "Terra Aventura : Zekid, Prince des voleurs",
        "identifiant": "ASCAQU024V50FA9H",
        "type": "Produit",
        "commune": "Mareuil en Périgord",
        "code_postal": "24340",
        "departement": "Dordogne",
        "region": "Nouvelle-Aquitaine",
        "site_internet": "",
        "createur": "Val de Dronne"
      }
    },
    {
      "type": "Feature",
      "geometry": {
        "type": "Point",
        "coordinates": [
          -0.8508369,
          43.3812448
        ]
      },
      "properties": {
        "nom": "Tèrra Aventura : Viva Laàs Vegas !",
        "identifiant": "ASCAQU064V5A9Y3A",
        "type": "Produit",
        "commune": "Laàs",
        "code_postal": "64390",
        "departement": "Pyrénées-Atlantiques",
        "region": "Nouvelle-Aquitaine",
        "site_internet": "",
        "createur": "OT Béarn des Gaves"
      }
    },
    {
      "type": "Feature",
      "geometry": {
        "type": "Point",
        "coordinates": [
          1.07600083,
          45.3065241
        ]
      },
      "properties": {
        "nom": "Terra Aventura : Sent Rafeu code",
        "identifiant": "ASCAQU024V50D69F",
        "type": "Produit",
        "commune": "Savignac-Lédrier",
        "code_postal": "24160",
        "departement": "Dordogne",
        "region": "Nouvelle-Aquitaine",
        "site_internet": "https://www.naturellementperigord.fr/",
        "createur": "Isle-Auvézère"
      }
    },
    {
      "type": "Feature",
      "geometry": {
        "type": "Point",
        "coordinates": [
          0.36181146,
          45.038588
        ]
      },
      "properties": {
        "nom": "Terra Aventura : Bougies à tout prix",
        "identifiant": "ASCAQU024V50OU00",
        "type": "Produit,Lieu",
        "commune": "Mussidan",
        "code_postal": "24400",
        "departement": "Dordogne",
        "region": "Nouvelle-Aquitaine",
        "site_internet": "https://www.terra-aventura.fr/comment-jouer",
        "createur": "Vallée de l'Isle en Périgord"
      }
    },
    {
      "type": "Feature",
      "geometry": {
        "type": "Point",
        "coordinates": [
          -0.536671,
          45.94535
        ]
      },
      "properties": {
        "nom": "Tèrra aventura - Saint-Jean-d'Angély",
        "identifiant": "7941308",
        "type": "Lieu",
        "commune": "Saint-Jean-d'Angély",
        "code_postal": "17400",
        "departement": "Charente-Maritime",
        "region": "Nouvelle-Aquitaine",
        "site_internet": "https://www.destinationvalsdesaintonge.com/,https://www.terra-aventura.fr/",
        "createur": "Office de Tourisme des Vals de Saintonge"
      }
    },
    {
      "type": "Feature",
      "geometry": {
        "type": "Point",
        "coordinates": [
          -1.0348967,
          43.0364508
        ]
      },
      "properties": {
        "nom": "Terra Aventura : Basajaun et les hêtres fantastiques",
        "identifiant": "ASCAQU064V5AR4OK",
        "type": "Produit",
        "commune": "Larrau",
        "code_postal": "64560",
        "departement": "Pyrénées-Atlantiques",
        "region": "Nouvelle-Aquitaine",
        "site_internet": "",
        "createur": "Office de Tourisme Pays Basque"
      }
    },
    {
      "type": "Feature",
      "geometry": {
        "type": "Point",
        "coordinates": [
          -1.5877474,
          43.4416193
        ]
      },
      "properties": {
        "nom": "Terra Aventura : des sources, des baleines et des marins",
        "identifiant": "ASCAQU064V5AR3QP",
        "type": "Produit",
        "commune": "Bidart",
        "code_postal": "64210",
        "departement": "Pyrénées-Atlantiques",
        "region": "Nouvelle-Aquitaine",
        "site_internet": "https://www.bidarttourisme.com/fr/accueil",
        "createur": "OT Bidart"
      }
    },
    {
      "type": "Feature",
      "geometry": {
        "type": "Point",
        "coordinates": [
          -1.232852,
          43.257029
        ]
      },
      "properties": {
        "nom": "Terra Aventura - Les laminak cherchent la \"Baigarre\"",
        "identifiant": "ASCAQU064V5ARDWA",
        "type": "Produit",
        "commune": "Irissarry",
        "code_postal": "64780",
        "departement": "Pyrénées-Atlantiques",
        "region": "Nouvelle-Aquitaine",
        "site_internet": "https://www.terra-aventura.fr/",
        "createur": "Office de Tourisme Pays Basque"
      }
    },
    {
      "type": "Feature",
      "geometry": {
        "type": "Point",
        "coordinates": [
          -0.7457343,
          43.7491883
        ]
      },
      "properties": {
        "nom": "Tèrra Aventura : Aux vendanges, les p'tits bouchons !",
        "identifiant": "ASCAQU040V50OQAT",
        "type": "Produit",
        "commune": "Mugron",
        "code_postal": "40250",
        "departement": "Landes",
        "region": "Nouvelle-Aquitaine",
        "site_internet": "http://www.chalosse.fr/",
        "createur": "OT Terres de Chalosse"
      }
    },
    {
      "type": "Feature",
      "geometry": {
        "type": "Point",
        "coordinates": [
          0.26517779,
          45.1314256
        ]
      },
      "properties": {
        "nom": "Terra Aventura : les Doublauds font la paire",
        "identifiant": "ASCAQU024V50FTVW",
        "type": "Produit,Lieu",
        "commune": "Échourgnac",
        "code_postal": "24410",
        "departement": "Dordogne",
        "region": "Nouvelle-Aquitaine",
        "site_internet": "",
        "createur": "Vallée de l'Isle en Périgord"
      }
    },
    {
      "type": "Feature",
      "geometry": {
        "type": "Point",
        "coordinates": [
          -0.2414378,
          44.9107725
        ]
      },
      "properties": {
        "nom": "Terra Aventura : à la découverte de la bastide royale",
        "identifiant": "ASCAQU033V50WXL2",
        "type": "Produit",
        "commune": "Libourne",
        "code_postal": "33500",
        "departement": "Gironde",
        "region": "Nouvelle-Aquitaine",
        "site_internet": "http://www.tourisme-libournais.com/",
        "createur": "OTI du Libournais"
      }
    },
    {
      "type": "Feature",
      "geometry": {
        "type": "Point",
        "coordinates": [
          -0.744338,
          45.193145
        ]
      },
      "properties": {
        "nom": "Terra Aventura : Angélique belle de l'estuaire",
        "identifiant": "ASCAQU033V50X3SS",
        "type": "Produit",
        "commune": "Pauillac",
        "code_postal": "33250",
        "departement": "Gironde",
        "region": "Nouvelle-Aquitaine",
        "site_internet": "https://www.terra-aventura.fr/parcours",
        "createur": "OT Médoc-Vignoble"
      }
    },
    {
      "type": "Feature",
      "geometry": {
        "type": "Point",
        "coordinates": [
          0.442602,
          45.61376
        ]
      },
      "properties": {
        "nom": "Géocaching Terra Aventura : Les Chevaliers du Bandiat",
        "identifiant": "5682613",
        "type": "Lieu",
        "commune": "Marthon",
        "code_postal": "16380",
        "departement": "Charente",
        "region": "Nouvelle-Aquitaine",
        "site_internet": "",
        "createur": "Office de Tourisme La Rochefoucauld Porte du Périgord"
      }
    },
    {
      "type": "Feature",
      "geometry": {
        "type": "Point",
        "coordinates": [
          0.273772,
          45.679504
        ]
      },
      "properties": {
        "nom": "Tèrra Aventura - Geocaching \"En nature Simone\"",
        "identifiant": "7863851",
        "type": "Lieu",
        "commune": "Mornac",
        "code_postal": "16600",
        "departement": "Charente",
        "region": "Nouvelle-Aquitaine",
        "site_internet": "https://www.terra-aventura.fr/",
        "createur": "Office de Tourisme du Pays d'Angoulême"
      }
    },
    {
      "type": "Feature",
      "geometry": {
        "type": "Point",
        "coordinates": [
          0.834699,
          45.669882
        ]
      },
      "properties": {
        "nom": "Tèrra Aventura : Mystère en forêt de Boubon",
        "identifiant": "ASCAQU087V504CFL",
        "type": "Produit",
        "commune": "Cussac",
        "code_postal": "87150",
        "departement": "Haute-Vienne",
        "region": "Nouvelle-Aquitaine",
        "site_internet": "https://www.terra-aventura.fr/caches/en-poste-dans-la-foret-de-boubon",
        "createur": "OT Ouest Limousin"
      }
    },
    {
      "type": "Feature",
      "geometry": {
        "type": "Point",
        "coordinates": [
          -0.494671,
          45.933927
        ]
      },
      "properties": {
        "nom": "Tèrra Aventura - Saint-Julien-de-l'Escap",
        "identifiant": "7897029",
        "type": "Lieu",
        "commune": "Saint-Julien-de-l'Escap",
        "code_postal": "17400",
        "departement": "Charente-Maritime",
        "region": "Nouvelle-Aquitaine",
        "site_internet": "https://www.destinationvalsdesaintonge.com/,https://www.terra-aventura.fr/",
        "createur": "Office de Tourisme des Vals de Saintonge"
      }
    },
    {
      "type": "Feature",
      "geometry": {
        "type": "Point",
        "coordinates": [
          -0.679295,
          45.879469
        ]
      },
      "properties": {
        "nom": "Tèrra Aventura - Saint-Savinien-sur-Charente",
        "identifiant": "5859885",
        "type": "Lieu",
        "commune": "Saint-Savinien",
        "code_postal": "17350",
        "departement": "Charente-Maritime",
        "region": "Nouvelle-Aquitaine",
        "site_internet": "https://www.destinationvalsdesaintonge.com/,https://www.terra-aventura.fr/",
        "createur": "Office de Tourisme des Vals de Saintonge"
      }
    },
    {
      "type": "Feature",
      "geometry": {
        "type": "Point",
        "coordinates": [
          0.163736,
          45.378033
        ]
      },
      "properties": {
        "nom": "Géocaching Terra Aventura : Le coteau se rebiffe",
        "identifiant": "5758045",
        "type": "Lieu",
        "commune": "Juignac",
        "code_postal": "16190",
        "departement": "Charente",
        "region": "Nouvelle-Aquitaine",
        "site_internet": "https://www.sudcharentetourisme.fr/",
        "createur": "Office de tourisme du Sud Charente"
      }
    },
    {
      "type": "Feature",
      "geometry": {
        "type": "Point",
        "coordinates": [
          0.277526,
          45.481976
        ]
      },
      "properties": {
        "nom": "Géocaching Terra Aventura : La cornuelle royale",
        "identifiant": "5758043",
        "type": "Lieu",
        "commune": "Villebois-Lavalette",
        "code_postal": "16320",
        "departement": "Charente",
        "region": "Nouvelle-Aquitaine",
        "site_internet": "https://www.sudcharentetourisme.fr/",
        "createur": "Office de tourisme du Sud Charente"
      }
    },
    {
      "type": "Feature",
      "geometry": {
        "type": "Point",
        "coordinates": [
          -1.028292,
          45.708126
        ]
      },
      "properties": {
        "nom": "Tèrra Aventura - Un grain de sel dans ma Gabelle",
        "identifiant": "5782951",
        "type": "Lieu",
        "commune": "Mornac-sur-Seudre",
        "code_postal": "17113",
        "departement": "Charente-Maritime",
        "region": "Nouvelle-Aquitaine",
        "site_internet": "",
        "createur": "Royan Atlantique"
      }
    },
    {
      "type": "Feature",
      "geometry": {
        "type": "Point",
        "coordinates": [
          -0.548696,
          45.572981
        ]
      },
      "properties": {
        "nom": "Geocaching Tèrra Aventura - Le miracle de la Seugne",
        "identifiant": "5893101",
        "type": "Lieu",
        "commune": "Pons",
        "code_postal": "17800",
        "departement": "Charente-Maritime",
        "region": "Nouvelle-Aquitaine",
        "site_internet": "https://www.terra-aventura.fr/",
        "createur": "CDC de Haute Saintonge"
      }
    },
    {
      "type": "Feature",
      "geometry": {
        "type": "Point",
        "coordinates": [
          -1.0208759,
          44.635606
        ]
      },
      "properties": {
        "nom": "Tèrra Aventura au Teich : \"Alerte à la Réserve !\"",
        "identifiant": "ASCAQU033V51941P",
        "type": "Produit",
        "commune": "Le Teich",
        "code_postal": "33470",
        "departement": "Gironde",
        "region": "Nouvelle-Aquitaine",
        "site_internet": "",
        "createur": "OT Le Teich"
      }
    },
    {
      "type": "Feature",
      "geometry": {
        "type": "Point",
        "coordinates": [
          -1.088972,
          46.05399
        ]
      },
      "properties": {
        "nom": "Terra Aventura : A la cache aux moules",
        "identifiant": "5700386",
        "type": "Lieu",
        "commune": "Châtelaillon-Plage",
        "code_postal": "17340",
        "departement": "Charente-Maritime",
        "region": "Nouvelle-Aquitaine",
        "site_internet": "",
        "createur": "Office de Tourisme de Châtelaillon-Plage"
      }
    },
    {
      "type": "Feature",
      "geometry": {
        "type": "Point",
        "coordinates": [
          -0.93894,
          43.399425
        ]
      },
      "properties": {
        "nom": "Tèrra Aventura : Sancie sauvée des z'eaux",
        "identifiant": "ASCAQU064V5A9Y0M",
        "type": "Produit",
        "commune": "Sauveterre-de-Béarn",
        "code_postal": "64390",
        "departement": "Pyrénées-Atlantiques",
        "region": "Nouvelle-Aquitaine",
        "site_internet": "",
        "createur": "OT Béarn des Gaves"
      }
    },
    {
      "type": "Feature",
      "geometry": {
        "type": "Point",
        "coordinates": [
          -0.434243,
          43.333451
        ]
      },
      "properties": {
        "nom": "Géocaching Terra Aventura : le tombeau de la discorde",
        "identifiant": "ASCAQU064V5A8UK1",
        "type": "Produit",
        "commune": "Lescar",
        "code_postal": "64230",
        "departement": "Pyrénées-Atlantiques",
        "region": "Nouvelle-Aquitaine",
        "site_internet": "https://www.terra-aventura.fr/",
        "createur": "OT Pau"
      }
    },
    {
      "type": "Feature",
      "geometry": {
        "type": "Point",
        "coordinates": [
          -1.142052,
          44.764441
        ]
      },
      "properties": {
        "nom": "Terra Aventura : \"Court-circuit dans ta street\"",
        "identifiant": "ASCAQU033V51A1BB",
        "type": "Produit",
        "commune": "Arès",
        "code_postal": "33740",
        "departement": "Gironde",
        "region": "Nouvelle-Aquitaine",
        "site_internet": "",
        "createur": "Office de Tourisme d'Arès"
      }
    },
    {
      "type": "Feature",
      "geometry": {
        "type": "Point",
        "coordinates": [
          0.333675,
          46.532597
        ]
      },
      "properties": {
        "nom": "Tèrra Aventura : Givray chercher les Z'Ingredients",
        "identifiant": "ASCAQU086V502F83",
        "type": "Produit,Lieu",
        "commune": "Ligugé",
        "code_postal": "86240",
        "departement": "Vienne",
        "region": "Nouvelle-Aquitaine",
        "site_internet": "https://www.terra-aventura.fr/parcours",
        "createur": "Office de Tourisme de Grand Poitiers"
      }
    },
    {
      "type": "Feature",
      "geometry": {
        "type": "Point",
        "coordinates": [
          -0.027237,
          45.628864
        ]
      },
      "properties": {
        "nom": "Geocaching : Terra Aventura - La main dans l'essac",
        "identifiant": "5700338",
        "type": "Lieu",
        "commune": "Mosnac-Saint-Simeux",
        "code_postal": "16120",
        "departement": "Charente",
        "region": "Nouvelle-Aquitaine",
        "site_internet": "https://www.terra-aventura.fr/",
        "createur": "Destination Cognac"
      }
    },
    {
      "type": "Feature",
      "geometry": {
        "type": "Point",
        "coordinates": [
          -0.218194,
          45.617721
        ]
      },
      "properties": {
        "nom": "Geocaching : Terra Aventura - Panique à l'alambic",
        "identifiant": "5700347",
        "type": "Lieu",
        "commune": "Segonzac",
        "code_postal": "16130",
        "departement": "Charente",
        "region": "Nouvelle-Aquitaine",
        "site_internet": "https://www.terra-aventura.fr/",
        "createur": "Destination Cognac"
      }
    },
    {
      "type": "Feature",
      "geometry": {
        "type": "Point",
        "coordinates": [
          0.76933399,
          44.770052
        ]
      },
      "properties": {
        "nom": "Tèrra Aventura : Zéchopp, l'écro qui vous croque !",
        "identifiant": "ASCAQU024V50GQSI",
        "type": "Produit",
        "commune": "Monpazier",
        "code_postal": "24540",
        "departement": "Dordogne",
        "region": "Nouvelle-Aquitaine",
        "site_internet": "https://www.terra-aventura.fr/caches/zechopp-lescroc-qui-vous-croque",
        "createur": "Pays de Bergerac, Vignoble & Bastides"
      }
    },
    {
      "type": "Feature",
      "geometry": {
        "type": "Point",
        "coordinates": [
          0.631076,
          44.200989
        ]
      },
      "properties": {
        "nom": "Circuit Tèrra Aventura : Poupou sur la Garonne",
        "identifiant": "ASCAQU047V50FM6E",
        "type": "Produit",
        "commune": "Agen",
        "code_postal": "47000",
        "departement": "Lot-et-Garonne",
        "region": "Nouvelle-Aquitaine",
        "site_internet": "http://www.destination-agen.fr/,https://www.terra-aventura.fr/",
        "createur": "OT Destination Agen"
      }
    },
    {
      "type": "Feature",
      "geometry": {
        "type": "Point",
        "coordinates": [
          -1.1799082,
          44.3886335
        ]
      },
      "properties": {
        "nom": "Terra Aventura : Bisca donne des z’ailes",
        "identifiant": "ASCAQU040V50RHSD",
        "type": "Produit,Lieu",
        "commune": "Biscarrosse",
        "code_postal": "40600",
        "departement": "Landes",
        "region": "Nouvelle-Aquitaine",
        "site_internet": "https://www.terra-aventura.fr/",
        "createur": "OT Grands Lacs"
      }
    },
    {
      "type": "Feature",
      "geometry": {
        "type": "Point",
        "coordinates": [
          -1.1407936,
          43.483811
        ]
      },
      "properties": {
        "nom": "Terra Aventura - Têtu comme un Bidachot",
        "identifiant": "ASCAQU064V5B71E0",
        "type": "Produit",
        "commune": "Bidache",
        "code_postal": "64520",
        "departement": "Pyrénées-Atlantiques",
        "region": "Nouvelle-Aquitaine",
        "site_internet": "https://www.terra-aventura.fr/",
        "createur": "Office de Tourisme Pays Basque"
      }
    },
    {
      "type": "Feature",
      "geometry": {
        "type": "Point",
        "coordinates": [
          -1.0749671,
          43.7122201
        ]
      },
      "properties": {
        "nom": "Terra Aventura : Zabeth prend les eaux",
        "identifiant": "ASCAQU040V50RL8A",
        "type": "Produit",
        "commune": "Dax",
        "code_postal": "40100",
        "departement": "Landes",
        "region": "Nouvelle-Aquitaine",
        "site_internet": "https://www.terra-aventura.fr/",
        "createur": "OT Grand Dax"
      }
    },
    {
      "type": "Feature",
      "geometry": {
        "type": "Point",
        "coordinates": [
          -0.2269,
          44.56482
        ]
      },
      "properties": {
        "nom": "Terra Aventura : Le Mercadiou tourne en barrique !",
        "identifiant": "ASCAQU033V50ZDC8",
        "type": "Produit",
        "commune": "Saint-Macaire",
        "code_postal": "33490",
        "departement": "Gironde",
        "region": "Nouvelle-Aquitaine",
        "site_internet": "https://www.lagirondedusud.com/",
        "createur": "La Gironde du Sud"
      }
    },
    {
      "type": "Feature",
      "geometry": {
        "type": "Point",
        "coordinates": [
          -0.529406,
          45.365227
        ]
      },
      "properties": {
        "nom": "Geocaching Tèrra Aventura - L'attaque du crocothemis",
        "identifiant": "5893106",
        "type": "Lieu",
        "commune": "Soubran",
        "code_postal": "17150",
        "departement": "Charente-Maritime",
        "region": "Nouvelle-Aquitaine",
        "site_internet": "https://www.terra-aventura.fr/",
        "createur": "CDC de Haute Saintonge"
      }
    },
    {
      "type": "Feature",
      "geometry": {
        "type": "Point",
        "coordinates": [
          -0.904435,
          45.53588
        ]
      },
      "properties": {
        "nom": "Terra Aventura - Tout le Talon du monde",
        "identifiant": "5959687",
        "type": "Lieu",
        "commune": "Talmont-sur-Gironde",
        "code_postal": "17120",
        "departement": "Charente-Maritime",
        "region": "Nouvelle-Aquitaine",
        "site_internet": "",
        "createur": "Royan Atlantique"
      }
    },
    {
      "type": "Feature",
      "geometry": {
        "type": "Point",
        "coordinates": [
          -0.15712,
          45.47292
        ]
      },
      "properties": {
        "nom": "Géocaching Terra Aventura : Barbezieux, la créative !",
        "identifiant": "5758042",
        "type": "Lieu",
        "commune": "Barbezieux-Saint-Hilaire",
        "code_postal": "16300",
        "departement": "Charente",
        "region": "Nouvelle-Aquitaine",
        "site_internet": "https://boutique.sudcharentetourisme.fr/billetterie",
        "createur": "Office de tourisme du Sud Charente"
      }
    },
    {
      "type": "Feature",
      "geometry": {
        "type": "Point",
        "coordinates": [
          0.81159811,
          46.7858128
        ]
      },
      "properties": {
        "nom": "Tèrra Aventura : Un bain d'eau de velours",
        "identifiant": "ASCAQU086V5010TT",
        "type": "Produit,Lieu",
        "commune": "La Roche-Posay",
        "code_postal": "86270",
        "departement": "Vienne",
        "region": "Nouvelle-Aquitaine",
        "site_internet": "https://www.terra-aventura.fr/",
        "createur": "Office de Tourisme & du Thermalisme La Roche Posay"
      }
    },
    {
      "type": "Feature",
      "geometry": {
        "type": "Point",
        "coordinates": [
          0.122455,
          46.43471
        ]
      },
      "properties": {
        "nom": "Tèrra Aventura : Mélusine est de retour !",
        "identifiant": "ASCAQU086V501AE8",
        "type": "Produit,Lieu",
        "commune": "Lusignan",
        "code_postal": "86600",
        "departement": "Vienne",
        "region": "Nouvelle-Aquitaine",
        "site_internet": "https://www.terra-aventura.fr/parcours",
        "createur": "Office de Tourisme de Grand Poitiers"
      }
    },
    {
      "type": "Feature",
      "geometry": {
        "type": "Point",
        "coordinates": [
          0.33998,
          46.5498
        ]
      },
      "properties": {
        "nom": "Tèrra Aventura : L'Affaire Jaune Tournesol",
        "identifiant": "ASCAQU086V501ADO",
        "type": "Produit,Lieu",
        "commune": "Saint-Benoît",
        "code_postal": "86280",
        "departement": "Vienne",
        "region": "Nouvelle-Aquitaine",
        "site_internet": "https://www.terra-aventura.fr/parcours",
        "createur": "Office de Tourisme de Grand Poitiers"
      }
    },
    {
      "type": "Feature",
      "geometry": {
        "type": "Point",
        "coordinates": [
          0.41758923,
          46.8247652
        ]
      },
      "properties": {
        "nom": "Tèrra Aventura : Néomaye aux pieds palmés",
        "identifiant": "ASCAQU086V5012MW",
        "type": "Produit,Lieu",
        "commune": "Scorbé-Clairvaux",
        "code_postal": "86140",
        "departement": "Vienne",
        "region": "Nouvelle-Aquitaine",
        "site_internet": "https://www.tourisme-chatellerault.fr/,https://www.terra-aventura.fr/parcours",
        "createur": "Office de Tourisme de Grand Châtellerault"
      }
    },
    {
      "type": "Feature",
      "geometry": {
        "type": "Point",
        "coordinates": [
          0.8863226,
          46.694609
        ]
      },
      "properties": {
        "nom": "Tèrra Aventura : Les jours d'Angles sont contés",
        "identifiant": "ASCAQU086V5012MX",
        "type": "Produit,Lieu",
        "commune": "Angles-sur-l'Anglin",
        "code_postal": "86260",
        "departement": "Vienne",
        "region": "Nouvelle-Aquitaine",
        "site_internet": "https://www.tourisme-chatellerault.fr/,https://www.terra-aventura.fr/parcours",
        "createur": "Office de Tourisme de Grand Châtellerault"
      }
    },
    {
      "type": "Feature",
      "geometry": {
        "type": "Point",
        "coordinates": [
          1.03302837,
          45.6145837
        ]
      },
      "properties": {
        "nom": "Tèrra Aventura : Hermeline, à la belle étoile...",
        "identifiant": "ASCAQU087V5019YE",
        "type": "Produit",
        "commune": "Bussière-Galant",
        "code_postal": "87230",
        "departement": "Haute-Vienne",
        "region": "Nouvelle-Aquitaine",
        "site_internet": "https://www.terra-aventura.fr/caches/hermeline-la-belle-etoile",
        "createur": "OT Pays de Nexon - Monts de Châlus"
      }
    },
    {
      "type": "Feature",
      "geometry": {
        "type": "Point",
        "coordinates": [
          -0.8318695,
          43.7088391
        ]
      },
      "properties": {
        "nom": "Séjour Terra Aventura en Terres de Chalosse",
        "identifiant": "OP031AQU040V50XHJE",
        "type": "Produit",
        "commune": "Montfort-en-Chalosse",
        "code_postal": "40380",
        "departement": "Landes",
        "region": "Nouvelle-Aquitaine",
        "site_internet": "https://www.lescheminsdeberdis.fr/reservation-en-ligne.html,https://www.lescheminsdeberdis.fr/,https://www.lescheminsdeberdis.fr/reservation-en-ligne.html,https://www.lescheminsdeberdis.fr/",
        "createur": "CDT 40"
      }
    },
    {
      "type": "Feature",
      "geometry": {
        "type": "Point",
        "coordinates": [
          -1.114072,
          43.589153
        ]
      },
      "properties": {
        "nom": "Séjour Terra Aventura dans la Vallée du Kiwi",
        "identifiant": "OP031AQU040V50W7SB",
        "type": "Produit",
        "commune": "Bélus",
        "code_postal": "40300",
        "departement": "Landes",
        "region": "Nouvelle-Aquitaine",
        "site_internet": "https://naxiresa.inaxel.com/etape1-criteres.php?compte=comtesse,https://campinglacomtesse.com/,https://naxiresa.inaxel.com/etape1-criteres.php?compte=comtesse,https://campinglacomtesse.com/",
        "createur": "CDT 40"
      }
    },
    {
      "type": "Feature",
      "geometry": {
        "type": "Point",
        "coordinates": [
          -0.32235,
          44.03324
        ]
      },
      "properties": {
        "nom": "Séjour Terra Aventura en Landes d'Armagnac",
        "identifiant": "OP031AQU040V50W7U8",
        "type": "Produit",
        "commune": "Roquefort",
        "code_postal": "40120",
        "departement": "Landes",
        "region": "Nouvelle-Aquitaine",
        "site_internet": "https://www.lestvincent.com/les-chambres,https://www.lestvincent.com/,https://www.lestvincent.com/les-chambres,https://www.lestvincent.com/",
        "createur": "CDT 40"
      }
    },
    {
      "type": "Feature",
      "geometry": {
        "type": "Point",
        "coordinates": [
          -0.88869,
          43.21959
        ]
      },
      "properties": {
        "nom": "Terra Aventura : laisse pas tomber l'espadrille !",
        "identifiant": "ASCAQU064V5BRH6E",
        "type": "Produit",
        "commune": "Mauléon-Licharre",
        "code_postal": "64130",
        "departement": "Pyrénées-Atlantiques",
        "region": "Nouvelle-Aquitaine",
        "site_internet": "https://www.terra-aventura.fr/parcours",
        "createur": "Office de Tourisme Pays Basque"
      }
    },
    {
      "type": "Feature",
      "geometry": {
        "type": "Point",
        "coordinates": [
          -0.747187,
          43.593004
        ]
      },
      "properties": {
        "nom": "Séjour Terra Aventura en Landes Chalosse",
        "identifiant": "OP031AQU040V50W7N5",
        "type": "Produit",
        "commune": "Amou",
        "code_postal": "40330",
        "departement": "Landes",
        "region": "Nouvelle-Aquitaine",
        "site_internet": "https://www.logishotels.com/fr/hotel/hotel-le-commerce-1316?no_dates=1,https://hotel-commerce-darracq.com/chambres-amou-chalosse-sud-landes/,https://www.logishotels.com/fr/hotel/hotel-le-commerce-1316?no_dates=1,https://hotel-commerce-darracq.com/chambres-amou-chalosse-sud-landes/",
        "createur": "CDT 40"
      }
    },
    {
      "type": "Feature",
      "geometry": {
        "type": "Point",
        "coordinates": [
          -1.1098329,
          44.3517677
        ]
      },
      "properties": {
        "nom": "Séjour Terra Aventura dans les Grands Lacs",
        "identifiant": "OP031AQU040V50XFNU",
        "type": "Produit",
        "commune": "Parentis-en-Born",
        "code_postal": "40160",
        "departement": "Landes",
        "region": "Nouvelle-Aquitaine",
        "site_internet": "https://www.camping-calede.com/,https://www.camping-calede.com/",
        "createur": "CDT 40"
      }
    },
    {
      "type": "Feature",
      "geometry": {
        "type": "Point",
        "coordinates": [
          0.758199,
          45.585655
        ]
      },
      "properties": {
        "nom": "Terra Aventura : Zellé, mesfia-té...",
        "identifiant": "ASCAQU024V50L0YQ",
        "type": "Produit",
        "commune": "Abjat-sur-Bandiat",
        "code_postal": "24300",
        "departement": "Dordogne",
        "region": "Nouvelle-Aquitaine",
        "site_internet": "",
        "createur": "Parc Naturel Régional Périgord-Limousin"
      }
    },
    {
      "type": "Feature",
      "geometry": {
        "type": "Point",
        "coordinates": [
          -0.755925,
          45.429303
        ]
      },
      "properties": {
        "nom": "Géocaching Terra Aventura - \"Cigognes à bord\"",
        "identifiant": "7949365",
        "type": "Lieu",
        "commune": "Saint-Fort-sur-Gironde",
        "code_postal": "17240",
        "departement": "Charente-Maritime",
        "region": "Nouvelle-Aquitaine",
        "site_internet": "https://www.terra-aventura.fr/",
        "createur": "CDC de Haute Saintonge"
      }
    },
    {
      "type": "Feature",
      "geometry": {
        "type": "Point",
        "coordinates": [
          1.304517,
          45.120748
        ]
      },
      "properties": {
        "nom": "Terra Aventura : Terra sunt, ou l'or de Sorus",
        "identifiant": "ASCAQU024V50F9JX",
        "type": "Produit",
        "commune": "Terrasson-Lavilledieu",
        "code_postal": "24120",
        "departement": "Dordogne",
        "region": "Nouvelle-Aquitaine",
        "site_internet": "",
        "createur": "Vézère Périgord Noir"
      }
    },
    {
      "type": "Feature",
      "geometry": {
        "type": "Point",
        "coordinates": [
          -0.6472453,
          45.1023835
        ]
      },
      "properties": {
        "nom": "Terra Aventura : \"Sous les yeux de la bonne mer\"",
        "identifiant": "ASCAQU033V50LKXF",
        "type": "Produit",
        "commune": "Plassac",
        "code_postal": "33390",
        "departement": "Gironde",
        "region": "Nouvelle-Aquitaine",
        "site_internet": "https://www.terra-aventura.fr/",
        "createur": "OT Blaye"
      }
    },
    {
      "type": "Feature",
      "geometry": {
        "type": "Point",
        "coordinates": [
          0.372022,
          44.034438
        ]
      },
      "properties": {
        "nom": "Circuit Tèrra Aventura : Elu roi des menteurs !",
        "identifiant": "ASCAQU047V50B273",
        "type": "Produit",
        "commune": "Moncrabeau",
        "code_postal": "47600",
        "departement": "Lot-et-Garonne",
        "region": "Nouvelle-Aquitaine",
        "site_internet": "https://albret-tourisme.com/terra-aventura-en-albret/,https://www.terra-aventura.fr/",
        "createur": "OT de l'Albret"
      }
    },
    {
      "type": "Feature",
      "geometry": {
        "type": "Point",
        "coordinates": [
          0.07879293,
          44.5144758
        ]
      },
      "properties": {
        "nom": "Circuit Tèrra Aventura : Et qué s’appelerio Garonne !",
        "identifiant": "ASCAQU047V50936W",
        "type": "Produit",
        "commune": "Couthures-sur-Garonne",
        "code_postal": "47180",
        "departement": "Lot-et-Garonne",
        "region": "Nouvelle-Aquitaine",
        "site_internet": "https://www.valdegaronne-tourisme.com/,https://www.terra-aventura.fr/",
        "createur": "OT Val de Garonne"
      }
    },
    {
      "type": "Feature",
      "geometry": {
        "type": "Point",
        "coordinates": [
          0.52099635,
          44.0749128
        ]
      },
      "properties": {
        "nom": "Circuit Tèrra Aventura : Les reliques de Saint-Louis",
        "identifiant": "ASCAQU047V5091XO",
        "type": "Produit",
        "commune": "Lamontjoie",
        "code_postal": "47310",
        "departement": "Lot-et-Garonne",
        "region": "Nouvelle-Aquitaine",
        "site_internet": "https://albret-tourisme.com/terra-aventura-en-albret/,https://www.terra-aventura.fr/",
        "createur": "OT de l'Albret"
      }
    },
    {
      "type": "Feature",
      "geometry": {
        "type": "Point",
        "coordinates": [
          0.1653247,
          44.4980685
        ]
      },
      "properties": {
        "nom": "Circuit Tèrra Aventura : Le chevalier Pomme d'Amour",
        "identifiant": "ASCAQU047V5091Y3",
        "type": "Produit",
        "commune": "Marmande",
        "code_postal": "47200",
        "departement": "Lot-et-Garonne",
        "region": "Nouvelle-Aquitaine",
        "site_internet": "https://www.valdegaronne-tourisme.com/,https://www.terra-aventura.fr/",
        "createur": "OT Val de Garonne"
      }
    },
    {
      "type": "Feature",
      "geometry": {
        "type": "Point",
        "coordinates": [
          0.41178753,
          44.2054372
        ]
      },
      "properties": {
        "nom": "Circuit Tèrra Aventura : Lord in danger",
        "identifiant": "ASCAQU047V5091XT",
        "type": "Produit",
        "commune": "Bruch",
        "code_postal": "47130",
        "departement": "Lot-et-Garonne",
        "region": "Nouvelle-Aquitaine",
        "site_internet": "https://albret-tourisme.com/terra-aventura-en-albret/,https://www.terra-aventura.fr/",
        "createur": "OT de l'Albret"
      }
    },
    {
      "type": "Feature",
      "geometry": {
        "type": "Point",
        "coordinates": [
          0.45712223,
          44.6280903
        ]
      },
      "properties": {
        "nom": "Circuit Tèrra Aventura : La tournée des grands ducs",
        "identifiant": "ASCAQU047V50ARIW",
        "type": "Produit",
        "commune": "Lauzun",
        "code_postal": "47410",
        "departement": "Lot-et-Garonne",
        "region": "Nouvelle-Aquitaine",
        "site_internet": "http://www.paysdelauzun.com/,https://www.terra-aventura.fr/",
        "createur": "OT du Pays de Lauzun"
      }
    },
    {
      "type": "Feature",
      "geometry": {
        "type": "Point",
        "coordinates": [
          -0.34305,
          44.53088
        ]
      },
      "properties": {
        "nom": "Terra Aventura : Quelques rayons de miel et de Sauternes",
        "identifiant": "ASCAQU033V51AZ10",
        "type": "Produit",
        "commune": "Sauternes",
        "code_postal": "33210",
        "departement": "Gironde",
        "region": "Nouvelle-Aquitaine",
        "site_internet": "http://www.lagirondedusud.com/",
        "createur": "La Gironde du Sud"
      }
    },
    {
      "type": "Feature",
      "geometry": {
        "type": "Point",
        "coordinates": [
          -1.5912044,
          43.4383605
        ]
      },
      "properties": {
        "nom": "Parcours de Géocaching avec Terra Aventura \"Les durs de l'Atlantique\"",
        "identifiant": "ITIAQU064V5B252R",
        "type": "Itinéraire touristique",
        "commune": "Bidart",
        "code_postal": "64210",
        "departement": "Pyrénées-Atlantiques",
        "region": "Nouvelle-Aquitaine",
        "site_internet": "http://www.bidarttourisme.com/",
        "createur": "OT Bidart"
      }
    },
    {
      "type": "Feature",
      "geometry": {
        "type": "Point",
        "coordinates": [
          0.5298053,
          44.1131031
        ]
      },
      "properties": {
        "nom": "Circuit Tèrra Aventura : Sous laplume de l'artiste",
        "identifiant": "ASCAQU047V50LL7W",
        "type": "Produit",
        "commune": "Laplume",
        "code_postal": "47310",
        "departement": "Lot-et-Garonne",
        "region": "Nouvelle-Aquitaine",
        "site_internet": "http://www.destination-agen.fr/,https://www.terra-aventura.fr/",
        "createur": "OT Destination Agen"
      }
    },
    {
      "type": "Feature",
      "geometry": {
        "type": "Point",
        "coordinates": [
          0.50807023,
          44.2885039
        ]
      },
      "properties": {
        "nom": "Circuit Tèrra Aventura : Prayssas vous tient la grappe...",
        "identifiant": "ASCAQU047V50IL52",
        "type": "Produit",
        "commune": "Prayssas",
        "code_postal": "47360",
        "departement": "Lot-et-Garonne",
        "region": "Nouvelle-Aquitaine",
        "site_internet": "http://www.tourisme-coeurlotetgaronne.fr/,https://www.terra-aventura.fr/",
        "createur": "OT du Confluent et des Coteaux de Prayssas"
      }
    },
    {
      "type": "Feature",
      "geometry": {
        "type": "Point",
        "coordinates": [
          -0.5221391,
          44.6806855
        ]
      },
      "properties": {
        "nom": "Terra Aventura : Qui a volé la plume de Montesquieu ?",
        "identifiant": "ASCAQU033V513B6G",
        "type": "Produit",
        "commune": "La Brède",
        "code_postal": "33650",
        "departement": "Gironde",
        "region": "Nouvelle-Aquitaine",
        "site_internet": "http://www.sud-bordeaux-tourisme.com/",
        "createur": "Sud Bordeaux Tourisme"
      }
    },
    {
      "type": "Feature",
      "geometry": {
        "type": "Point",
        "coordinates": [
          1.27635,
          45.83401
        ]
      },
      "properties": {
        "nom": "Tèrra Aventura : Bon vent sur les Bords de Vienne",
        "identifiant": "ASCAQU087V500JLU",
        "type": "Produit",
        "commune": "Limoges",
        "code_postal": "87000",
        "departement": "Haute-Vienne",
        "region": "Nouvelle-Aquitaine",
        "site_internet": "https://www.terra-aventura.fr/caches/bon-vent-sur-les-bords-de-vienne",
        "createur": "OT Limoges Métropole"
      }
    },
    {
      "type": "Feature",
      "geometry": {
        "type": "Point",
        "coordinates": [
          -0.18768,
          45.216629
        ]
      },
      "properties": {
        "nom": "Géocaching Terra Aventura -Qui veille sur la « vieille dame » ?-",
        "identifiant": "6549194",
        "type": "Lieu",
        "commune": "Montguyon",
        "code_postal": "17270",
        "departement": "Charente-Maritime",
        "region": "Nouvelle-Aquitaine",
        "site_internet": "https://www.terra-aventura.fr/",
        "createur": "CDC de Haute Saintonge"
      }
    },
    {
      "type": "Feature",
      "geometry": {
        "type": "Point",
        "coordinates": [
          0.93666293,
          46.2772966
        ]
      },
      "properties": {
        "nom": "Tèrra Aventura : Parkour d'enfer au Saut de la Brame",
        "identifiant": "ASCAQU087V500A8Y",
        "type": "Produit",
        "commune": "Val-d'Oire-et-Gartempe",
        "code_postal": "87330",
        "departement": "Haute-Vienne",
        "region": "Nouvelle-Aquitaine",
        "site_internet": "https://www.terra-aventura.fr/caches/parkour-denfer-au-saut-de-la-brame",
        "createur": "CRT_NA"
      }
    },
    {
      "type": "Feature",
      "geometry": {
        "type": "Point",
        "coordinates": [
          0.90098079,
          45.8987414
        ]
      },
      "properties": {
        "nom": "Tèrra Aventura : Glâner les sentes au-delà des tors",
        "identifiant": "ASCAQU087V500AAR",
        "type": "Produit",
        "commune": "Saint-Junien",
        "code_postal": "87200",
        "departement": "Haute-Vienne",
        "region": "Nouvelle-Aquitaine",
        "site_internet": "https://www.terra-aventura.fr/caches/glaner-les-sentes-au-dela-des-tors",
        "createur": "CRT_NA"
      }
    },
    {
      "type": "Feature",
      "geometry": {
        "type": "Point",
        "coordinates": [
          1.35807,
          45.695309
        ]
      },
      "properties": {
        "nom": "Tèrra Aventura : Des viaducs à la Pars urbana d’Antone",
        "identifiant": "ASCAQU087V500A9G",
        "type": "Produit",
        "commune": "Pierre-Buffière",
        "code_postal": "87260",
        "departement": "Haute-Vienne",
        "region": "Nouvelle-Aquitaine",
        "site_internet": "https://www.terra-aventura.fr/",
        "createur": "OT Briance Sud Haute-Vienne"
      }
    },
    {
      "type": "Feature",
      "geometry": {
        "type": "Point",
        "coordinates": [
          1.03281758,
          45.9310515
        ]
      },
      "properties": {
        "nom": "Tèrra Aventura : La première pierre du nouvel Oradour",
        "identifiant": "ASCAQU087V500A9Z",
        "type": "Produit",
        "commune": "Oradour-sur-Glane",
        "code_postal": "87520",
        "departement": "Haute-Vienne",
        "region": "Nouvelle-Aquitaine",
        "site_internet": "https://www.terra-aventura.fr/caches/la-premiere-pierre-du-nouvel-oradour",
        "createur": "CRT_NA"
      }
    },
    {
      "type": "Feature",
      "geometry": {
        "type": "Point",
        "coordinates": [
          1.44021698,
          45.8636781
        ]
      },
      "properties": {
        "nom": "Tèrra Aventura : Laisser voguer les petits papiers...",
        "identifiant": "ASCAQU087V5004ED",
        "type": "Produit",
        "commune": "Royères",
        "code_postal": "87400",
        "departement": "Haute-Vienne",
        "region": "Nouvelle-Aquitaine",
        "site_internet": "https://www.terra-aventura.fr/caches/laissez-voguer-les-petits-papiers",
        "createur": "OT de Noblat"
      }
    },
    {
      "type": "Feature",
      "geometry": {
        "type": "Point",
        "coordinates": [
          1.30619307,
          45.144693
        ]
      },
      "properties": {
        "nom": "Geocaching Terra Aventura: Pietra e Ignis",
        "identifiant": "ASCAQU019V5006JO",
        "type": "Produit,Lieu",
        "commune": "Cublac",
        "code_postal": "19520",
        "departement": "Corrèze",
        "region": "Nouvelle-Aquitaine",
        "site_internet": "https://www.terra-aventura.fr/",
        "createur": "Brive Tourisme"
      }
    },
    {
      "type": "Feature",
      "geometry": {
        "type": "Point",
        "coordinates": [
          1.52327627,
          45.2271717
        ]
      },
      "properties": {
        "nom": "Geocaching Terra Aventura: Donzenac, cité médiévale",
        "identifiant": "ASCAQU019V5007EU",
        "type": "Produit,Lieu",
        "commune": "Donzenac",
        "code_postal": "19270",
        "departement": "Corrèze",
        "region": "Nouvelle-Aquitaine",
        "site_internet": "https://www.terra-aventura.fr/",
        "createur": "Brive Tourisme"
      }
    },
    {
      "type": "Feature",
      "geometry": {
        "type": "Point",
        "coordinates": [
          1.46373529,
          45.0957798
        ]
      },
      "properties": {
        "nom": "Geocaching Terra Aventura: De l'eau à la Pierre du Causse",
        "identifiant": "ASCAQU019V5007ET",
        "type": "Produit,Lieu",
        "commune": "Lissac-sur-Couze",
        "code_postal": "19600",
        "departement": "Corrèze",
        "region": "Nouvelle-Aquitaine",
        "site_internet": "https://www.terra-aventura.fr/",
        "createur": "Brive Tourisme"
      }
    },
    {
      "type": "Feature",
      "geometry": {
        "type": "Point",
        "coordinates": [
          1.36324358,
          45.2594399
        ]
      },
      "properties": {
        "nom": "Geocaching Terra Aventura: Vartum Aqua et grès",
        "identifiant": "ASCAQU019V5007EZ",
        "type": "Produit,Lieu",
        "commune": "Vars-sur-Roseix",
        "code_postal": "19130",
        "departement": "Corrèze",
        "region": "Nouvelle-Aquitaine",
        "site_internet": "https://www.terra-aventura.fr/",
        "createur": "Brive Tourisme"
      }
    },
    {
      "type": "Feature",
      "geometry": {
        "type": "Point",
        "coordinates": [
          1.46373529,
          45.0957798
        ]
      },
      "properties": {
        "nom": "Geocaching Terra Aventura: Lissac à travers les âges",
        "identifiant": "ASCAQU019V5007EX",
        "type": "Produit,Lieu",
        "commune": "Lissac-sur-Couze",
        "code_postal": "19600",
        "departement": "Corrèze",
        "region": "Nouvelle-Aquitaine",
        "site_internet": "https://www.terra-aventura.fr/",
        "createur": "Brive Tourisme"
      }
    },
    {
      "type": "Feature",
      "geometry": {
        "type": "Point",
        "coordinates": [
          1.29357054,
          45.2549238
        ]
      },
      "properties": {
        "nom": "Geocaching Terra Aventura: Les Contemplations de Saint Robert",
        "identifiant": "ASCAQU019V5007EW",
        "type": "Produit,Lieu",
        "commune": "Saint-Robert",
        "code_postal": "19310",
        "departement": "Corrèze",
        "region": "Nouvelle-Aquitaine",
        "site_internet": "https://www.terra-aventura.fr/",
        "createur": "Brive Tourisme"
      }
    },
    {
      "type": "Feature",
      "geometry": {
        "type": "Point",
        "coordinates": [
          -0.075651,
          45.649314
        ]
      },
      "properties": {
        "nom": "Geocaching : Terra Aventura - On est tombé sur un os !",
        "identifiant": "5854552",
        "type": "Lieu",
        "commune": "Saint-Simon",
        "code_postal": "16120",
        "departement": "Charente",
        "region": "Nouvelle-Aquitaine",
        "site_internet": "https://www.terra-aventura.fr/",
        "createur": "Destination Cognac"
      }
    },
    {
      "type": "Feature",
      "geometry": {
        "type": "Point",
        "coordinates": [
          1.83026684,
          45.7195569
        ]
      },
      "properties": {
        "nom": "Tèrra Aventura : Recherche cache tout confort",
        "identifiant": "ASCAQU087V500ZFC",
        "type": "Produit",
        "commune": "Nedde",
        "code_postal": "87120",
        "departement": "Haute-Vienne",
        "region": "Nouvelle-Aquitaine",
        "site_internet": "https://www.terra-aventura.fr/caches/recherche-cache-tout-confort",
        "createur": "OT Portes de Vassivière"
      }
    },
    {
      "type": "Feature",
      "geometry": {
        "type": "Point",
        "coordinates": [
          1.31105343,
          46.3308753
        ]
      },
      "properties": {
        "nom": "Tèrra Aventura : Bien à l'aise au Pot Bouillant",
        "identifiant": "ASCAQU087V500ZD8",
        "type": "Produit",
        "commune": "Saint-Sulpice-les-Feuilles",
        "code_postal": "87160",
        "departement": "Haute-Vienne",
        "region": "Nouvelle-Aquitaine",
        "site_internet": "https://www.terra-aventura.fr/caches/bien-laise-au-pot-bouillant",
        "createur": "OT LIMOUSIN nouveaux horizons - Pays du Haut Limousin"
      }
    },
    {
      "type": "Feature",
      "geometry": {
        "type": "Point",
        "coordinates": [
          1.24300003,
          45.6081834
        ]
      },
      "properties": {
        "nom": "Tèrra Aventura : Une roche venue des profondeurs de l’histoire",
        "identifiant": "ASCAQU087V500A8W",
        "type": "Lieu",
        "commune": "La Roche-l'Abeille",
        "code_postal": "87500",
        "departement": "Haute-Vienne",
        "region": "Nouvelle-Aquitaine",
        "site_internet": "https://www.terra-aventura.fr/caches/une-roche-venue-des-profondeurs-de-lhistoire",
        "createur": "OT Pays de Saint-Yrieix"
      }
    },
    {
      "type": "Feature",
      "geometry": {
        "type": "Point",
        "coordinates": [
          -1.2918357,
          43.9032622
        ]
      },
      "properties": {
        "nom": "Séjour Terra Aventura en Côte Landes Nature",
        "identifiant": "OP031AQU040V50XADG",
        "type": "Produit",
        "commune": "Vielle-Saint-Girons",
        "code_postal": "40560",
        "departement": "Landes",
        "region": "Nouvelle-Aquitaine",
        "site_internet": "http://www.legaoucher.net/,http://www.legaoucher.net/",
        "createur": "CDT 40"
      }
    },
    {
      "type": "Feature",
      "geometry": {
        "type": "Point",
        "coordinates": [
          -1.521449,
          43.5279106
        ]
      },
      "properties": {
        "nom": "Chasse au trésor Tèrra Aventura \"Touche pas à mon Pignada !\"",
        "identifiant": "ASCAQU064V5BN823",
        "type": "Produit",
        "commune": "Anglet",
        "code_postal": "64600",
        "departement": "Pyrénées-Atlantiques",
        "region": "Nouvelle-Aquitaine",
        "site_internet": "https://www.terra-aventura.fr/caches/touche-pas-mon-pignada",
        "createur": "OT Anglet"
      }
    },
    {
      "type": "Feature",
      "geometry": {
        "type": "Point",
        "coordinates": [
          -0.2623,
          46.37204
        ]
      },
      "properties": {
        "nom": "Tèrra Aventura \"Fais pas l'âne !\" à Sainte-Néomaye",
        "identifiant": "ASCAQU079V502WS7",
        "type": "Produit,Lieu",
        "commune": "Sainte-Néomaye",
        "code_postal": "79260",
        "departement": "Deux-Sèvres",
        "region": "Nouvelle-Aquitaine",
        "site_internet": "https://www.terra-aventura.fr/",
        "createur": "OT Haut Val De Sèvre"
      }
    },
    {
      "type": "Feature",
      "geometry": {
        "type": "Point",
        "coordinates": [
          -1.1033384,
          43.543885
        ]
      },
      "properties": {
        "nom": "Terra Aventura Peyrehorade : Ki dit wi !",
        "identifiant": "ASCAQU040V50QVM1",
        "type": "Produit",
        "commune": "Peyrehorade",
        "code_postal": "40300",
        "departement": "Landes",
        "region": "Nouvelle-Aquitaine",
        "site_internet": "",
        "createur": "OT Pays d'Orthe et Arrigans"
      }
    },
    {
      "type": "Feature",
      "geometry": {
        "type": "Point",
        "coordinates": [
          -0.5711951,
          42.9121881
        ]
      },
      "properties": {
        "nom": "Tèrra Aventura : « Lo Mossur » est passé par ici...",
        "identifiant": "ASCAQU064V5B5MRI",
        "type": "Produit,Lieu",
        "commune": "Etsaut",
        "code_postal": "64490",
        "departement": "Pyrénées-Atlantiques",
        "region": "Nouvelle-Aquitaine",
        "site_internet": "https://www.terra-aventura.fr/",
        "createur": "Office de Tourisme du Haut-Béarn"
      }
    },
    {
      "type": "Feature",
      "geometry": {
        "type": "Point",
        "coordinates": [
          -0.6107313,
          43.1906119
        ]
      },
      "properties": {
        "nom": "Tèrra Aventura : \"Saint-Grat, tous évêque toi !\"",
        "identifiant": "ASCAQU064V5B5KPY",
        "type": "Produit,Lieu",
        "commune": "Oloron-Sainte-Marie",
        "code_postal": "64400",
        "departement": "Pyrénées-Atlantiques",
        "region": "Nouvelle-Aquitaine",
        "site_internet": "https://www.terra-aventura.fr/",
        "createur": "Office de Tourisme du Haut-Béarn"
      }
    },
    {
      "type": "Feature",
      "geometry": {
        "type": "Point",
        "coordinates": [
          -0.430964,
          43.026902
        ]
      },
      "properties": {
        "nom": "Terra Aventura \"Hissez-haut, vallée d'Ossau\"",
        "identifiant": "ASCAQU064V5B5KVP",
        "type": "Produit",
        "commune": "Gère-Bélesten",
        "code_postal": "64260",
        "departement": "Pyrénées-Atlantiques",
        "region": "Nouvelle-Aquitaine",
        "site_internet": "https://www.terra-aventura.fr/",
        "createur": "OT Vallée d'Ossau Pyrénées"
      }
    },
    {
      "type": "Feature",
      "geometry": {
        "type": "Point",
        "coordinates": [
          -0.8339831,
          43.715734
        ]
      },
      "properties": {
        "nom": "Tèrra Aventura : Montfort, y'a pas plus fort !",
        "identifiant": "ASCAQU040V50RE3V",
        "type": "Produit",
        "commune": "Montfort-en-Chalosse",
        "code_postal": "40380",
        "departement": "Landes",
        "region": "Nouvelle-Aquitaine",
        "site_internet": "http://www.chalosse.fr/",
        "createur": "OT Terres de Chalosse"
      }
    },
    {
      "type": "Feature",
      "geometry": {
        "type": "Point",
        "coordinates": [
          0.44694524,
          44.3873958
        ]
      },
      "properties": {
        "nom": "Circuit Tèrra Aventura - Laparade prend la relève !",
        "identifiant": "ASCAQU047V50BY2G",
        "type": "Produit",
        "commune": "Laparade",
        "code_postal": "47260",
        "departement": "Lot-et-Garonne",
        "region": "Nouvelle-Aquitaine",
        "site_internet": "http://www.tourisme-coeurlotetgaronne.fr/,https://www.terra-aventura.fr/",
        "createur": "OT Vallée du Lot et Garonne"
      }
    },
    {
      "type": "Feature",
      "geometry": {
        "type": "Point",
        "coordinates": [
          0.99574734,
          44.399964
        ]
      },
      "properties": {
        "nom": "Circuit Tèrra Aventura : Tournon autour de la lune",
        "identifiant": "ASCAQU047V50EFV1",
        "type": "Produit",
        "commune": "Tournon-d'Agenais",
        "code_postal": "47370",
        "departement": "Lot-et-Garonne",
        "region": "Nouvelle-Aquitaine",
        "site_internet": "http://www.tourisme-fumel.com/,https://www.terra-aventura.fr/",
        "createur": "OT Vallée du Lot et Garonne"
      }
    },
    {
      "type": "Feature",
      "geometry": {
        "type": "Point",
        "coordinates": [
          0.9295234,
          44.5040309
        ]
      },
      "properties": {
        "nom": "Circuit Tèrra Aventura : Géraud des temps modernes",
        "identifiant": "ASCAQU047V50EFV7",
        "type": "Produit",
        "commune": "Monsempron-Libos",
        "code_postal": "47500",
        "departement": "Lot-et-Garonne",
        "region": "Nouvelle-Aquitaine",
        "site_internet": "http://www.tourisme-fumel.com/,https://www.terra-aventura.fr/",
        "createur": "OT Vallée du Lot et Garonne"
      }
    },
    {
      "type": "Feature",
      "geometry": {
        "type": "Point",
        "coordinates": [
          -0.0408191,
          44.5800499
        ]
      },
      "properties": {
        "nom": "Terra Aventura à La Réole : \"Où est Charlut\" ?",
        "identifiant": "ASCAQU033V50UW5I",
        "type": "Produit",
        "commune": "La Réole",
        "code_postal": "33190",
        "departement": "Gironde",
        "region": "Nouvelle-Aquitaine",
        "site_internet": "https://www.entredeuxmers.com/,https://www.terra-aventura.fr/",
        "createur": "OT de l'Entre-deux-Mers"
      }
    },
    {
      "type": "Feature",
      "geometry": {
        "type": "Point",
        "coordinates": [
          -0.3953857,
          46.1448733
        ]
      },
      "properties": {
        "nom": "Chasse aux trésors Tèrra Aventura : Les griffes de Chizé",
        "identifiant": "ASCAQU079V501MWY",
        "type": "Produit,Lieu",
        "commune": "Chef-Boutonne",
        "code_postal": "79360",
        "departement": "Deux-Sèvres",
        "region": "Nouvelle-Aquitaine",
        "site_internet": "https://www.terra-aventura.fr/caches?title=&thematic=All&season=All&quests=All&field_maintenance_value=All&difficulty=All&kilometers=All&field_department=79&field_city=&field_start_point_proximity=0",
        "createur": "OT Pays Mellois"
      }
    },
    {
      "type": "Feature",
      "geometry": {
        "type": "Point",
        "coordinates": [
          -0.667182,
          46.818879
        ]
      },
      "properties": {
        "nom": "Géocaching Tèrra Aventura \"Ma campagne au Canada\" - Cerizay",
        "identifiant": "ASCAQU079V501RH6",
        "type": "Produit,Lieu",
        "commune": "Cerizay",
        "code_postal": "79140",
        "departement": "Deux-Sèvres",
        "region": "Nouvelle-Aquitaine",
        "site_internet": "https://www.tourisme-bocage.com/explorer/un-terrain-de-jeu-terra-aventura,https://www.terra-aventura.fr/caches/ma-campagne-au-canada",
        "createur": "OT Bocage Bressuirais"
      }
    },
    {
      "type": "Feature",
      "geometry": {
        "type": "Point",
        "coordinates": [
          -0.2474525,
          46.6518224
        ]
      },
      "properties": {
        "nom": "Chasse aux trésors Tèrra Aventura : \"Le blues du pèlerin\"",
        "identifiant": "ASCAQU079V500G78",
        "type": "Produit,Lieu",
        "commune": "Parthenay",
        "code_postal": "79200",
        "departement": "Deux-Sèvres",
        "region": "Nouvelle-Aquitaine",
        "site_internet": "https://www.terra-aventura.fr/",
        "createur": "CC Parthenay Gâtine"
      }
    },
    {
      "type": "Feature",
      "geometry": {
        "type": "Point",
        "coordinates": [
          -1.077324,
          44.641706
        ]
      },
      "properties": {
        "nom": "Terra Aventura à Gujan-Mestras : Un Poï’z à la mer",
        "identifiant": "ASCAQU033V50QT9P",
        "type": "Produit",
        "commune": "Gujan-Mestras",
        "code_postal": "33470",
        "departement": "Gironde",
        "region": "Nouvelle-Aquitaine",
        "site_internet": "",
        "createur": "OT Gujan-Mestras"
      }
    },
    {
      "type": "Feature",
      "geometry": {
        "type": "Point",
        "coordinates": [
          -0.44437,
          45.139755
        ]
      },
      "properties": {
        "nom": "Terra Aventura : \"Echappée belle en Pays Gabaye\"",
        "identifiant": "ASCAQU033V50QT8L",
        "type": "Produit",
        "commune": "Saint-Savin",
        "code_postal": "33920",
        "departement": "Gironde",
        "region": "Nouvelle-Aquitaine",
        "site_internet": "https://www.terra-aventura.fr/",
        "createur": "OT Latitude Nord Gironde"
      }
    },
    {
      "type": "Feature",
      "geometry": {
        "type": "Point",
        "coordinates": [
          0.03175,
          45.475537
        ]
      },
      "properties": {
        "nom": "Géocaching Terra Aventura : In Vigny Veritas",
        "identifiant": "6876546",
        "type": "Lieu",
        "commune": "Coteaux-du-Blanzacais",
        "code_postal": "16250",
        "departement": "Charente",
        "region": "Nouvelle-Aquitaine",
        "site_internet": "https://www.sudcharentetourisme.fr/",
        "createur": "Office de tourisme du Sud Charente"
      }
    },
    {
      "type": "Feature",
      "geometry": {
        "type": "Point",
        "coordinates": [
          -1.0459211,
          45.0781728
        ]
      },
      "properties": {
        "nom": "Tèrra Aventura : Ruée vers l'or des bois !",
        "identifiant": "ASCAQU033V517X82",
        "type": "Produit",
        "commune": "Carcans",
        "code_postal": "33121",
        "departement": "Gironde",
        "region": "Nouvelle-Aquitaine",
        "site_internet": "https://www.terra-aventura.fr/",
        "createur": "OT Médoc Atlantique"
      }
    },
    {
      "type": "Feature",
      "geometry": {
        "type": "Point",
        "coordinates": [
          -1.1295372,
          43.9672709
        ]
      },
      "properties": {
        "nom": "Séjour Terra Aventura au coeur de la forêt landaise",
        "identifiant": "OP031AQU040V50YVIT",
        "type": "Produit",
        "commune": "Lesperon",
        "code_postal": "40260",
        "departement": "Landes",
        "region": "Nouvelle-Aquitaine",
        "site_internet": "",
        "createur": "CDT 40"
      }
    },
    {
      "type": "Feature",
      "geometry": {
        "type": "Point",
        "coordinates": [
          1.41652,
          46.01334
        ]
      },
      "properties": {
        "nom": "Terra Aventura : Quelque chose ne \"tourbe\" pas rond",
        "identifiant": "ASCAQU087V5020JF",
        "type": "Produit",
        "commune": "Saint-Léger-la-Montagne",
        "code_postal": "87340",
        "departement": "Haute-Vienne",
        "region": "Nouvelle-Aquitaine",
        "site_internet": "https://www.terra-aventura.fr/caches/quelque-chose-ne-tourbe-pas-rond",
        "createur": "Terres de Limousin"
      }
    },
    {
      "type": "Feature",
      "geometry": {
        "type": "Point",
        "coordinates": [
          -1.3760504,
          43.7984077
        ]
      },
      "properties": {
        "nom": "Séjour Terra Aventura à vélo sur la côte landaise",
        "identifiant": "OP031AQU040V50YVF7",
        "type": "Produit",
        "commune": "Messanges",
        "code_postal": "40660",
        "departement": "Landes",
        "region": "Nouvelle-Aquitaine",
        "site_internet": "https://reservation.secureholiday.net/fr/4876,https://www.lesacacias.com/,https://reservation.secureholiday.net/fr/4876,https://www.lesacacias.com/",
        "createur": "CDT 40"
      }
    },
    {
      "type": "Feature",
      "geometry": {
        "type": "Point",
        "coordinates": [
          -0.588186,
          43.139094
        ]
      },
      "properties": {
        "nom": "Tèrra Aventura vélo : \"Arrête ton char, Batistou !\"",
        "identifiant": "ASCAQU064V5BDZ5S",
        "type": "Produit,Lieu",
        "commune": "Géronce",
        "code_postal": "64400",
        "departement": "Pyrénées-Atlantiques",
        "region": "Nouvelle-Aquitaine",
        "site_internet": "https://www.terra-aventura.fr/",
        "createur": "Office de Tourisme du Haut-Béarn"
      }
    },
    {
      "type": "Feature",
      "geometry": {
        "type": "Point",
        "coordinates": [
          -0.0804041,
          46.3442317
        ]
      },
      "properties": {
        "nom": "Chasse aux trésors Tèrra Aventura : \"En quête de pierres \"",
        "identifiant": "ASCAQU079V503V3B",
        "type": "Produit,Lieu",
        "commune": "Exoudun",
        "code_postal": "79800",
        "departement": "Deux-Sèvres",
        "region": "Nouvelle-Aquitaine",
        "site_internet": "https://www.terra-aventura.fr/caches?title=&thematic=All&season=All&quests=All&field_maintenance_value=All&difficulty=All&kilometers=All&field_department=79&field_city=&field_start_point_proximity=0",
        "createur": "OT Pays Mellois"
      }
    },
    {
      "type": "Feature",
      "geometry": {
        "type": "Point",
        "coordinates": [
          0.16002,
          44.44962
        ]
      },
      "properties": {
        "nom": "Circuit Terra Aventura - « Halez » à la vitesse supérieure !",
        "identifiant": "ASCAQU047V50HZRO",
        "type": "Produit",
        "commune": "Fourques-sur-Garonne",
        "code_postal": "47200",
        "departement": "Lot-et-Garonne",
        "region": "Nouvelle-Aquitaine",
        "site_internet": "https://www.valdegaronne-tourisme.com/,https://www.terra-aventura.fr/",
        "createur": "OT Val de Garonne"
      }
    },
    {
      "type": "Feature",
      "geometry": {
        "type": "Point",
        "coordinates": [
          0.08309,
          47.01053
        ]
      },
      "properties": {
        "nom": "Tèrra Aventura : Aux Grands Mots, les Grands Remèdes",
        "identifiant": "ASCAQU086V50069H",
        "type": "Produit,Lieu",
        "commune": "Loudun",
        "code_postal": "86200",
        "departement": "Vienne",
        "region": "Nouvelle-Aquitaine",
        "site_internet": "https://www.terra-aventura.fr/parcours",
        "createur": "Office de Tourisme du Pays Loudunais"
      }
    },
    {
      "type": "Feature",
      "geometry": {
        "type": "Point",
        "coordinates": [
          0.81891466,
          44.388365
        ]
      },
      "properties": {
        "nom": "Circuit Tèrra Aventura : A la croisée des z'Albigeois",
        "identifiant": "ASCAQU047V50DOE2",
        "type": "Produit",
        "commune": "Penne-d'Agenais",
        "code_postal": "47140",
        "departement": "Lot-et-Garonne",
        "region": "Nouvelle-Aquitaine",
        "site_internet": "http://www.tourisme-fumel.com/,https://www.terra-aventura.fr/",
        "createur": "OT Vallée du Lot et Garonne"
      }
    },
    {
      "type": "Feature",
      "geometry": {
        "type": "Point",
        "coordinates": [
          0.887399,
          44.567486
        ]
      },
      "properties": {
        "nom": "Circuit Tèrra Aventura : Des z'assaillants fins gourmets",
        "identifiant": "ASCAQU047V50DJXS",
        "type": "Produit",
        "commune": "Gavaudun",
        "code_postal": "47150",
        "departement": "Lot-et-Garonne",
        "region": "Nouvelle-Aquitaine",
        "site_internet": "http://www.coeurdebastides.com/,https://www.terra-aventura.fr/",
        "createur": "OT Coeur de Bastides"
      }
    },
    {
      "type": "Feature",
      "geometry": {
        "type": "Point",
        "coordinates": [
          0.631076,
          44.200989
        ]
      },
      "properties": {
        "nom": "Circuit Tèrra Aventura : Du rififi au Pont Canal",
        "identifiant": "ASCAQU047V50DWJJ",
        "type": "Produit",
        "commune": "Agen",
        "code_postal": "47000",
        "departement": "Lot-et-Garonne",
        "region": "Nouvelle-Aquitaine",
        "site_internet": "http://www.destination-agen.fr/,https://www.terra-aventura.fr/",
        "createur": "ADRT47"
      }
    },
    {
      "type": "Feature",
      "geometry": {
        "type": "Point",
        "coordinates": [
          0.88114442,
          44.2765645
        ]
      },
      "properties": {
        "nom": "Circuit Tèrra Aventura : Chevauchée en Pays de Serres",
        "identifiant": "ASCAQU047V50DWK2",
        "type": "Produit",
        "commune": "Beauville",
        "code_postal": "47470",
        "departement": "Lot-et-Garonne",
        "region": "Nouvelle-Aquitaine",
        "site_internet": "http://www.destination-agen.com/,https://www.terra-aventura.fr/",
        "createur": "ADRT47"
      }
    },
    {
      "type": "Feature",
      "geometry": {
        "type": "Point",
        "coordinates": [
          1.00463224,
          45.5569294
        ]
      },
      "properties": {
        "nom": "Terra Aventura : Un avant-goût du Périgord-Limousin",
        "identifiant": "ASCAQU024V50F9PG",
        "type": "Produit",
        "commune": "La Coquille",
        "code_postal": "24450",
        "departement": "Dordogne",
        "region": "Nouvelle-Aquitaine",
        "site_internet": "https://www.pnr-perigord-limousin.fr/decouvrir-le-parc/randonnees-velos-et-balades/terra-aventura/",
        "createur": "Parc Naturel Régional Périgord-Limousin"
      }
    },
    {
      "type": "Feature",
      "geometry": {
        "type": "Point",
        "coordinates": [
          -0.794335,
          46.952516
        ]
      },
      "properties": {
        "nom": "Géocaching Tèrra Aventura \"La Corbelière des z'ombres\" - Moulins",
        "identifiant": "ASCAQU079V501RHX",
        "type": "Produit,Lieu",
        "commune": "Mauléon",
        "code_postal": "79700",
        "departement": "Deux-Sèvres",
        "region": "Nouvelle-Aquitaine",
        "site_internet": "https://www.terra-aventura.fr/caches/la-corbeliere-des-zombres,https://www.tourisme-bocage.com/explorer/un-terrain-de-jeu-terra-aventura",
        "createur": "OT Bocage Bressuirais"
      }
    },
    {
      "type": "Feature",
      "geometry": {
        "type": "Point",
        "coordinates": [
          -1.0982383,
          44.3430963
        ]
      },
      "properties": {
        "nom": "Terra Aventura : L'Or Noir du pays de Born",
        "identifiant": "ASCAQU040V50KC82",
        "type": "Produit,Lieu",
        "commune": "Parentis-en-Born",
        "code_postal": "40160",
        "departement": "Landes",
        "region": "Nouvelle-Aquitaine",
        "site_internet": "https://www.terra-aventura.fr/",
        "createur": "OT Grands Lacs"
      }
    },
    {
      "type": "Feature",
      "geometry": {
        "type": "Point",
        "coordinates": [
          -1.100135,
          45.677732
        ]
      },
      "properties": {
        "nom": "Tèrra Aventura - Contre vents z'et marais",
        "identifiant": "6180427",
        "type": "Lieu",
        "commune": "Saint-Augustin",
        "code_postal": "17570",
        "departement": "Charente-Maritime",
        "region": "Nouvelle-Aquitaine",
        "site_internet": "",
        "createur": "Royan Atlantique"
      }
    },
    {
      "type": "Feature",
      "geometry": {
        "type": "Point",
        "coordinates": [
          0.2631896,
          46.4261267
        ]
      },
      "properties": {
        "nom": "Tèrra Aventura : Coup de Pagaie en Vives Z'Eaux",
        "identifiant": "ASCAQU086V50181U",
        "type": "Produit,Lieu",
        "commune": "Vivonne",
        "code_postal": "86370",
        "departement": "Vienne",
        "region": "Nouvelle-Aquitaine",
        "site_internet": "https://www.terra-aventura.fr/parcours",
        "createur": "Office de Tourisme des Vallées du Clain"
      }
    },
    {
      "type": "Feature",
      "geometry": {
        "type": "Point",
        "coordinates": [
          -0.3417868,
          42.9521554
        ]
      },
      "properties": {
        "nom": "Terra Aventura de Gourette - Les Géo’ font du ski",
        "identifiant": "ASCAQU064V5AIS2A",
        "type": "Produit",
        "commune": "Eaux-Bonnes",
        "code_postal": "64440",
        "departement": "Pyrénées-Atlantiques",
        "region": "Nouvelle-Aquitaine",
        "site_internet": "https://www.terra-aventura.fr/",
        "createur": "OT Vallée d'Ossau Pyrénées"
      }
    },
    {
      "type": "Feature",
      "geometry": {
        "type": "Point",
        "coordinates": [
          -0.445644,
          46.9849454
        ]
      },
      "properties": {
        "nom": "Géocaching Tèrra Aventura \"Terminus à Hautibus\" - Argentonnay",
        "identifiant": "ASCAQU079V5017RA",
        "type": "Produit,Lieu",
        "commune": "Argentonnay",
        "code_postal": "79150",
        "departement": "Deux-Sèvres",
        "region": "Nouvelle-Aquitaine",
        "site_internet": "https://www.tourisme-bocage.com/explorer/un-terrain-de-jeu-terra-aventura,https://www.terra-aventura.fr/caches/prochain-arret-la-cache",
        "createur": "OT Bocage Bressuirais"
      }
    },
    {
      "type": "Feature",
      "geometry": {
        "type": "Point",
        "coordinates": [
          -0.5286804,
          46.6606589
        ]
      },
      "properties": {
        "nom": "Géocaching Tèrra Aventura \"L'éveil des chirons\" - Largeasse",
        "identifiant": "ASCAQU079V501QI5",
        "type": "Produit,Lieu",
        "commune": "Largeasse",
        "code_postal": "79240",
        "departement": "Deux-Sèvres",
        "region": "Nouvelle-Aquitaine",
        "site_internet": "https://www.tourisme-bocage.com/explorer/un-terrain-de-jeu-terra-aventura,https://www.terra-aventura.fr/caches/leveil-des-chirons",
        "createur": "OT Bocage Bressuirais"
      }
    },
    {
      "type": "Feature",
      "geometry": {
        "type": "Point",
        "coordinates": [
          -1.1490125,
          44.3285215
        ]
      },
      "properties": {
        "nom": "Terra Aventura : La Folle quête de Sainte Quitterie",
        "identifiant": "ASCAQU040V50KC88",
        "type": "Produit,Lieu",
        "commune": "Gastes",
        "code_postal": "40160",
        "departement": "Landes",
        "region": "Nouvelle-Aquitaine",
        "site_internet": "https://www.terra-aventura.fr/",
        "createur": "OT Grands Lacs"
      }
    },
    {
      "type": "Feature",
      "geometry": {
        "type": "Point",
        "coordinates": [
          -0.0825891,
          46.1092122
        ]
      },
      "properties": {
        "nom": "Chasse aux trésors Tèrra Aventura : \"Le vent tourne \"",
        "identifiant": "ASCAQU079V501MWQ",
        "type": "Produit,Lieu",
        "commune": "Chef-Boutonne",
        "code_postal": "79110",
        "departement": "Deux-Sèvres",
        "region": "Nouvelle-Aquitaine",
        "site_internet": "https://www.terra-aventura.fr/caches?title=&thematic=All&season=All&quests=All&field_maintenance_value=All&difficulty=All&kilometers=All&field_department=79&field_city=&field_start_point_proximity=0",
        "createur": "OT Pays Mellois"
      }
    },
    {
      "type": "Feature",
      "geometry": {
        "type": "Point",
        "coordinates": [
          -0.1163237,
          46.3601281
        ]
      },
      "properties": {
        "nom": "Chasse aux trésors Tèrra Aventura : \"Vive la Rosière \"",
        "identifiant": "ASCAQU079V501MWN",
        "type": "Produit,Lieu",
        "commune": "La Mothe-Saint-Héray",
        "code_postal": "79800",
        "departement": "Deux-Sèvres",
        "region": "Nouvelle-Aquitaine",
        "site_internet": "https://www.terra-aventura.fr/caches?title=&thematic=All&season=All&quests=All&field_maintenance_value=All&difficulty=All&kilometers=All&field_department=79&field_city=&field_start_point_proximity=0",
        "createur": "OT Pays Mellois"
      }
    },
    {
      "type": "Feature",
      "geometry": {
        "type": "Point",
        "coordinates": [
          -0.920563,
          43.933607
        ]
      },
      "properties": {
        "nom": "Circuit Terra Aventura - La « P.I.G.N.E » a besoin de vous !",
        "identifiant": "ASCAQU040V514IUQ",
        "type": "Produit",
        "commune": "Rion-des-Landes",
        "code_postal": "40370",
        "departement": "Landes",
        "region": "Nouvelle-Aquitaine",
        "site_internet": "",
        "createur": "OT Tartas"
      }
    },
    {
      "type": "Feature",
      "geometry": {
        "type": "Point",
        "coordinates": [
          -1.008733,
          45.61617
        ]
      },
      "properties": {
        "nom": "Tèrra Aventura - L'Oiseau Bleu du Roy Yan",
        "identifiant": "5959590",
        "type": "Lieu",
        "commune": "Royan",
        "code_postal": "17200",
        "departement": "Charente-Maritime",
        "region": "Nouvelle-Aquitaine",
        "site_internet": "",
        "createur": "Royan Atlantique"
      }
    },
    {
      "type": "Feature",
      "geometry": {
        "type": "Point",
        "coordinates": [
          0.14249131,
          46.1522756
        ]
      },
      "properties": {
        "nom": "Chasse aux trésors Tèrra Aventura : \"Les murs ont des oreilles\"",
        "identifiant": "ASCAQU079V501LO3",
        "type": "Produit,Lieu",
        "commune": "Sauzé-Vaussais",
        "code_postal": "79190",
        "departement": "Deux-Sèvres",
        "region": "Nouvelle-Aquitaine",
        "site_internet": "https://www.terra-aventura.fr/caches?title=&thematic=All&season=All&quests=All&field_maintenance_value=All&difficulty=All&kilometers=All&field_department=79&field_city=&field_start_point_proximity=0",
        "createur": "OT Pays Mellois"
      }
    },
    {
      "type": "Feature",
      "geometry": {
        "type": "Point",
        "coordinates": [
          -0.7581695,
          46.9275456
        ]
      },
      "properties": {
        "nom": "Géocaching Tèrra Aventura \"La botte secrète\" - Mauléon",
        "identifiant": "ASCAQU079V500WD2",
        "type": "Produit,Lieu",
        "commune": "Mauléon",
        "code_postal": "79700",
        "departement": "Deux-Sèvres",
        "region": "Nouvelle-Aquitaine",
        "site_internet": "https://www.tourisme-bocage.com/explorer/un-terrain-de-jeu-terra-aventura,https://www.terra-aventura.fr/caches/la-botte-secrete",
        "createur": "OT Bocage Bressuirais"
      }
    },
    {
      "type": "Feature",
      "geometry": {
        "type": "Point",
        "coordinates": [
          -0.171591,
          46.122082
        ]
      },
      "properties": {
        "nom": "Chasse aux trésors Tèrra Aventura : \"Les Z'enfant du Marais\"",
        "identifiant": "ASCAQU079V502BQE",
        "type": "Produit,Lieu",
        "commune": "Chérigné",
        "code_postal": "79170",
        "departement": "Deux-Sèvres",
        "region": "Nouvelle-Aquitaine",
        "site_internet": "https://www.terra-aventura.fr/caches?title=&thematic=All&season=All&quests=All&field_maintenance_value=All&difficulty=All&kilometers=All&field_department=79&field_city=&field_start_point_proximity=0",
        "createur": "OT Pays Mellois"
      }
    },
    {
      "type": "Feature",
      "geometry": {
        "type": "Point",
        "coordinates": [
          -0.1690338,
          46.7767488
        ]
      },
      "properties": {
        "nom": "Chasse aux trésors Tèrra Aventura : \"Cébron pour les Z'abdos !\"",
        "identifiant": "ASCAQU079V50110F",
        "type": "Produit,Lieu",
        "commune": "Louin",
        "code_postal": "79600",
        "departement": "Deux-Sèvres",
        "region": "Nouvelle-Aquitaine",
        "site_internet": "https://www.terra-aventura.fr/",
        "createur": "CC Airvaudais Val du Thouet"
      }
    },
    {
      "type": "Feature",
      "geometry": {
        "type": "Point",
        "coordinates": [
          -0.287701,
          46.438858
        ]
      },
      "properties": {
        "nom": "Tèrra Aventura \"On ira tous en Acadie\" à Augé",
        "identifiant": "ASCAQU079V502B4G",
        "type": "Produit",
        "commune": "Augé",
        "code_postal": "79400",
        "departement": "Deux-Sèvres",
        "region": "Nouvelle-Aquitaine",
        "site_internet": "https://www.terra-aventura.fr/caches?title=&thematic=All&season=All&quests=All&field_maintenance_value=All&difficulty=All&kilometers=All&field_department=79&field_city=&field_start_point_proximity=0",
        "createur": "OT Haut Val De Sèvre"
      }
    },
    {
      "type": "Feature",
      "geometry": {
        "type": "Point",
        "coordinates": [
          -1.4785394,
          43.4942325
        ]
      },
      "properties": {
        "nom": "Terra Aventura \"Bayonne a trouvé la fève\"",
        "identifiant": "ASCAQU064V5AQAO0",
        "type": "Produit",
        "commune": "Bayonne",
        "code_postal": "64100",
        "departement": "Pyrénées-Atlantiques",
        "region": "Nouvelle-Aquitaine",
        "site_internet": "https://www.terra-aventura.fr/",
        "createur": "OT Bayonne"
      }
    },
    {
      "type": "Feature",
      "geometry": {
        "type": "Point",
        "coordinates": [
          -1.4785394,
          43.4942325
        ]
      },
      "properties": {
        "nom": "Terra Aventura \"Chacun cherche son style\"",
        "identifiant": "ASCAQU064V5AQBBO",
        "type": "Produit",
        "commune": "Bayonne",
        "code_postal": "64100",
        "departement": "Pyrénées-Atlantiques",
        "region": "Nouvelle-Aquitaine",
        "site_internet": "https://www.terra-aventura.fr/",
        "createur": "OT Bayonne"
      }
    },
    {
      "type": "Feature",
      "geometry": {
        "type": "Point",
        "coordinates": [
          -0.4992249,
          46.8415935
        ]
      },
      "properties": {
        "nom": "Géocaching Tèrra Aventura \"Du Beaumont au château\" - Bressuire",
        "identifiant": "ASCAQU079V501QH1",
        "type": "Produit,Lieu",
        "commune": "Bressuire",
        "code_postal": "79300",
        "departement": "Deux-Sèvres",
        "region": "Nouvelle-Aquitaine",
        "site_internet": "https://www.tourisme-bocage.com/explorer/un-terrain-de-jeu-terra-aventura,https://www.terra-aventura.fr/caches/du-beaumont-au-chateau",
        "createur": "OT Bocage Bressuirais"
      }
    },
    {
      "type": "Feature",
      "geometry": {
        "type": "Point",
        "coordinates": [
          -0.557308,
          46.474894
        ]
      },
      "properties": {
        "nom": "Chasse aux trésors Tèrra Aventura : \"Restez de marbre\"",
        "identifiant": "ASCAQU079V501IV2",
        "type": "Produit,Lieu",
        "commune": "Ardin",
        "code_postal": "79160",
        "departement": "Deux-Sèvres",
        "region": "Nouvelle-Aquitaine",
        "site_internet": "https://www.terra-aventura.fr/caches?title=&thematic=All&season=All&quests=All&field_maintenance_value=All&difficulty=All&kilometers=All&field_department=79&field_city=&field_start_point_proximity=0",
        "createur": "CC Val de Gâtine"
      }
    },
    {
      "type": "Feature",
      "geometry": {
        "type": "Point",
        "coordinates": [
          0.077504,
          44.654179
        ]
      },
      "properties": {
        "nom": "Terra Aventura à Monségur : \"Fortune compte pas pour des prunes\"",
        "identifiant": "ASCAQU033V50WZF5",
        "type": "Produit",
        "commune": "Monségur",
        "code_postal": "33580",
        "departement": "Gironde",
        "region": "Nouvelle-Aquitaine",
        "site_internet": "https://www.terra-aventura.fr/,https://www.entredeuxmers.com/",
        "createur": "OT de l'Entre-deux-Mers"
      }
    },
    {
      "type": "Feature",
      "geometry": {
        "type": "Point",
        "coordinates": [
          -0.195275,
          46.823055
        ]
      },
      "properties": {
        "nom": "Chasse aux trésors Tèrra Aventura : \"Sur les pas d'Aldéarde d'Aulnay\"",
        "identifiant": "ASCAQU079V501HTQ",
        "type": "Produit,Lieu",
        "commune": "Airvault",
        "code_postal": "79600",
        "departement": "Deux-Sèvres",
        "region": "Nouvelle-Aquitaine",
        "site_internet": "https://www.terra-aventura.fr/",
        "createur": "CC Airvaudais Val du Thouet"
      }
    },
    {
      "type": "Feature",
      "geometry": {
        "type": "Point",
        "coordinates": [
          -0.4696017,
          46.3775529
        ]
      },
      "properties": {
        "nom": "Géocaching Tèrra-Aventura : \"La Cour de France à vélo !\"",
        "identifiant": "ASCAQU079V5027PY",
        "type": "Produit,Lieu",
        "commune": "Échiré",
        "code_postal": "79410",
        "departement": "Deux-Sèvres",
        "region": "Nouvelle-Aquitaine",
        "site_internet": "https://www.terra-aventura.fr/caches?title=&thematic=All&season=All&quests=All&field_maintenance_value=All&difficulty=All&kilometers=All&field_department=79&field_city=&field_start_point_proximity=0",
        "createur": "OT Niort Marais Poitevin"
      }
    },
    {
      "type": "Feature",
      "geometry": {
        "type": "Point",
        "coordinates": [
          -0.4262805,
          46.4071869
        ]
      },
      "properties": {
        "nom": "Géocaching Tèrra-Aventura : \"Zéroïk entre en lice !\"",
        "identifiant": "ASCAQU079V5027IN",
        "type": "Produit,Lieu",
        "commune": "Échiré",
        "code_postal": "79410",
        "departement": "Deux-Sèvres",
        "region": "Nouvelle-Aquitaine",
        "site_internet": "https://www.terra-aventura.fr/caches?title=&thematic=All&season=All&quests=All&field_maintenance_value=All&difficulty=All&kilometers=All&field_department=79&field_city=&field_start_point_proximity=0",
        "createur": "OT Niort Marais Poitevin"
      }
    },
    {
      "type": "Feature",
      "geometry": {
        "type": "Point",
        "coordinates": [
          0.491196,
          44.338999
        ]
      },
      "properties": {
        "nom": "Circuit Tèrra Aventura : La boulette de Saint-Sardos...",
        "identifiant": "ASCAQU047V50FFA0",
        "type": "Produit",
        "commune": "Saint-Sardos",
        "code_postal": "47360",
        "departement": "Lot-et-Garonne",
        "region": "Nouvelle-Aquitaine",
        "site_internet": "http://www.tourisme-coeurlotetgaronne.fr/,https://www.terra-aventura.fr/",
        "createur": "OT du Confluent et des Coteaux de Prayssas"
      }
    },
    {
      "type": "Feature",
      "geometry": {
        "type": "Point",
        "coordinates": [
          0.382183,
          45.742192
        ]
      },
      "properties": {
        "nom": "Géocaching Terra Aventura : Zabeth dans les couloirs du temps",
        "identifiant": "5684404",
        "type": "Lieu",
        "commune": "La Rochefoucauld-en-Angoumois",
        "code_postal": "16110",
        "departement": "Charente",
        "region": "Nouvelle-Aquitaine",
        "site_internet": "https://tourisme.rochefoucauld-perigord.fr/,http://terra-aventura.fr/",
        "createur": "Office de Tourisme La Rochefoucauld Porte du Périgord"
      }
    },
    {
      "type": "Feature",
      "geometry": {
        "type": "Point",
        "coordinates": [
          0.554596,
          45.658413
        ]
      },
      "properties": {
        "nom": "Géocaching Terra Aventura : Mère Nature, en baskets",
        "identifiant": "5685307",
        "type": "Lieu",
        "commune": "Eymouthiers",
        "code_postal": "16220",
        "departement": "Charente",
        "region": "Nouvelle-Aquitaine",
        "site_internet": "http://terra-aventura.fr/",
        "createur": "Office de Tourisme La Rochefoucauld Porte du Périgord"
      }
    },
    {
      "type": "Feature",
      "geometry": {
        "type": "Point",
        "coordinates": [
          0.420224,
          45.688759
        ]
      },
      "properties": {
        "nom": "Géocaching Terra Aventura : A la pierre et au moulin",
        "identifiant": "5684350",
        "type": "Lieu",
        "commune": "Moulins-sur-Tardoire",
        "code_postal": "16220",
        "departement": "Charente",
        "region": "Nouvelle-Aquitaine",
        "site_internet": "http://terra-aventura.fr/",
        "createur": "Office de Tourisme La Rochefoucauld Porte du Périgord"
      }
    },
    {
      "type": "Feature",
      "geometry": {
        "type": "Point",
        "coordinates": [
          0.150871,
          45.654996
        ]
      },
      "properties": {
        "nom": "Tèrra Aventura - Parcours éphémère à la Cité de la BD",
        "identifiant": "7863870",
        "type": "Lieu",
        "commune": "Angoulême",
        "code_postal": "16000",
        "departement": "Charente",
        "region": "Nouvelle-Aquitaine",
        "site_internet": "https://www.terra-aventura.fr/",
        "createur": "Office de Tourisme du Pays d'Angoulême"
      }
    },
    {
      "type": "Feature",
      "geometry": {
        "type": "Point",
        "coordinates": [
          -0.181872,
          45.559256
        ]
      },
      "properties": {
        "nom": "Geocaching : Terra Aventura - La Belle au lin dormant",
        "identifiant": "7887481",
        "type": "Lieu",
        "commune": "Lignières-Ambleville",
        "code_postal": "16130",
        "departement": "Charente",
        "region": "Nouvelle-Aquitaine",
        "site_internet": "https://www.terra-aventura.fr/",
        "createur": "Destination Cognac"
      }
    },
    {
      "type": "Feature",
      "geometry": {
        "type": "Point",
        "coordinates": [
          -1.0347317,
          43.3262372
        ]
      },
      "properties": {
        "nom": "Terra Aventura - Saint-Palais : De force et de Navarre...",
        "identifiant": "ASCAQU064V5C9S5R",
        "type": "Produit",
        "commune": "Saint-Palais",
        "code_postal": "64120",
        "departement": "Pyrénées-Atlantiques",
        "region": "Nouvelle-Aquitaine",
        "site_internet": "https://www.terra-aventura.fr/",
        "createur": "Office de Tourisme Pays Basque"
      }
    },
    {
      "type": "Feature",
      "geometry": {
        "type": "Point",
        "coordinates": [
          -1.30525,
          43.383952
        ]
      },
      "properties": {
        "nom": "Terra Aventura - Hasparren a un incroyable Talon !",
        "identifiant": "ASCAQU064V5C9SEJ",
        "type": "Produit",
        "commune": "Hasparren",
        "code_postal": "64240",
        "departement": "Pyrénées-Atlantiques",
        "region": "Nouvelle-Aquitaine",
        "site_internet": "https://www.terra-aventura.fr/",
        "createur": "Office de Tourisme Pays Basque"
      }
    },
    {
      "type": "Feature",
      "geometry": {
        "type": "Point",
        "coordinates": [
          -1.136684,
          45.819364
        ]
      },
      "properties": {
        "nom": "Tèrra Aventura (vélo) - Moulinez Marais - Marennes",
        "identifiant": "7443689",
        "type": "Lieu",
        "commune": "Marennes-Hiers-Brouage",
        "code_postal": "17320",
        "departement": "Charente-Maritime",
        "region": "Nouvelle-Aquitaine",
        "site_internet": "https://www.terra-aventura.fr/",
        "createur": "Office de Tourisme de l'île d'Oléron et du bassin de Marennes"
      }
    },
    {
      "type": "Feature",
      "geometry": {
        "type": "Point",
        "coordinates": [
          -1.031773,
          45.61788
        ]
      },
      "properties": {
        "nom": "Tèrra Aventura - Back to the fifties !",
        "identifiant": "5772243",
        "type": "Lieu",
        "commune": "Royan",
        "code_postal": "17200",
        "departement": "Charente-Maritime",
        "region": "Nouvelle-Aquitaine",
        "site_internet": "",
        "createur": "Royan Atlantique"
      }
    },
    {
      "type": "Feature",
      "geometry": {
        "type": "Point",
        "coordinates": [
          -0.8130051,
          43.8302969
        ]
      },
      "properties": {
        "nom": "Circuit Terra Aventura - Faites chauffer la colle !",
        "identifiant": "ASCAQU040V50SGCV",
        "type": "Produit",
        "commune": "Tartas",
        "code_postal": "40400",
        "departement": "Landes",
        "region": "Nouvelle-Aquitaine",
        "site_internet": "",
        "createur": "OT Tartas"
      }
    },
    {
      "type": "Feature",
      "geometry": {
        "type": "Point",
        "coordinates": [
          -0.617905,
          45.715433
        ]
      },
      "properties": {
        "nom": "Terra Aventura, Les Gonds : ça rigole dans le marais !",
        "identifiant": "5863092",
        "type": "Lieu",
        "commune": "Les Gonds",
        "code_postal": "17100",
        "departement": "Charente-Maritime",
        "region": "Nouvelle-Aquitaine",
        "site_internet": "http://terra-aventura.fr/",
        "createur": "Office de Tourisme de Saintes & la Saintonge"
      }
    },
    {
      "type": "Feature",
      "geometry": {
        "type": "Point",
        "coordinates": [
          0.164957,
          45.653403
        ]
      },
      "properties": {
        "nom": "Tèrra Aventura - Geocaching \"Zegraff en manque d'inspi\"",
        "identifiant": "5899506",
        "type": "Lieu",
        "commune": "Angoulême",
        "code_postal": "16000",
        "departement": "Charente",
        "region": "Nouvelle-Aquitaine",
        "site_internet": "https://www.terra-aventura.fr/",
        "createur": "Office de Tourisme du Pays d'Angoulême"
      }
    },
    {
      "type": "Feature",
      "geometry": {
        "type": "Point",
        "coordinates": [
          0.9044,
          45.55
        ]
      },
      "properties": {
        "nom": "Terra Aventura : Deux z’heures de Côle avec Ziclou !",
        "identifiant": "ASCAQU024V50I4PP",
        "type": "Produit,Lieu",
        "commune": "Mialet",
        "code_postal": "24450",
        "departement": "Dordogne",
        "region": "Nouvelle-Aquitaine",
        "site_internet": "https://www.perigord-limousin-tourisme.com/decouvrez-nos-pepites/terra-aventura-l-incroyable-chasse-aux-tresors/",
        "createur": "Isle-Auvézère"
      }
    },
    {
      "type": "Feature",
      "geometry": {
        "type": "Point",
        "coordinates": [
          0.115562,
          45.668806
        ]
      },
      "properties": {
        "nom": "Tèrra aventura - Géochaching \"La petite reine des z’écluses\"",
        "identifiant": "5899508",
        "type": "Lieu",
        "commune": "Fléac",
        "code_postal": "16730",
        "departement": "Charente",
        "region": "Nouvelle-Aquitaine",
        "site_internet": "https://www.terra-aventura.fr/",
        "createur": "Office de Tourisme du Pays d'Angoulême"
      }
    },
    {
      "type": "Feature",
      "geometry": {
        "type": "Point",
        "coordinates": [
          0.492161,
          44.793529
        ]
      },
      "properties": {
        "nom": "Tèrra Aventura : Monbazillac : L'Or du Périgord : j'adore !",
        "identifiant": "ASCAQU024V50OPPM",
        "type": "Produit",
        "commune": "Monbazillac",
        "code_postal": "24240",
        "departement": "Dordogne",
        "region": "Nouvelle-Aquitaine",
        "site_internet": "https://www.terra-aventura.fr/caches/bergerac-cest-un-pic-cest-un-cap",
        "createur": "Pays de Bergerac, Vignoble & Bastides"
      }
    },
    {
      "type": "Feature",
      "geometry": {
        "type": "Point",
        "coordinates": [
          -0.422473,
          45.672368
        ]
      },
      "properties": {
        "nom": "Géocaching Terra Aventura - \"Garde la pêche avec Prosper !\"",
        "identifiant": "7125953",
        "type": "Lieu",
        "commune": "Salignac-sur-Charente",
        "code_postal": "17800",
        "departement": "Charente-Maritime",
        "region": "Nouvelle-Aquitaine",
        "site_internet": "https://www.terra-aventura.fr/",
        "createur": "CDC de Haute Saintonge"
      }
    },
    {
      "type": "Feature",
      "geometry": {
        "type": "Point",
        "coordinates": [
          -0.173917,
          45.681389
        ]
      },
      "properties": {
        "nom": "Geocaching : Terra Aventura - La fable des trois chabots",
        "identifiant": "5700296",
        "type": "Lieu",
        "commune": "Jarnac",
        "code_postal": "16200",
        "departement": "Charente",
        "region": "Nouvelle-Aquitaine",
        "site_internet": "https://www.terra-aventura.fr/",
        "createur": "Destination Cognac"
      }
    },
    {
      "type": "Feature",
      "geometry": {
        "type": "Point",
        "coordinates": [
          -0.9251184,
          43.4706548
        ]
      },
      "properties": {
        "nom": "Tèrra Aventura : Salies, au pays des mers veille",
        "identifiant": "ASCAQU064V5A9C0X",
        "type": "Produit",
        "commune": "Salies-de-Béarn",
        "code_postal": "64270",
        "departement": "Pyrénées-Atlantiques",
        "region": "Nouvelle-Aquitaine",
        "site_internet": "",
        "createur": "OT Béarn des Gaves"
      }
    },
    {
      "type": "Feature",
      "geometry": {
        "type": "Point",
        "coordinates": [
          -0.376122,
          43.294134
        ]
      },
      "properties": {
        "nom": "Géocaching Terra Aventura : Pau, c’est royal !",
        "identifiant": "ASCAQU064V5A8UGR",
        "type": "Produit",
        "commune": "Pau",
        "code_postal": "64000",
        "departement": "Pyrénées-Atlantiques",
        "region": "Nouvelle-Aquitaine",
        "site_internet": "https://www.terra-aventura.fr/",
        "createur": "OT Pau"
      }
    },
    {
      "type": "Feature",
      "geometry": {
        "type": "Point",
        "coordinates": [
          -0.555377,
          45.04027
        ]
      },
      "properties": {
        "nom": "Terra Aventura : \"A vos chais en Côtes de Bourg\"",
        "identifiant": "ASCAQU033V50QUVN",
        "type": "Produit",
        "commune": "Bourg",
        "code_postal": "33710",
        "departement": "Gironde",
        "region": "Nouvelle-Aquitaine",
        "site_internet": "http://www.bbte.fr/",
        "createur": "Bourg Cubzaguais Tourisme"
      }
    },
    {
      "type": "Feature",
      "geometry": {
        "type": "Point",
        "coordinates": [
          1.47675,
          45.25562
        ]
      },
      "properties": {
        "nom": "Geocaching Terra Aventura: L’affaire est d’Al’sac !",
        "identifiant": "ASCAQU019V503ZG7",
        "type": "Produit,Lieu",
        "commune": "Allassac",
        "code_postal": "19240",
        "departement": "Corrèze",
        "region": "Nouvelle-Aquitaine",
        "site_internet": "https://www.terra-aventura.fr/",
        "createur": "Brive Tourisme"
      }
    },
    {
      "type": "Feature",
      "geometry": {
        "type": "Point",
        "coordinates": [
          1.07696,
          44.63093
        ]
      },
      "properties": {
        "nom": "Terra Aventura : Tout est bon dans l'marron !",
        "identifiant": "ASCAQU024V50MPX5",
        "type": "Produit",
        "commune": "Villefranche-du-Périgord",
        "code_postal": "24550",
        "departement": "Dordogne",
        "region": "Nouvelle-Aquitaine",
        "site_internet": "",
        "createur": "Périgord Noir Vallée Dordogne"
      }
    },
    {
      "type": "Feature",
      "geometry": {
        "type": "Point",
        "coordinates": [
          -0.32589,
          45.692935
        ]
      },
      "properties": {
        "nom": "Geocaching : Terra Aventura - Sur les remparts de la cité blanche",
        "identifiant": "5700357",
        "type": "Lieu",
        "commune": "Cognac",
        "code_postal": "16100",
        "departement": "Charente",
        "region": "Nouvelle-Aquitaine",
        "site_internet": "https://www.terra-aventura.fr/",
        "createur": "Destination Cognac"
      }
    },
    {
      "type": "Feature",
      "geometry": {
        "type": "Point",
        "coordinates": [
          -0.9999829,
          43.7417045
        ]
      },
      "properties": {
        "nom": "Terra Aventura : Saint Vincent à toutes berzingues",
        "identifiant": "ASCAQU040V50RL8R",
        "type": "Produit",
        "commune": "Saint-Vincent-de-Paul",
        "code_postal": "40990",
        "departement": "Landes",
        "region": "Nouvelle-Aquitaine",
        "site_internet": "https://www.terra-aventura.fr/",
        "createur": "OT Grand Dax"
      }
    },
    {
      "type": "Feature",
      "geometry": {
        "type": "Point",
        "coordinates": [
          -1.0539273,
          43.7233079
        ]
      },
      "properties": {
        "nom": "Terra Aventura : Compostelle fait son numéro !",
        "identifiant": "ASCAQU040V50RL91",
        "type": "Produit",
        "commune": "Saint-Paul-lès-Dax",
        "code_postal": "40990",
        "departement": "Landes",
        "region": "Nouvelle-Aquitaine",
        "site_internet": "https://www.terra-aventura.fr/",
        "createur": "OT Grand Dax"
      }
    },
    {
      "type": "Feature",
      "geometry": {
        "type": "Point",
        "coordinates": [
          -0.2828448,
          44.5935121
        ]
      },
      "properties": {
        "nom": "Terra Aventura : Sainte et Croix font huître",
        "identifiant": "ASCAQU033V50ZESX",
        "type": "Produit",
        "commune": "Sainte-Croix-du-Mont",
        "code_postal": "33410",
        "departement": "Gironde",
        "region": "Nouvelle-Aquitaine",
        "site_internet": "https://www.lagirondedusud.com/",
        "createur": "La Gironde du Sud"
      }
    },
    {
      "type": "Feature",
      "geometry": {
        "type": "Point",
        "coordinates": [
          0.64879,
          46.57211
        ]
      },
      "properties": {
        "nom": "Tèrra Aventura : Authentique Corne de Bigorne : à saisir !",
        "identifiant": "ASCAQU086V501ADY",
        "type": "Produit,Lieu",
        "commune": "Chauvigny",
        "code_postal": "86300",
        "departement": "Vienne",
        "region": "Nouvelle-Aquitaine",
        "site_internet": "https://www.terra-aventura.fr/parcours",
        "createur": "Office de Tourisme de Grand Poitiers"
      }
    },
    {
      "type": "Feature",
      "geometry": {
        "type": "Point",
        "coordinates": [
          1.307666,
          45.429539
        ]
      },
      "properties": {
        "nom": "Terra Aventura  : Ségur, y’a pas plus sûr !",
        "identifiant": "ASCAQU087V501DZI",
        "type": "Produit",
        "commune": "Ségur-le-Château",
        "code_postal": "19230",
        "departement": "Corrèze",
        "region": "Nouvelle-Aquitaine",
        "site_internet": "https://www.terra-aventura.fr/",
        "createur": "OT Pays de Saint-Yrieix"
      }
    },
    {
      "type": "Feature",
      "geometry": {
        "type": "Point",
        "coordinates": [
          -0.7411759,
          44.148665
        ]
      },
      "properties": {
        "nom": "Parcours exclusif Terra Aventura \" Ecomusée de Marquèze \"",
        "identifiant": "ASCAQU040V513XEJ",
        "type": "Produit",
        "commune": "Sabres",
        "code_postal": "40630",
        "departement": "Landes",
        "region": "Nouvelle-Aquitaine",
        "site_internet": "https://www.terra-aventura.fr/ecomusee-marqueze",
        "createur": "OT Cœur Haute Lande"
      }
    },
    {
      "type": "Feature",
      "geometry": {
        "type": "Point",
        "coordinates": [
          -0.795743,
          44.506946
        ]
      },
      "properties": {
        "nom": "Terra Aventura à Belin-Béliet : Rendez-vous en \"tèrra\" inconnue",
        "identifiant": "ASCAQU033V50YITV",
        "type": "Produit",
        "commune": "Belin-Béliet",
        "code_postal": "33830",
        "departement": "Gironde",
        "region": "Nouvelle-Aquitaine",
        "site_internet": "https://www.terra-aventura.fr/",
        "createur": "OT Val de l'Eyre"
      }
    },
    {
      "type": "Feature",
      "geometry": {
        "type": "Point",
        "coordinates": [
          0.0341983,
          44.5225249
        ]
      },
      "properties": {
        "nom": "Circuit Tèrra Aventura : Qui voit Meilhan, va sano",
        "identifiant": "ASCAQU047V5093GM",
        "type": "Produit",
        "commune": "Meilhan-sur-Garonne",
        "code_postal": "47180",
        "departement": "Lot-et-Garonne",
        "region": "Nouvelle-Aquitaine",
        "site_internet": "https://www.valdegaronne-tourisme.com/,https://www.terra-aventura.fr/",
        "createur": "OT Val de Garonne"
      }
    },
    {
      "type": "Feature",
      "geometry": {
        "type": "Point",
        "coordinates": [
          -1.5912112,
          43.4383401
        ]
      },
      "properties": {
        "nom": "Parcours de Géocaching avec Terra Aventura \"Des sources, des baleines et des marins\"",
        "identifiant": "ITIAQU064V58EQVW",
        "type": "Itinéraire touristique",
        "commune": "Bidart",
        "code_postal": "64210",
        "departement": "Pyrénées-Atlantiques",
        "region": "Nouvelle-Aquitaine",
        "site_internet": "http://www.bidarttourisme.com/",
        "createur": "OT Bidart"
      }
    },
    {
      "type": "Feature",
      "geometry": {
        "type": "Point",
        "coordinates": [
          -0.504235,
          45.73913
        ]
      },
      "properties": {
        "nom": "Terra Aventura, Saint-Sauvant : Il court, il court le Coran",
        "identifiant": "5730371",
        "type": "Lieu",
        "commune": "Saint-Sauvant",
        "code_postal": "17610",
        "departement": "Charente-Maritime",
        "region": "Nouvelle-Aquitaine",
        "site_internet": "http://terra-aventura.fr/",
        "createur": "Office de Tourisme de Saintes & la Saintonge"
      }
    },
    {
      "type": "Feature",
      "geometry": {
        "type": "Point",
        "coordinates": [
          0.483392,
          44.853806
        ]
      },
      "properties": {
        "nom": "Tèrra Aventura : Bergerac : c’est un pic, c’est un cap !",
        "identifiant": "ASCAQU024V50JGM4",
        "type": "Produit",
        "commune": "Bergerac",
        "code_postal": "24100",
        "departement": "Dordogne",
        "region": "Nouvelle-Aquitaine",
        "site_internet": "https://www.terra-aventura.fr/caches/bergerac-cest-un-pic-cest-un-cap",
        "createur": "Pays de Bergerac, Vignoble & Bastides"
      }
    },
    {
      "type": "Feature",
      "geometry": {
        "type": "Point",
        "coordinates": [
          1.34537,
          46.03417
        ]
      },
      "properties": {
        "nom": "Terra Aventura : Quand vient la nuit, la chauve sourit",
        "identifiant": "ASCAQU087V500CVG",
        "type": "Produit",
        "commune": "Razès",
        "code_postal": "87640",
        "departement": "Haute-Vienne",
        "region": "Nouvelle-Aquitaine",
        "site_internet": "https://www.terra-aventura.fr/caches/quand-vient-la-nuit-la-chauve-sourit",
        "createur": "OT Monts du Limousin"
      }
    },
    {
      "type": "Feature",
      "geometry": {
        "type": "Point",
        "coordinates": [
          1.492181,
          45.837819
        ]
      },
      "properties": {
        "nom": "Tèrra Aventura : Vers l'époque médiévale et les gourmandises d'aujourd'hui !",
        "identifiant": "ASCAQU087V5004EC",
        "type": "Produit",
        "commune": "Saint-Léonard-de-Noblat",
        "code_postal": "87400",
        "departement": "Haute-Vienne",
        "region": "Nouvelle-Aquitaine",
        "site_internet": "https://www.terra-aventura.fr/caches/vers-lepoque-medievale-et-les-gourmandises-daujourdhui",
        "createur": "OT de Noblat"
      }
    },
    {
      "type": "Feature",
      "geometry": {
        "type": "Point",
        "coordinates": [
          1.58220308,
          45.2246905
        ]
      },
      "properties": {
        "nom": "Geocaching Terra Aventura: Croix de Pierre, Croix de Fer",
        "identifiant": "ASCAQU019V5007ES",
        "type": "Produit,Lieu",
        "commune": "Sainte-Féréole",
        "code_postal": "19270",
        "departement": "Corrèze",
        "region": "Nouvelle-Aquitaine",
        "site_internet": "https://www.terra-aventura.fr/",
        "createur": "Brive Tourisme"
      }
    },
    {
      "type": "Feature",
      "geometry": {
        "type": "Point",
        "coordinates": [
          -0.500018,
          45.479014
        ]
      },
      "properties": {
        "nom": "Géocaching Terra Aventura - \"Ziclou, plus fort à Clion ! \"",
        "identifiant": "6549116",
        "type": "Lieu",
        "commune": "Clion",
        "code_postal": "17240",
        "departement": "Charente-Maritime",
        "region": "Nouvelle-Aquitaine",
        "site_internet": "https://www.terra-aventura.fr/",
        "createur": "CDC de Haute Saintonge"
      }
    },
    {
      "type": "Feature",
      "geometry": {
        "type": "Point",
        "coordinates": [
          0.3794434,
          44.2531345
        ]
      },
      "properties": {
        "nom": "Circuit Tèrra Aventura : Jeux de marins, jeux de vilains",
        "identifiant": "ASCAQU047V50K0GA",
        "type": "Produit",
        "commune": "Port-Sainte-Marie",
        "code_postal": "47130",
        "departement": "Lot-et-Garonne",
        "region": "Nouvelle-Aquitaine",
        "site_internet": "http://www.tourisme-coeurlotetgaronne.fr/,https://www.terra-aventura.fr/",
        "createur": "OT du Confluent et des Coteaux de Prayssas"
      }
    },
    {
      "type": "Feature",
      "geometry": {
        "type": "Point",
        "coordinates": [
          1.2817333,
          45.8614167
        ]
      },
      "properties": {
        "nom": "Tèrra Aventura : A la bonne fortune du baron de la Bastide !",
        "identifiant": "ASCAQU087V500A94",
        "type": "Produit",
        "commune": "Limoges",
        "code_postal": "87000",
        "departement": "Haute-Vienne",
        "region": "Nouvelle-Aquitaine",
        "site_internet": "https://www.terra-aventura.fr/caches/la-bonne-fortune-du-baron-de-la-bastide",
        "createur": "CRT_NA"
      }
    },
    {
      "type": "Feature",
      "geometry": {
        "type": "Point",
        "coordinates": [
          -0.703784,
          45.847224
        ]
      },
      "properties": {
        "nom": "Terra Aventura, Crazannes : En vaillant, vaillant petit tailleur !",
        "identifiant": "6577174",
        "type": "Lieu,Itinéraire touristique",
        "commune": "Crazannes",
        "code_postal": "17350",
        "departement": "Charente-Maritime",
        "region": "Nouvelle-Aquitaine",
        "site_internet": "https://www.coeurdesaintonge.fr/",
        "createur": "Communauté de communes Coeur de Saintonge"
      }
    },
    {
      "type": "Feature",
      "geometry": {
        "type": "Point",
        "coordinates": [
          -0.4209081,
          43.7661548
        ]
      },
      "properties": {
        "nom": "Tèrra Aventura: parcours mystère avec objet Les dieux du stade",
        "identifiant": "ASCAQU040V510SPO",
        "type": "Produit",
        "commune": "Larrivière-Saint-Savin",
        "code_postal": "40270",
        "departement": "Landes",
        "region": "Nouvelle-Aquitaine",
        "site_internet": "",
        "createur": "OT Grenade"
      }
    },
    {
      "type": "Feature",
      "geometry": {
        "type": "Point",
        "coordinates": [
          -0.661686,
          43.740867
        ]
      },
      "properties": {
        "nom": "Tèrra Aventura: parcours mystère avec objet Monte au Club",
        "identifiant": "ASCAQU040V510RJX",
        "type": "Produit,Lieu",
        "commune": "Montaut",
        "code_postal": "40500",
        "departement": "Landes",
        "region": "Nouvelle-Aquitaine",
        "site_internet": "",
        "createur": "Landes Chalosse"
      }
    },
    {
      "type": "Feature",
      "geometry": {
        "type": "Point",
        "coordinates": [
          -0.377403,
          43.696532
        ]
      },
      "properties": {
        "nom": "Tèrra Aventura: parcours mystère avec objet Des bains et des jeux",
        "identifiant": "ASCAQU040V510RU2",
        "type": "Produit,Lieu",
        "commune": "Eugénie-les-Bains",
        "code_postal": "40320",
        "departement": "Landes",
        "region": "Nouvelle-Aquitaine",
        "site_internet": "https://www.tourisme-aire-eugenie.fr/Les-grands-evenements/L-aventure-Terra-Aventura-c-est-pour-toi,https://www.terra-aventura.fr/adiu-les-landais",
        "createur": "Tourisme Aire Eugénie"
      }
    },
    {
      "type": "Feature",
      "geometry": {
        "type": "Point",
        "coordinates": [
          -0.54203,
          46.3137494
        ]
      },
      "properties": {
        "nom": "Géocaching Tèrra-Aventura : \"Maraîchin contre Bras Rouge !\"",
        "identifiant": "ASCAQU079V502WQ5",
        "type": "Produit,Lieu",
        "commune": "Magné",
        "code_postal": "79460",
        "departement": "Deux-Sèvres",
        "region": "Nouvelle-Aquitaine",
        "site_internet": "https://www.terra-aventura.fr/caches?title=&thematic=All&season=All&quests=All&field_maintenance_value=All&difficulty=All&kilometers=All&field_department=79&field_city=&field_start_point_proximity=0",
        "createur": "OT Niort Marais Poitevin"
      }
    },
    {
      "type": "Feature",
      "geometry": {
        "type": "Point",
        "coordinates": [
          -0.3736616,
          46.3605406
        ]
      },
      "properties": {
        "nom": "Géocaching Tèrra-Aventura : \"Secrets de Sèvre bien gardés\"",
        "identifiant": "ASCAQU079V502WQM",
        "type": "Produit,Lieu",
        "commune": "Chauray",
        "code_postal": "79180",
        "departement": "Deux-Sèvres",
        "region": "Nouvelle-Aquitaine",
        "site_internet": "https://www.terra-aventura.fr/caches?title=&thematic=All&season=All&quests=All&field_maintenance_value=All&difficulty=All&kilometers=All&field_department=79&field_city=&field_start_point_proximity=0",
        "createur": "OT Niort Marais Poitevin"
      }
    },
    {
      "type": "Feature",
      "geometry": {
        "type": "Point",
        "coordinates": [
          -0.403792,
          46.716915
        ]
      },
      "properties": {
        "nom": "Géocaching Tèrra Aventura \"Heureux qui comme Ulysse...\" - Clessé",
        "identifiant": "ASCAQU079V502WT8",
        "type": "Produit,Lieu",
        "commune": "Clessé",
        "code_postal": "79350",
        "departement": "Deux-Sèvres",
        "region": "Nouvelle-Aquitaine",
        "site_internet": "https://www.terra-aventura.fr/caches/heureux-qui-comme-ulysse,https://www.tourisme-bocage.com/explorer/un-terrain-de-jeu-terra-aventura",
        "createur": "OT Bocage Bressuirais"
      }
    },
    {
      "type": "Feature",
      "geometry": {
        "type": "Point",
        "coordinates": [
          -0.533805,
          43.512977
        ]
      },
      "properties": {
        "nom": "Chasse au trésor Tèrra Aventura : Fébus, vivement la quille...",
        "identifiant": "ASCAQU064V5B4CWU",
        "type": "Produit,Lieu",
        "commune": "Morlanne",
        "code_postal": "64370",
        "departement": "Pyrénées-Atlantiques",
        "region": "Nouvelle-Aquitaine",
        "site_internet": "https://www.bearnmadiran-tourisme.fr/",
        "createur": "Syndicat du tourisme Coteaux Béarn Madiran"
      }
    },
    {
      "type": "Feature",
      "geometry": {
        "type": "Point",
        "coordinates": [
          -0.3594924,
          43.2177173
        ]
      },
      "properties": {
        "nom": "Géocaching Terra Aventura : l'aventure, c'est comme la garbure...",
        "identifiant": "ASCAQU064V5B5BVJ",
        "type": "Produit,Lieu",
        "commune": "Bosdarros",
        "code_postal": "64290",
        "departement": "Pyrénées-Atlantiques",
        "region": "Nouvelle-Aquitaine",
        "site_internet": "https://www.terra-aventura.fr/",
        "createur": "OT Pau"
      }
    },
    {
      "type": "Feature",
      "geometry": {
        "type": "Point",
        "coordinates": [
          -0.21127,
          44.43136
        ]
      },
      "properties": {
        "nom": "Temporairement fermé - Terra Aventura : Plus d'un tour dans sa be'zas",
        "identifiant": "ASCAQU033V50YHAN",
        "type": "Produit",
        "commune": "Bazas",
        "code_postal": "33430",
        "departement": "Gironde",
        "region": "Nouvelle-Aquitaine",
        "site_internet": "https://www.lagirondedusud.com/,https://www.terra-aventura.fr/",
        "createur": "La Gironde du Sud"
      }
    },
    {
      "type": "Feature",
      "geometry": {
        "type": "Point",
        "coordinates": [
          0.74231,
          44.63909
        ]
      },
      "properties": {
        "nom": "Circuit Tèrra Aventura : Cent pur-sang Royale !",
        "identifiant": "ASCAQU047V50G3PZ",
        "type": "Produit",
        "commune": "Villeréal",
        "code_postal": "47210",
        "departement": "Lot-et-Garonne",
        "region": "Nouvelle-Aquitaine",
        "site_internet": "http://www.coeurdebastides.com/,https://www.terra-aventura.fr/",
        "createur": "OT Coeur de Bastides"
      }
    },
    {
      "type": "Feature",
      "geometry": {
        "type": "Point",
        "coordinates": [
          -0.0116258,
          44.6803283
        ]
      },
      "properties": {
        "nom": "Terra Aventura à Castelmoron-d'Albret : \"Aux quatre cents coups\"",
        "identifiant": "ASCAQU033V50QOXU",
        "type": "Produit",
        "commune": "Castelmoron-d'Albret",
        "code_postal": "33540",
        "departement": "Gironde",
        "region": "Nouvelle-Aquitaine",
        "site_internet": "https://www.entredeuxmers.com/,https://www.terra-aventura.fr/",
        "createur": "OT de l'Entre-deux-Mers"
      }
    },
    {
      "type": "Feature",
      "geometry": {
        "type": "Point",
        "coordinates": [
          -0.0865,
          44.69303
        ]
      },
      "properties": {
        "nom": "Tèrra Aventura à Sauveterre-de-Guyenne : \"Lou qui a pas passat\"",
        "identifiant": "ASCAQU033V50QZ41",
        "type": "Produit",
        "commune": "Sauveterre-de-Guyenne",
        "code_postal": "33540",
        "departement": "Gironde",
        "region": "Nouvelle-Aquitaine",
        "site_internet": "https://www.entredeuxmers.com/,https://www.terra-aventura.fr/",
        "createur": "OT de l'Entre-deux-Mers"
      }
    },
    {
      "type": "Feature",
      "geometry": {
        "type": "Point",
        "coordinates": [
          -0.2093273,
          46.3006252
        ]
      },
      "properties": {
        "nom": "Chasse aux trésors Tèrra Aventura : \"Papiste fait de la résistance\"",
        "identifiant": "ASCAQU079V501MWG",
        "type": "Produit,Lieu",
        "commune": "Prailles-La Couarde",
        "code_postal": "79370",
        "departement": "Deux-Sèvres",
        "region": "Nouvelle-Aquitaine",
        "site_internet": "https://www.terra-aventura.fr/caches?title=&thematic=All&season=All&quests=All&field_maintenance_value=All&difficulty=All&kilometers=All&field_department=79&field_city=&field_start_point_proximity=0",
        "createur": "OT Pays Mellois"
      }
    },
    {
      "type": "Feature",
      "geometry": {
        "type": "Point",
        "coordinates": [
          -0.6543,
          46.277917
        ]
      },
      "properties": {
        "nom": "Géocaching Tèrra-Aventura : \"Flamme bleue en Venise Verte\"",
        "identifiant": "ASCAQU079V501IX9",
        "type": "Produit,Lieu",
        "commune": "Saint-Georges-de-Rex",
        "code_postal": "79210",
        "departement": "Deux-Sèvres",
        "region": "Nouvelle-Aquitaine",
        "site_internet": "https://www.terra-aventura.fr/caches?title=&thematic=All&season=All&quests=All&field_maintenance_value=All&difficulty=All&kilometers=All&field_department=79&field_city=&field_start_point_proximity=0",
        "createur": "OT Niort Marais Poitevin"
      }
    },
    {
      "type": "Feature",
      "geometry": {
        "type": "Point",
        "coordinates": [
          -0.4968161,
          46.8428262
        ]
      },
      "properties": {
        "nom": "Géocaching Tèrra Aventura \"Un musée à ciel ouvert\" - Bressuire",
        "identifiant": "ASCAQU079V503UFR",
        "type": "Produit,Lieu",
        "commune": "Bressuire",
        "code_postal": "79300",
        "departement": "Deux-Sèvres",
        "region": "Nouvelle-Aquitaine",
        "site_internet": "https://www.terra-aventura.fr/caches/un-musee-ciel-ouvert,https://www.tourisme-bocage.com/explorer/un-terrain-de-jeu-terra-aventura",
        "createur": "OT Bocage Bressuirais"
      }
    },
    {
      "type": "Feature",
      "geometry": {
        "type": "Point",
        "coordinates": [
          -0.16672,
          46.78707
        ]
      },
      "properties": {
        "nom": "Chasse aux trésors Tèrra Aventura : \"Triviale poursuite Lupéenne\"",
        "identifiant": "ASCAQU079V503V48",
        "type": "Produit,Lieu",
        "commune": "Louin",
        "code_postal": "79600",
        "departement": "Deux-Sèvres",
        "region": "Nouvelle-Aquitaine",
        "site_internet": "https://www.terra-aventura.fr/",
        "createur": "OT Gâtine"
      }
    },
    {
      "type": "Feature",
      "geometry": {
        "type": "Point",
        "coordinates": [
          -1.070515,
          45.866156
        ]
      },
      "properties": {
        "nom": "Tèrra Aventura - Faites sauter le coffre-fort - Brouage",
        "identifiant": "5726256",
        "type": "Lieu",
        "commune": "Marennes-Hiers-Brouage",
        "code_postal": "17320",
        "departement": "Charente-Maritime",
        "region": "Nouvelle-Aquitaine",
        "site_internet": "https://www.terra-aventura.fr/",
        "createur": "Office de Tourisme de l'île d'Oléron et du bassin de Marennes"
      }
    },
    {
      "type": "Feature",
      "geometry": {
        "type": "Point",
        "coordinates": [
          -1.1526138,
          44.6478523
        ]
      },
      "properties": {
        "nom": "Terra Aventura La Teste de Buch : \"Sauvons les Prés Salés !\"",
        "identifiant": "ASCAQU033V5175CS",
        "type": "Produit",
        "commune": "La Teste-de-Buch",
        "code_postal": "33260",
        "departement": "Gironde",
        "region": "Nouvelle-Aquitaine",
        "site_internet": "https://www.terra-aventura.fr/comment-jouer",
        "createur": "OT La Teste-de-Buch"
      }
    },
    {
      "type": "Feature",
      "geometry": {
        "type": "Point",
        "coordinates": [
          0.46550473,
          44.3145463
        ]
      },
      "properties": {
        "nom": "Circuit Tèrra Aventura : Héron, héron, petit patapon",
        "identifiant": "ASCAQU047V50DWJQ",
        "type": "Produit",
        "commune": "Lacépède",
        "code_postal": "47360",
        "departement": "Lot-et-Garonne",
        "region": "Nouvelle-Aquitaine",
        "site_internet": "http://www.tourisme-coeurlotetgaronne.fr/,https://www.terra-aventura.fr/",
        "createur": "ADRT47"
      }
    },
    {
      "type": "Feature",
      "geometry": {
        "type": "Point",
        "coordinates": [
          1.04343974,
          44.8692404
        ]
      },
      "properties": {
        "nom": "Terra Aventura : Monte là-dessus, tu verras Montmartre !",
        "identifiant": "ASCAQU024V50F9OH",
        "type": "Produit",
        "commune": "Saint-Cyprien",
        "code_postal": "24220",
        "departement": "Dordogne",
        "region": "Nouvelle-Aquitaine",
        "site_internet": "",
        "createur": "Périgord Noir Vallée Dordogne"
      }
    },
    {
      "type": "Feature",
      "geometry": {
        "type": "Point",
        "coordinates": [
          0.41448,
          46.50857
        ]
      },
      "properties": {
        "nom": "Tèrra Aventura : A la Table du Bon Roy Jean",
        "identifiant": "ASCAQU086V50181I",
        "type": "Produit,Lieu",
        "commune": "Nouaillé-Maupertuis",
        "code_postal": "86340",
        "departement": "Vienne",
        "region": "Nouvelle-Aquitaine",
        "site_internet": "https://www.terra-aventura.fr/parcours",
        "createur": "Office de Tourisme des Vallées du Clain"
      }
    },
    {
      "type": "Feature",
      "geometry": {
        "type": "Point",
        "coordinates": [
          -0.0762,
          46.4886321
        ]
      },
      "properties": {
        "nom": "Chasse aux trésors Tèrra Aventura : \"La Bête au Bois-Pouvreau\"",
        "identifiant": "ASCAQU079V501IV1",
        "type": "Produit,Lieu",
        "commune": "Ménigoute",
        "code_postal": "79340",
        "departement": "Deux-Sèvres",
        "region": "Nouvelle-Aquitaine",
        "site_internet": "https://www.terra-aventura.fr/",
        "createur": "CC Parthenay Gâtine"
      }
    },
    {
      "type": "Feature",
      "geometry": {
        "type": "Point",
        "coordinates": [
          -0.0798598,
          46.9530326
        ]
      },
      "properties": {
        "nom": "Circuit géocaching Tèrra Aventura : \"En art point de frontière\"",
        "identifiant": "ASCAQU079V501J0P",
        "type": "Produit,Lieu",
        "commune": "Plaine-et-Vallées",
        "code_postal": "79100",
        "departement": "Deux-Sèvres",
        "region": "Nouvelle-Aquitaine",
        "site_internet": "https://www.terra-aventura.fr/caches?title=&thematic=All&season=All&quests=All&field_maintenance_value=All&difficulty=All&kilometers=All&field_department=79&field_city=&field_start_point_proximity=0",
        "createur": "Maison du Thouarsais"
      }
    },
    {
      "type": "Feature",
      "geometry": {
        "type": "Point",
        "coordinates": [
          -0.14344,
          46.22258
        ]
      },
      "properties": {
        "nom": "Chasse aux trésors Tèrra Aventura : \"Le Sou volè de Charlemagne\"",
        "identifiant": "ASCAQU079V501LOB",
        "type": "Produit,Lieu",
        "commune": "Sauzé-Vaussais",
        "code_postal": "79500",
        "departement": "Deux-Sèvres",
        "region": "Nouvelle-Aquitaine",
        "site_internet": "https://www.terra-aventura.fr/caches?title=&thematic=All&season=All&quests=All&field_maintenance_value=All&difficulty=All&kilometers=All&field_department=79&field_city=&field_start_point_proximity=0",
        "createur": "OT Pays Mellois"
      }
    },
    {
      "type": "Feature",
      "geometry": {
        "type": "Point",
        "coordinates": [
          -0.244299,
          46.9844216
        ]
      },
      "properties": {
        "nom": "Circuit géocaching Tèrra Aventura : \"Les z'aventuriers de la Vallée Rose\"",
        "identifiant": "ASCAQU079V500UKI",
        "type": "Produit,Lieu",
        "commune": "Thouars",
        "code_postal": "79100",
        "departement": "Deux-Sèvres",
        "region": "Nouvelle-Aquitaine",
        "site_internet": "https://www.terra-aventura.fr/caches?title=&thematic=All&season=All&quests=All&field_maintenance_value=All&difficulty=All&kilometers=All&field_department=79&field_city=&field_start_point_proximity=0",
        "createur": "Maison du Thouarsais"
      }
    },
    {
      "type": "Feature",
      "geometry": {
        "type": "Point",
        "coordinates": [
          -0.1861651,
          46.4283915
        ]
      },
      "properties": {
        "nom": "Tèrra Aventura \"Dans le Tourbillon du Diable\" au Puits d'Enfer - Exireuil",
        "identifiant": "ASCAQU079V501ISQ",
        "type": "Produit",
        "commune": "Exireuil",
        "code_postal": "79400",
        "departement": "Deux-Sèvres",
        "region": "Nouvelle-Aquitaine",
        "site_internet": "https://www.terra-aventura.fr/caches?title=&thematic=All&season=All&quests=All&field_maintenance_value=All&difficulty=All&kilometers=All&field_department=79&field_city=&field_start_point_proximity=0",
        "createur": "OT Haut Val De Sèvre"
      }
    },
    {
      "type": "Feature",
      "geometry": {
        "type": "Point",
        "coordinates": [
          -0.2085156,
          46.2624571
        ]
      },
      "properties": {
        "nom": "Chasse aux trésors Tèrra Aventura : \"La Bête cherche sa Belle\"",
        "identifiant": "ASCAQU079V501LOJ",
        "type": "Produit,Lieu",
        "commune": "Celles-sur-Belle",
        "code_postal": "79370",
        "departement": "Deux-Sèvres",
        "region": "Nouvelle-Aquitaine",
        "site_internet": "https://www.terra-aventura.fr/caches?title=&thematic=All&season=All&quests=All&field_maintenance_value=All&difficulty=All&kilometers=All&field_department=79&field_city=&field_start_point_proximity=0",
        "createur": "OT Pays Mellois"
      }
    },
    {
      "type": "Feature",
      "geometry": {
        "type": "Point",
        "coordinates": [
          -0.4692164,
          46.324934
        ]
      },
      "properties": {
        "nom": "Géocaching Tèrra-Aventura : \"Petites chamoiseries entre Poï'zs !\"",
        "identifiant": "ASCAQU079V502DOK",
        "type": "Produit,Lieu",
        "commune": "Niort",
        "code_postal": "79000",
        "departement": "Deux-Sèvres",
        "region": "Nouvelle-Aquitaine",
        "site_internet": "https://www.terra-aventura.fr/caches?title=&thematic=All&season=All&quests=All&field_maintenance_value=All&difficulty=All&kilometers=All&field_department=79&field_city=&field_start_point_proximity=0",
        "createur": "OT Niort Marais Poitevin"
      }
    },
    {
      "type": "Feature",
      "geometry": {
        "type": "Point",
        "coordinates": [
          -0.4112719,
          46.6825541
        ]
      },
      "properties": {
        "nom": "Chasse aux trésors Tèrra Aventura à vélo : \"Roule maboule !\" -",
        "identifiant": "ASCAQU079V502B7M",
        "type": "Produit,Lieu",
        "commune": "Pougne-Hérisson",
        "code_postal": "79130",
        "departement": "Deux-Sèvres",
        "region": "Nouvelle-Aquitaine",
        "site_internet": "https://www.terra-aventura.fr/caches?title=&thematic=All&season=All&quests=All&field_maintenance_value=All&difficulty=All&kilometers=All&field_department=79&field_city=&field_start_point_proximity=0",
        "createur": "CC Parthenay Gâtine"
      }
    },
    {
      "type": "Feature",
      "geometry": {
        "type": "Point",
        "coordinates": [
          -0.1284211,
          45.0408276
        ]
      },
      "properties": {
        "nom": "Terra Aventura : sur les  traces de la reine Zabeth (temporairement fermé)",
        "identifiant": "ASCAQU033V50WXMH",
        "type": "Produit",
        "commune": "Coutras",
        "code_postal": "33230",
        "departement": "Gironde",
        "region": "Nouvelle-Aquitaine",
        "site_internet": "http://www.tourisme-libournais.com/",
        "createur": "OTI du Libournais"
      }
    },
    {
      "type": "Feature",
      "geometry": {
        "type": "Point",
        "coordinates": [
          -1.4311963,
          43.6402633
        ]
      },
      "properties": {
        "nom": "Terra Aventura : Vingt mille lieues sous l'amer",
        "identifiant": "ASCAQU040V50O8CL",
        "type": "Produit",
        "commune": "Capbreton",
        "code_postal": "40130",
        "departement": "Landes",
        "region": "Nouvelle-Aquitaine",
        "site_internet": "https://www.terra-aventura.fr/",
        "createur": "OTI LAS"
      }
    },
    {
      "type": "Feature",
      "geometry": {
        "type": "Point",
        "coordinates": [
          -0.600332,
          46.441299
        ]
      },
      "properties": {
        "nom": "Chasse aux trésors Tèrra Aventura : \"Le train-train des Galipotes\"\"",
        "identifiant": "ASCAQU079V507LNX",
        "type": "Produit,Lieu",
        "commune": "Saint-Pompain",
        "code_postal": "79160",
        "departement": "Deux-Sèvres",
        "region": "Nouvelle-Aquitaine",
        "site_internet": "https://www.terra-aventura.fr/caches?title=&thematic=All&season=All&quests=All&field_maintenance_value=All&difficulty=All&kilometers=All&field_department=79&field_city=&field_start_point_proximity=0",
        "createur": "OT Gâtine"
      }
    },
    {
      "type": "Feature",
      "geometry": {
        "type": "Point",
        "coordinates": [
          0.3422807,
          44.2990186
        ]
      },
      "properties": {
        "nom": "Circuit Tèrra Aventura : Angille sous roche au Confluent",
        "identifiant": "ASCAQU047V50N8SN",
        "type": "Produit",
        "commune": "Aiguillon",
        "code_postal": "47190",
        "departement": "Lot-et-Garonne",
        "region": "Nouvelle-Aquitaine",
        "site_internet": "http://www.tourisme-coeurlotetgaronne.fr/,https://www.terra-aventura.fr/",
        "createur": "OT du Confluent et des Coteaux de Prayssas"
      }
    },
    {
      "type": "Feature",
      "geometry": {
        "type": "Point",
        "coordinates": [
          -0.42679,
          45.4371
        ]
      },
      "properties": {
        "nom": "Geocaching Tèrra Aventura - Suivez les signes du Verse-eau",
        "identifiant": "5892876",
        "type": "Lieu",
        "commune": "Jonzac",
        "code_postal": "17500",
        "departement": "Charente-Maritime",
        "region": "Nouvelle-Aquitaine",
        "site_internet": "https://www.jonzac-haute-saintonge.com/terra-aventura/",
        "createur": "CDC de Haute Saintonge"
      }
    },
    {
      "type": "Feature",
      "geometry": {
        "type": "Point",
        "coordinates": [
          -0.3489496,
          44.7764073
        ]
      },
      "properties": {
        "nom": "Tèrra Aventura à Créon et La Sauve : \"Créons, c’est l’heure\" !",
        "identifiant": "ASCAQU033V50R9V6",
        "type": "Produit",
        "commune": "Créon",
        "code_postal": "33670",
        "departement": "Gironde",
        "region": "Nouvelle-Aquitaine",
        "site_internet": "https://www.terra-aventura.fr/caches/creons-cest-lheure,https://www.entredeuxmers.com/",
        "createur": "OT de l'Entre-deux-Mers"
      }
    },
    {
      "type": "Feature",
      "geometry": {
        "type": "Point",
        "coordinates": [
          -1.5404141,
          43.5006165
        ]
      },
      "properties": {
        "nom": "Chasse au trésor Tèrra Aventura \"Cap sur la Chambre d'Amour !\"",
        "identifiant": "ASCAQU064V5A1GO0",
        "type": "Produit",
        "commune": "Anglet",
        "code_postal": "64600",
        "departement": "Pyrénées-Atlantiques",
        "region": "Nouvelle-Aquitaine",
        "site_internet": "https://www.terra-aventura.fr/caches/cap-sur-la-chambre-damour",
        "createur": "OT Anglet"
      }
    },
    {
      "type": "Feature",
      "geometry": {
        "type": "Point",
        "coordinates": [
          -0.012606,
          45.782932
        ]
      },
      "properties": {
        "nom": "Terra aventura géocaching - Parcours \"ACTA EST FABULA\"",
        "identifiant": "5825141",
        "type": "Lieu",
        "commune": "Saint-Cybardeaux",
        "code_postal": "16170",
        "departement": "Charente",
        "region": "Nouvelle-Aquitaine",
        "site_internet": "https://www.terra-aventura.fr/",
        "createur": "Office de Tourisme du Rouillacais"
      }
    },
    {
      "type": "Feature",
      "geometry": {
        "type": "Point",
        "coordinates": [
          0.0807616,
          44.6506087
        ]
      },
      "properties": {
        "nom": "Tèrra Aventura : Micro Z'aventures, Ez'cales Entre-deux-Mers !",
        "identifiant": "ASCAQU033V51CL1F",
        "type": "Produit",
        "commune": "Monségur",
        "code_postal": "33580",
        "departement": "Gironde",
        "region": "Nouvelle-Aquitaine",
        "site_internet": "https://www.terra-aventura.fr/ezcales-entre-deux-mers,https://www.entredeuxmers.com/",
        "createur": "OT de l'Entre-deux-Mers"
      }
    },
    {
      "type": "Feature",
      "geometry": {
        "type": "Point",
        "coordinates": [
          -0.541314,
          45.759503
        ]
      },
      "properties": {
        "nom": "Terra Aventura, La Chapelle des Pots : Petit potier c'est mon métier",
        "identifiant": "5730298",
        "type": "Lieu",
        "commune": "La Chapelle-des-Pots",
        "code_postal": "17100",
        "departement": "Charente-Maritime",
        "region": "Nouvelle-Aquitaine",
        "site_internet": "http://terra-aventura.fr/",
        "createur": "Office de Tourisme de Saintes & la Saintonge"
      }
    },
    {
      "type": "Feature",
      "geometry": {
        "type": "Point",
        "coordinates": [
          -1.23811,
          43.163141
        ]
      },
      "properties": {
        "nom": "Terra Aventura - Saint-Jean-Pied-de-Port : Un pied dans la Zitadelle...",
        "identifiant": "ASCAQU064V5BMZH3",
        "type": "Produit",
        "commune": "Saint-Jean-Pied-de-Port",
        "code_postal": "64220",
        "departement": "Pyrénées-Atlantiques",
        "region": "Nouvelle-Aquitaine",
        "site_internet": "https://www.terra-aventura.fr/",
        "createur": "Office de Tourisme Pays Basque"
      }
    },
    {
      "type": "Feature",
      "geometry": {
        "type": "Point",
        "coordinates": [
          -0.6795945,
          43.6950935
        ]
      },
      "properties": {
        "nom": "Tèrra Aventura: parcours mystère avec objet La forme, ça se cultive !",
        "identifiant": "ASCAQU040V510V2Z",
        "type": "Produit",
        "commune": "Maylis",
        "code_postal": "40250",
        "departement": "Landes",
        "region": "Nouvelle-Aquitaine",
        "site_internet": "http://www.chalosse.fr/",
        "createur": "OT Terres de Chalosse"
      }
    },
    {
      "type": "Feature",
      "geometry": {
        "type": "Point",
        "coordinates": [
          -1.1498432,
          43.5327964
        ]
      },
      "properties": {
        "nom": "Terra Aventura Hastingues : Petit Hastinguot, porte sur son dos…",
        "identifiant": "ASCAQU040V50W7QJ",
        "type": "Produit",
        "commune": "Hastingues",
        "code_postal": "40300",
        "departement": "Landes",
        "region": "Nouvelle-Aquitaine",
        "site_internet": "",
        "createur": "OT Pays d'Orthe et Arrigans"
      }
    },
    {
      "type": "Feature",
      "geometry": {
        "type": "Point",
        "coordinates": [
          -0.166042,
          46.727863
        ]
      },
      "properties": {
        "nom": "Chasse aux trésors Tèrra Aventura : \"Saint-Hilaire, complétement marteau\"",
        "identifiant": "ASCAQU079V502WPT",
        "type": "Produit,Lieu",
        "commune": "Gourgé",
        "code_postal": "79200",
        "departement": "Deux-Sèvres",
        "region": "Nouvelle-Aquitaine",
        "site_internet": "https://www.terra-aventura.fr/",
        "createur": "OT Gâtine"
      }
    },
    {
      "type": "Feature",
      "geometry": {
        "type": "Point",
        "coordinates": [
          -0.4382429,
          44.9326629
        ]
      },
      "properties": {
        "nom": "Tèrra Aventura à Saint-Loubès : \"À Cavernes, hop ! Hop ! Hop\"",
        "identifiant": "ASCAQU033V50R9TV",
        "type": "Produit",
        "commune": "Saint-Loubès",
        "code_postal": "33450",
        "departement": "Gironde",
        "region": "Nouvelle-Aquitaine",
        "site_internet": "https://www.terra-aventura.fr/caches/cavernes-hop-hop-hop,https://www.entredeuxmers.com/",
        "createur": "OT de l'Entre-deux-Mers"
      }
    },
    {
      "type": "Feature",
      "geometry": {
        "type": "Point",
        "coordinates": [
          -0.2152456,
          46.9748623
        ]
      },
      "properties": {
        "nom": "Circuit géocaching Tèrra Aventura : \"Plus d'une tour dans son sac\"",
        "identifiant": "ASCAQU079V501J0N",
        "type": "Produit,Lieu",
        "commune": "Thouars",
        "code_postal": "79100",
        "departement": "Deux-Sèvres",
        "region": "Nouvelle-Aquitaine",
        "site_internet": "https://www.terra-aventura.fr/caches?title=&thematic=All&season=All&quests=All&field_maintenance_value=All&difficulty=All&kilometers=All&field_department=79&field_city=&field_start_point_proximity=0",
        "createur": "Maison du Thouarsais"
      }
    },
    {
      "type": "Feature",
      "geometry": {
        "type": "Point",
        "coordinates": [
          0.11419046,
          46.2927969
        ]
      },
      "properties": {
        "nom": "Chasse aux trésors Tèrra Aventura : \"Tous les chemins mènent à Rom\"",
        "identifiant": "ASCAQU079V501LO6",
        "type": "Produit,Lieu",
        "commune": "Sauzé-Vaussais",
        "code_postal": "79120",
        "departement": "Deux-Sèvres",
        "region": "Nouvelle-Aquitaine",
        "site_internet": "https://www.terra-aventura.fr/caches?title=&thematic=All&season=All&quests=All&field_maintenance_value=All&difficulty=All&kilometers=All&field_department=79&field_city=&field_start_point_proximity=0",
        "createur": "OT Pays Mellois"
      }
    },
    {
      "type": "Feature",
      "geometry": {
        "type": "Point",
        "coordinates": [
          -0.2008995,
          46.4133778
        ]
      },
      "properties": {
        "nom": "Tèrra Aventura \"Les Poïz prennent du galon\" à Saint-Maixent-l'Ecole",
        "identifiant": "ASCAQU079V501IWE",
        "type": "Produit",
        "commune": "Saint-Maixent-l'École",
        "code_postal": "79400",
        "departement": "Deux-Sèvres",
        "region": "Nouvelle-Aquitaine",
        "site_internet": "https://www.terra-aventura.fr/caches?title=&thematic=All&season=All&quests=All&field_maintenance_value=All&difficulty=All&kilometers=All&field_department=79&field_city=&field_start_point_proximity=0,https://www.terra-aventura.fr/",
        "createur": "OT Haut Val De Sèvre"
      }
    },
    {
      "type": "Feature",
      "geometry": {
        "type": "Point",
        "coordinates": [
          -0.591013,
          46.713402
        ]
      },
      "properties": {
        "nom": "Géocaching Tèrra Aventura \"Oh, la belle prise !\" - Moncoutant-sur-Sèvre",
        "identifiant": "ASCAQU079V5017R6",
        "type": "Produit,Lieu",
        "commune": "Moncoutant-sur-Sèvre",
        "code_postal": "79320",
        "departement": "Deux-Sèvres",
        "region": "Nouvelle-Aquitaine",
        "site_internet": "https://www.tourisme-bocage.com/explorer/un-terrain-de-jeu-terra-aventura,https://www.terra-aventura.fr/caches/oh-la-belle-prise",
        "createur": "OT Bocage Bressuirais"
      }
    },
    {
      "type": "Feature",
      "geometry": {
        "type": "Point",
        "coordinates": [
          -0.7473873,
          43.5924115
        ]
      },
      "properties": {
        "nom": "Chasse au trésor géocaching Terra Aventura : Dis-moi des mots d’Amou",
        "identifiant": "ASCAQU040V50LGR1",
        "type": "Produit",
        "commune": "Amou",
        "code_postal": "40330",
        "departement": "Landes",
        "region": "Nouvelle-Aquitaine",
        "site_internet": "https://www.terra-aventura.fr/",
        "createur": "OT Amou"
      }
    },
    {
      "type": "Feature",
      "geometry": {
        "type": "Point",
        "coordinates": [
          -0.58414,
          46.32416
        ]
      },
      "properties": {
        "nom": "Géocaching Tèrra-Aventura - \"Pic nic douille, c’est toi la pigouille\"",
        "identifiant": "ASCAQU079V505K8F",
        "type": "Produit,Lieu",
        "commune": "Coulon",
        "code_postal": "79510",
        "departement": "Deux-Sèvres",
        "region": "Nouvelle-Aquitaine",
        "site_internet": "https://www.terra-aventura.fr/node/386?destination=node/1455&langcode=fr",
        "createur": "OT Niort Marais Poitevin"
      }
    },
    {
      "type": "Feature",
      "geometry": {
        "type": "Point",
        "coordinates": [
          -0.1149024,
          43.185355
        ]
      },
      "properties": {
        "nom": "Chasse au trésor Tèrra Aventura : mieux vaut veiller que dormir...",
        "identifiant": "ASCAQU064V5BDYIP",
        "type": "Produit,Lieu",
        "commune": "Pontacq",
        "code_postal": "64530",
        "departement": "Pyrénées-Atlantiques",
        "region": "Nouvelle-Aquitaine",
        "site_internet": "https://www.bearnmadiran-tourisme.fr/",
        "createur": "Syndicat du tourisme Coteaux Béarn Madiran"
      }
    },
    {
      "type": "Feature",
      "geometry": {
        "type": "Point",
        "coordinates": [
          -0.224145,
          45.673778
        ]
      },
      "properties": {
        "nom": "Geocaching : Terra Aventura - Petit gourmet cherche grand cru",
        "identifiant": "6193050",
        "type": "Lieu",
        "commune": "Bourg-Charente",
        "code_postal": "16200",
        "departement": "Charente",
        "region": "Nouvelle-Aquitaine",
        "site_internet": "https://www.terra-aventura.fr/",
        "createur": "Destination Cognac"
      }
    },
    {
      "type": "Feature",
      "geometry": {
        "type": "Point",
        "coordinates": [
          -1.373044,
          46.037126
        ]
      },
      "properties": {
        "nom": "Tèrra Aventura - Lost in Oléron - Saint-Denis d'Oléron",
        "identifiant": "5726253",
        "type": "Lieu",
        "commune": "Saint-Denis-d'Oléron",
        "code_postal": "17650",
        "departement": "Charente-Maritime",
        "region": "Nouvelle-Aquitaine",
        "site_internet": "https://www.terra-aventura.fr/",
        "createur": "Office de Tourisme de l'île d'Oléron et du bassin de Marennes"
      }
    },
    {
      "type": "Feature",
      "geometry": {
        "type": "Point",
        "coordinates": [
          -1.209799,
          45.844032
        ]
      },
      "properties": {
        "nom": "Tèrra Aventura - Le Petit Train des Z'Artistes - Saint-Trojan-les-Bains",
        "identifiant": "5726204",
        "type": "Lieu",
        "commune": "Saint-Trojan-les-Bains",
        "code_postal": "17370",
        "departement": "Charente-Maritime",
        "region": "Nouvelle-Aquitaine",
        "site_internet": "https://www.terra-aventura.fr/",
        "createur": "Office de Tourisme de l'île d'Oléron et du bassin de Marennes"
      }
    },
    {
      "type": "Feature",
      "geometry": {
        "type": "Point",
        "coordinates": [
          -0.392759,
          42.9724577
        ]
      },
      "properties": {
        "nom": "Terra Aventura Eaux-Bonnes: A vos marques. Prêts ? Sifflez !",
        "identifiant": "ASCAQU064V5AC5IM",
        "type": "Produit",
        "commune": "Eaux-Bonnes",
        "code_postal": "64440",
        "departement": "Pyrénées-Atlantiques",
        "region": "Nouvelle-Aquitaine",
        "site_internet": "https://www.terra-aventura.fr/",
        "createur": "OT Vallée d'Ossau Pyrénées"
      }
    },
    {
      "type": "Feature",
      "geometry": {
        "type": "Point",
        "coordinates": [
          0.68923732,
          45.6221408
        ]
      },
      "properties": {
        "nom": "Terra Aventura : Qui n'a pas vu Piégut, n'a pas vu de marché",
        "identifiant": "ASCAQU024V50FEDE",
        "type": "Produit",
        "commune": "Piégut-Pluviers",
        "code_postal": "24360",
        "departement": "Dordogne",
        "region": "Nouvelle-Aquitaine",
        "site_internet": "",
        "createur": "Parc Naturel Régional Périgord-Limousin"
      }
    },
    {
      "type": "Feature",
      "geometry": {
        "type": "Point",
        "coordinates": [
          -0.5833123,
          46.9595998
        ]
      },
      "properties": {
        "nom": "Géocaching Tèrra Aventura \"Le temps nous est gare\" - Nueil-Les-Aubiers",
        "identifiant": "ASCAQU079V5017R1",
        "type": "Produit,Lieu",
        "commune": "Nueil-les-Aubiers",
        "code_postal": "79250",
        "departement": "Deux-Sèvres",
        "region": "Nouvelle-Aquitaine",
        "site_internet": "https://www.tourisme-bocage.com/explorer/un-terrain-de-jeu-terra-aventura,https://www.terra-aventura.fr/caches/le-temps-nous-est-gare",
        "createur": "OT Bocage Bressuirais"
      }
    },
    {
      "type": "Feature",
      "geometry": {
        "type": "Point",
        "coordinates": [
          0.34169562,
          44.1345241
        ]
      },
      "properties": {
        "nom": "Circuit Tèrra Aventura : Mardi en huit chez Henri IV",
        "identifiant": "ASCAQU047V50EILB",
        "type": "Produit",
        "commune": "Nérac",
        "code_postal": "47600",
        "departement": "Lot-et-Garonne",
        "region": "Nouvelle-Aquitaine",
        "site_internet": "https://albret-tourisme.com/terra-aventura-en-albret/,https://www.terra-aventura.fr/",
        "createur": "OT de l'Albret"
      }
    },
    {
      "type": "Feature",
      "geometry": {
        "type": "Point",
        "coordinates": [
          -0.4103385,
          43.5347951
        ]
      },
      "properties": {
        "nom": "Chasse au trésor Tèrra Aventura : Qui a volé le jambon de Bayonne ?",
        "identifiant": "ASCAQU064V5CDDCN",
        "type": "Produit,Lieu",
        "commune": "Arzacq-Arraziguet",
        "code_postal": "64410",
        "departement": "Pyrénées-Atlantiques",
        "region": "Nouvelle-Aquitaine",
        "site_internet": "https://www.bearnmadiran-tourisme.fr/",
        "createur": "Syndicat du tourisme Coteaux Béarn Madiran"
      }
    },
    {
      "type": "Feature",
      "geometry": {
        "type": "Point",
        "coordinates": [
          -0.37034,
          43.29379
        ]
      },
      "properties": {
        "nom": "Micro Z'aventure Terra Aventura : Béarn, deux minutes d'arrêt !",
        "identifiant": "ASCAQU064V5C0XQB",
        "type": "Produit",
        "commune": "Pau",
        "code_postal": "64000",
        "departement": "Pyrénées-Atlantiques",
        "region": "Nouvelle-Aquitaine",
        "site_internet": "https://www.terra-aventura.fr/",
        "createur": "OT Pau"
      }
    },
    {
      "type": "Feature",
      "geometry": {
        "type": "Point",
        "coordinates": [
          -0.0745502,
          44.7536166
        ]
      },
      "properties": {
        "nom": "[TEMPORAIREMENT FERMÉ] Tèrra Aventura à Blasimon : \"Chapeau l'abbé Hoarau\"",
        "identifiant": "ASCAQU033V516IW4",
        "type": "Produit",
        "commune": "Blasimon",
        "code_postal": "33540",
        "departement": "Gironde",
        "region": "Nouvelle-Aquitaine",
        "site_internet": "https://www.entredeuxmers.com/,https://www.terra-aventura.fr/",
        "createur": "OT de l'Entre-deux-Mers"
      }
    },
    {
      "type": "Feature",
      "geometry": {
        "type": "Point",
        "coordinates": [
          -0.146575,
          44.495849
        ]
      },
      "properties": {
        "nom": "[temporairement fermé] Terra Aventura : \"Mon coteau, c'est le plus beau\" !",
        "identifiant": "ASCAQU033V516HGK",
        "type": "Produit",
        "commune": "Auros",
        "code_postal": "33124",
        "departement": "Gironde",
        "region": "Nouvelle-Aquitaine",
        "site_internet": "https://www.entredeuxmers.com/,https://www.terra-aventura.fr/",
        "createur": "OT de l'Entre-deux-Mers"
      }
    },
    {
      "type": "Feature",
      "geometry": {
        "type": "Point",
        "coordinates": [
          -0.87566,
          45.828478
        ]
      },
      "properties": {
        "nom": "Terra Aventura, Pont L'Abbé d'Arnoult : Qui sème le vent, récolte la Mohjette",
        "identifiant": "5733346",
        "type": "Lieu",
        "commune": "Pont-l'Abbé-d'Arnoult",
        "code_postal": "17250",
        "departement": "Charente-Maritime",
        "region": "Nouvelle-Aquitaine",
        "site_internet": "http://terra-aventura.fr/",
        "createur": "Communauté de communes Coeur de Saintonge"
      }
    },
    {
      "type": "Feature",
      "geometry": {
        "type": "Point",
        "coordinates": [
          -0.1965257,
          47.0939656
        ]
      },
      "properties": {
        "nom": "Circuit géocaching Tèrra Aventura : \"Bike-man vs. Super-Marne\"",
        "identifiant": "ASCAQU079V502X0I",
        "type": "Produit,Lieu",
        "commune": "Saint-Martin-de-Sanzay",
        "code_postal": "79290",
        "departement": "Deux-Sèvres",
        "region": "Nouvelle-Aquitaine",
        "site_internet": "https://www.terra-aventura.fr/caches?title=&thematic=All&season=All&quests=All&field_maintenance_value=All&difficulty=All&kilometers=All&field_department=79&field_city=&field_start_point_proximity=0",
        "createur": "Maison du Thouarsais"
      }
    },
    {
      "type": "Feature",
      "geometry": {
        "type": "Point",
        "coordinates": [
          -0.4932817,
          46.8419205
        ]
      },
      "properties": {
        "nom": "Geocaching Tèrra Aventura \"Cache-Cache en Bressuirais\" : la Micro Z'Aventure du Bocage",
        "identifiant": "ASCAQU079V505MAA",
        "type": "Produit,Lieu",
        "commune": "Bressuire",
        "code_postal": "79300",
        "departement": "Deux-Sèvres",
        "region": "Nouvelle-Aquitaine",
        "site_internet": "https://www.tourisme-bocage.com/terra-aventura-parcours-de-geocaching-en-bocage-bressuirais",
        "createur": "OT Bocage Bressuirais"
      }
    },
    {
      "type": "Feature",
      "geometry": {
        "type": "Point",
        "coordinates": [
          -0.4060084,
          44.7809282
        ]
      },
      "properties": {
        "nom": "[TEMPORAIREMENT FERMÉ] Tèrra Aventura à Sadirac : \"Cruche un jour, cruche toujours\"",
        "identifiant": "ASCAQU033V513O6N",
        "type": "Produit",
        "commune": "Sadirac",
        "code_postal": "33670",
        "departement": "Gironde",
        "region": "Nouvelle-Aquitaine",
        "site_internet": "https://www.entredeuxmers.com/,https://www.terra-aventura.fr/",
        "createur": "OT de l'Entre-deux-Mers"
      }
    },
    {
      "type": "Feature",
      "geometry": {
        "type": "Point",
        "coordinates": [
          -0.1124421,
          43.4494667
        ]
      },
      "properties": {
        "nom": "Chasse au trésor Tèrra Aventura : Viens donc faire un tour à Lembeye",
        "identifiant": "ASCAQU064V5AR6AU",
        "type": "Produit,Lieu",
        "commune": "Lembeye",
        "code_postal": "64350",
        "departement": "Pyrénées-Atlantiques",
        "region": "Nouvelle-Aquitaine",
        "site_internet": "https://www.bearnmadiran-tourisme.fr/",
        "createur": "Syndicat du tourisme Coteaux Béarn Madiran"
      }
    },
    {
      "type": "Feature",
      "geometry": {
        "type": "Point",
        "coordinates": [
          -0.2631483,
          43.3427542
        ]
      },
      "properties": {
        "nom": "Chasse au trésor Tèrra Aventura : Saint-Jacques, à tous les coups on gagne",
        "identifiant": "ASCAQU064V5C1BEE",
        "type": "Produit,Lieu",
        "commune": "Morlaàs",
        "code_postal": "64160",
        "departement": "Pyrénées-Atlantiques",
        "region": "Nouvelle-Aquitaine",
        "site_internet": "https://www.bearnmadiran-tourisme.fr/",
        "createur": "Syndicat du tourisme Coteaux Béarn Madiran"
      }
    },
    {
      "type": "Feature",
      "geometry": {
        "type": "Point",
        "coordinates": [
          0.4837521,
          44.7337829
        ]
      },
      "properties": {
        "nom": "Tèrra Aventura : Tourne, tourne, petit moulin ; vole, vole, belle Zaméla | PARCOURS ÉPHÉMÈRE > 9 AU 31/08/25",
        "identifiant": "ASCAQU024V50NCUX",
        "type": "Produit",
        "commune": "Sadillac",
        "code_postal": "24500",
        "departement": "Dordogne",
        "region": "Nouvelle-Aquitaine",
        "site_internet": "https://www.terra-aventura.fr/zamela-apparait-sadillac-24-aout",
        "createur": "Pays de Bergerac, Vignoble & Bastides"
      }
    }
  ]
}