"Nom","Identifiant","Type","Sous-type","Sous-type","Commune","Code postal","Code INSEE","Département","Région","Latitude","Longitude","Site internet","Créateur","Mise à jour","Mise à jour DATAtourisme"
"Tèrra Aventura","ASCAQU033V51CU8Q","Produit","Pratique",,"Saint-Émilion","33330","33394","Gironde","Nouvelle-Aquitaine","44.8934566","-0.1565709",,"OT Saint-Emilion","2026-03-16T00:00:00.000Z","2026-06-27T02:27:42.243Z"
"Tèrra Aventura : L'astroquête","ASCAQU087V500AAI","Produit","Pratique",,"Rochechouart","87600","87126","Haute-Vienne","Nouvelle-Aquitaine","45.8233266","0.820562839","https://www.terra-aventura.fr/caches/lastroquete","CRT_NA","2026-08-13T00:00:00.000Z","2026-08-14T02:02:38.929Z"
"Tèrra Aventura : Mais qui sont ces Fricassous ?!","ASCAQU086V501G81","Produit,Lieu","Pratique,Site sportif, récréatif et de loisirs","Pratique libre","Château-Larcher","86370","86065","Vienne","Nouvelle-Aquitaine","46.4174558","0.31255058","https://www.terra-aventura.fr/","Office de Tourisme des Vallées du Clain","2026-06-25T00:00:00.000Z","2026-06-27T02:27:42.244Z"
"Terra Aventura : ""L'Ovnicache""","ASCAQU033V50QPBX","Produit","Pratique",,"Arès","33740","33011","Gironde","Nouvelle-Aquitaine","44.764441","-1.142052",,"Office de Tourisme d'Arès","2026-02-24T00:00:00.000Z","2026-01-01T00:00:00.000Z"
"Terra Aventura : ""Dans le même bateau""","ASCAQU033V50L51D","Produit","Pratique",,"Lormont","33310","33249","Gironde","Nouvelle-Aquitaine","44.8780343","-0.5342767","https://www.terra-aventura.fr/","OT Bordeaux Métropole","2026-01-06T00:00:00.000Z","2026-01-01T00:00:00.000Z"
"Tèrra Aventura - Matha","5859878","Lieu","Site sportif, récréatif et de loisirs",,"Matha","17160","17224","Charente-Maritime","Nouvelle-Aquitaine","45.866388","-0.321011","https://www.destinationvalsdesaintonge.com/,https://www.terra-aventura.fr/","Office de Tourisme des Vals de Saintonge","2026-01-09T00:00:00.000Z","2026-01-01T00:00:00.000Z"
"Terra Aventura « Les z’arts au soleil »","ASCAQU0406069183","Produit","Pratique",,"Mont-de-Marsan","40000","40192","Landes","Nouvelle-Aquitaine","43.893485","-0.499782","https://www.terra-aventura.fr/","OT Mont-de-Marsan","2026-07-17T00:00:00.000Z","2026-07-18T02:27:57.396Z"
"Terra Aventura : Au Four et au Moulin","ITIAQU024V50O5TD","Itinéraire touristique","Itinéraire pédestre",,"La Tour-Blanche-Cercles","24320","24554","Dordogne","Nouvelle-Aquitaine","45.3658304","0.44609099","https://www.perigord-inattendu.fr/,https://www.terra-aventura.fr/","Val de Dronne","2026-02-23T00:00:00.000Z","2026-01-01T00:00:00.000Z"
"Terra Aventura : Ribérac la Contemporaine","ITIAQU024V50O5T6","Itinéraire touristique","Itinéraire pédestre",,"Ribérac","24600","24352","Dordogne","Nouvelle-Aquitaine","45.2479975","0.33828667","https://www.perigord-inattendu.fr/,https://www.terra-aventura.fr/","Val de Dronne","2026-02-23T00:00:00.000Z","2026-01-01T00:00:00.000Z"
"Tèrra Aventura - C'est qui les molasses ? Pas nous !","ASCAQU047V50947T","Produit","Pratique",,"Saint-Pastour","47290","47265","Lot-et-Garonne","Nouvelle-Aquitaine","44.4879307","0.59961312","http://www.tourisme-coeurlotetgaronne.fr/,https://www.terra-aventura.fr/","OT Vallée du Lot et Garonne","2026-01-07T00:00:00.000Z","2026-06-27T02:27:42.240Z"
"Terra Aventura : Only Diou !","ASCAQU024V50JJYC","Produit,Lieu","Pratique,Site sportif, récréatif et de loisirs","Pratique libre","Grignols","24110","24205","Dordogne","Nouvelle-Aquitaine","45.0818603","0.54329927","https://www.terra-aventura.fr/","Vallée de l'Isle en Périgord","2026-01-01T00:00:00.000Z","2026-01-01T00:00:00.000Z"
"Tèrra Aventura : Toqués de Porcelaine","ASCAQU087V500JLT","Produit","Pratique",,"Limoges","87000","87085","Haute-Vienne","Nouvelle-Aquitaine","45.83207","1.2528","https://www.terra-aventura.fr/caches/toques-de-porcelaine","OT Limoges Métropole","2026-05-27T00:00:00.000Z","2026-01-01T00:00:00.000Z"
"Tèrra Aventura : Du bruit dans les bruyères","ASCAQU087V500D0A","Produit","Pratique",,"La Porcherie","87380","87120","Haute-Vienne","Nouvelle-Aquitaine","45.5692841","1.52977868","https://www.terra-aventura.fr/caches/du-bruit-dans-les-bruyeres","OT Briance Sud Haute-Vienne","2026-05-30T00:00:00.000Z","2026-01-01T00:00:00.000Z"
"Terra Aventura : Connectez-vous email","ASCAQU087V500IAS","Produit","Pratique",,"Limoges","87000","87085","Haute-Vienne","Nouvelle-Aquitaine","45.8162774","1.2623048","https://www.terra-aventura.fr/caches/connectez-vous-email","OT Limoges Métropole","2025-10-18T00:00:00.000Z","2026-01-01T00:00:00.000Z"
"Tèrra Aventura : Gouffier & le chevalier au ...","ASCAQU087V500AAC","Produit","Pratique",,"Rilhac-Lastours","87800","87124","Haute-Vienne","Nouvelle-Aquitaine","45.6481091","1.11897105","https://www.terra-aventura.fr/parcours","CRT_NA","2026-01-01T00:00:00.000Z","2026-06-27T02:27:42.245Z"
"Tèrra Aventura : L’histoire des Pelauds","ASCAQU087V500A8G","Produit","Pratique",,"Eymoutiers","87120","87064","Haute-Vienne","Nouvelle-Aquitaine","45.73866","1.74128567","https://www.terra-aventura.fr/caches/lhistoire-des-pelauds","CRT_NA","2026-01-01T00:00:00.000Z","2026-07-03T02:18:24.781Z"
"Tèrra Aventura : Les mégalithes et leurs légendes","ASCAQU087V500A70","Produit","Pratique",,"Bellac","87520","87011","Haute-Vienne","Nouvelle-Aquitaine","45.9915639","1.049805","https://www.terra-aventura.fr/caches/les-megalithes-et-leurs-legendes","CRT_NA","2026-01-01T00:00:00.000Z","2026-07-03T02:18:24.779Z"
"Tèrra Aventura : Les seigneurs de Champagnac","ASCAQU087V500A6Z","Produit","Pratique",,"Val-d'Oire-et-Gartempe","87330","87028","Haute-Vienne","Nouvelle-Aquitaine","46.2272344","0.92256525","https://www.terra-aventura.fr/caches/les-seigneurs-de-champagnac","CRT_NA","2026-01-01T00:00:00.000Z","2026-07-03T02:18:24.775Z"
"Terra Aventura : La palette de Suzanne","ASCAQU087V500A73","Produit","Pratique",,"Bessines-sur-Gartempe","87250","87014","Haute-Vienne","Nouvelle-Aquitaine","46.1095448","1.3705677","https://www.terra-aventura.fr/caches/la-palette-de-suzanne","CRT_NA","2026-06-12T00:00:00.000Z","2026-06-13T02:24:35.292Z"
"Tèrra Aventura : À l'assaut de Châlucet","ASCAQU087V500I3L","Produit","Pratique",,"Saint-Jean-Ligoure","87260","87151","Haute-Vienne","Nouvelle-Aquitaine","45.7313885","1.31374905","https://www.terra-aventura.fr/caches/lassaut-de-chalucet","OT Pays de Nexon - Monts de Châlus","2026-01-01T00:00:00.000Z","2026-06-27T02:27:42.243Z"
"Tèrra Aventura : L’empreinte du loup","ASCAQU087V500A9H","Produit","Pratique",,"Meuzac","87380","87095","Haute-Vienne","Nouvelle-Aquitaine","45.5785345","1.40386529","https://www.terra-aventura.fr/caches/lempreinte-du-loup","OT Briance Sud Haute-Vienne","2026-06-26T00:00:00.000Z","2026-06-27T02:27:42.246Z"
"Tèrra Aventura : Les méz’aventures de Zarthus","ASCAQU087V500E2Q","Produit","Pratique",,"Les Salles-Lavauguyon","87440","87189","Haute-Vienne","Nouvelle-Aquitaine","45.7424169","0.69340691","https://www.terra-aventura.fr/caches/les-mezaventures-de-zarthus","OT LIMOUSIN nouveaux horizons - Porte Océane du Limousin","2026-07-16T00:00:00.000Z","2026-07-17T02:28:20.941Z"
"Tèrra Aventura : Vertunian Thérapie","ASCAQU087V500E0W","Produit","Pratique",,"Saint-Victurnien","87420","87185","Haute-Vienne","Nouvelle-Aquitaine","45.8772602","1.01251926","https://www.terra-aventura.fr/caches/vertunian-therapie","OT LIMOUSIN nouveaux horizons - Porte Océane du Limousin","2026-07-24T00:00:00.000Z","2026-07-25T02:16:00.240Z"
"Tèrra Aventura : Le dragon des Cars","ASCAQU087V500A92","Produit","Pratique",,"Les Cars","87230","87029","Haute-Vienne","Nouvelle-Aquitaine","45.6797113","1.07301044","https://www.terra-aventura.fr/caches/le-dragon-des-cars","CRT_NA","2026-07-28T00:00:00.000Z","2026-07-29T02:41:53.479Z"
"Terra Aventura : La terreur d'Epona","ASCAQU087V500CUZ","Produit","Pratique",,"Jabreilles-les-Bordes","87370","87076","Haute-Vienne","Nouvelle-Aquitaine","46.0216","1.53049","https://www.terra-aventura.fr/caches/la-terreur-depona","OT Monts du Limousin","2026-04-27T00:00:00.000Z","2026-01-01T00:00:00.000Z"
"Terra Aventura : ""L'affaire Duellas""","ASCAQU024V50KB4F","Produit","Pratique","Pratique libre","Saint-Martial-d'Artenset","24700","24449","Dordogne","Nouvelle-Aquitaine","45.0299942","0.22558299",,"Vallée de l'Isle en Périgord","2026-03-03T00:00:00.000Z","2026-01-01T00:00:00.000Z"
"Tèrra Aventura : Aux pierres de la lune","ASCAQU087V5004GK","Produit","Pratique",,"Sauviat-sur-Vige","87400","87190","Haute-Vienne","Nouvelle-Aquitaine","45.923781","1.603823","https://www.terra-aventura.fr/caches/aux-pierres-de-la-lune","OT de Noblat","2026-03-09T00:00:00.000Z","2026-06-27T02:27:42.247Z"
"Tèrra Aventura : Le dragon de la Maulde","ASCAQU087V500A8I","Lieu","Site sportif, récréatif et de loisirs",,"Bujaleuf","87460","87024","Haute-Vienne","Nouvelle-Aquitaine","45.8043932","1.63326835","https://www.terra-aventura.fr/caches/le-dragon-de-la-maulde","CRT_NA","2026-01-01T00:00:00.000Z","2026-07-03T02:18:24.777Z"
"Tèrra Aventura : Le chemin des poètes","ASCAQU087V500ZDR","Produit","Pratique",,"Peyrat-le-Château","87470","87117","Haute-Vienne","Nouvelle-Aquitaine","45.795057","1.84175501","https://www.terra-aventura.fr/caches/le-chemin-des-poetes","OT Portes de Vassivière","2026-07-15T00:00:00.000Z","2026-07-16T02:17:48.173Z"
"Tèrra Aventura : Les cyclistes ont la côte !","ASCAQU087V500ZF9","Produit","Pratique",,"Bonnac-la-Côte","87270","87020","Haute-Vienne","Nouvelle-Aquitaine","45.9453147","1.28097178","https://www.terra-aventura.fr/caches/les-cyclistes-ont-la-cote","OT Limoges Métropole","2025-10-18T00:00:00.000Z","2026-07-03T02:18:24.779Z"
"Tèrra Aventura : Tous en Celtes !","ASCAQU087V500ZFS","Produit","Pratique",,"Saint-Gence","87510","87143","Haute-Vienne","Nouvelle-Aquitaine","45.9240798","1.13671118","https://www.terra-aventura.fr/caches/tous-en-celtes","OT Limoges Métropole","2025-10-18T00:00:00.000Z","2026-01-01T00:00:00.000Z"
"Tèrra Aventura : Le crocodile du Lac","ASCAQU087V500ZBW","Produit","Pratique",,"Razès","87640","87122","Haute-Vienne","Nouvelle-Aquitaine","46.0406794","1.29535919","https://www.lacsaintpardoux.com/decouvrir/les-pieds-sur-terre-ou-dans-les-airs/le-parcours-terra-aventura-le-crocodile-du-lac/,https://www.terra-aventura.fr/caches/le-crocodile-du-lac","OT Monts du Limousin","2026-06-09T00:00:00.000Z","2026-06-10T02:28:36.355Z"
"Tèrra Aventura : Le jeu d'Eloi","ASCAQU087V500ZEE","Produit","Pratique",,"Solignac","87110","87192","Haute-Vienne","Nouvelle-Aquitaine","45.755225","1.27575069","https://www.terra-aventura.fr/caches/le-jeu-deloi","OT Limoges Métropole","2025-10-18T00:00:00.000Z","2026-07-03T02:18:24.778Z"
"Tèrra Aventura : Mémoire des justes","ASCAQU087V500A7K","Produit","Pratique",,"Châteauneuf-la-Forêt","87130","87040","Haute-Vienne","Nouvelle-Aquitaine","45.7095167","1.59735","https://www.terra-aventura.fr/caches/memoire-des-justes","CRT_NA","2025-01-21T00:00:00.000Z","2026-07-03T02:18:24.777Z"
"Tèrra Aventura : Cociaco Bonaldo !","ASCAQU087V500A81","Produit","Pratique",,"Coussac-Bonneval","87500","87049","Haute-Vienne","Nouvelle-Aquitaine","45.5114167","1.3255167","https://www.terra-aventura.fr/caches/cociaco-bonaldo","OT Pays de Saint-Yrieix","2026-06-26T00:00:00.000Z","2026-06-27T02:27:42.244Z"
"Tèrra Aventura : Randonnée spirituelle","ASCAQU024V50KCVH","Produit","Pratique",,"Saint-Avit-Sénieur","24440","24379","Dordogne","Nouvelle-Aquitaine","44.7745677","0.81584363","https://www.terra-aventura.fr/caches/spirituelle-randonnee","Pays de Bergerac, Vignoble & Bastides","2026-01-01T00:00:00.000Z","2026-01-01T00:00:00.000Z"
"Terra Aventura : Estamponné ""Roquefort"" !","ASCAQU040V50W7V0","Produit,Lieu","Pratique,Site sportif, récréatif et de loisirs",,"Roquefort","40120","40245","Landes","Nouvelle-Aquitaine","44.0334374","-0.3176938",,"OT Landes d'Armagnac","2026-04-10T00:00:00.000Z","2026-01-01T00:00:00.000Z"
"Terra Aventura - L'Arche de Zahan","ASCAQU040V50QW3N","Produit,Lieu","Pratique,Site sportif, récréatif et de loisirs","Pratique libre","Aureilhan","40200","40019","Landes","Nouvelle-Aquitaine","44.2192721","-1.2052016","https://www.terra-aventura.fr/","OT Mimizan","2026-02-06T00:00:00.000Z","2026-01-01T00:00:00.000Z"
"Tèrra Aventura - Mignon des sources","ASCAQU040V50QVOA","Produit","Pratique",,"Taller","40260","40311","Landes","Nouvelle-Aquitaine","43.8715979","-1.0720954",,"Côte Landes Nature Tourisme","2026-04-13T00:00:00.000Z","2026-01-01T00:00:00.000Z"
"Tèrra Aventura - Merci bécut!","ASCAQU040V50QVNA","Produit","Pratique",,"Lévignacq","40170","40154","Landes","Nouvelle-Aquitaine","44.0060836","-1.1656662",,"Côte Landes Nature Tourisme","2026-02-20T00:00:00.000Z","2026-01-01T00:00:00.000Z"
"Terra Aventura ""la bataille navale""","ASCAQU033V50XZQ3","Produit","Pratique",,"Castillon-la-Bataille","33350","33108","Gironde","Nouvelle-Aquitaine","44.85231","-0.04338",,"OT Castillon-Pujols","2026-01-06T00:00:00.000Z","2026-01-01T00:00:00.000Z"
"Terra Aventura : Heraus de nos montagnes","ASCAQU064V5B5M3A","Produit","Pratique",,"Tardets-Sorholus","64470","64533","Pyrénées-Atlantiques","Nouvelle-Aquitaine","43.1158846","-0.8619476",,"Office de Tourisme Pays Basque","2026-01-01T00:00:00.000Z","2026-01-01T00:00:00.000Z"
"Terra Aventura : les durs de l'Atlantique","ASCAQU064V5B5LW4","Produit","Pratique",,"Bidart","64210","64125","Pyrénées-Atlantiques","Nouvelle-Aquitaine","43.4416193","-1.5877474","https://www.bidarttourisme.com/","OT Bidart","2026-04-22T00:00:00.000Z","2026-01-01T00:00:00.000Z"
"Terra Aventura : Cap ou « pacane » ?","ASCAQU033V50YIR7","Produit","Pratique",,"Léognan","33850","33238","Gironde","Nouvelle-Aquitaine","44.72743","-0.59752","http://www.sud-bordeaux-tourisme.com/","Sud Bordeaux Tourisme","2026-07-11T00:00:00.000Z","2026-07-12T02:20:17.069Z"
"Terra Aventura : ""Prieur de ne pas déranger""","ASCAQU033V50RF1V","Produit","Pratique",,"Gradignan","33170","33192","Gironde","Nouvelle-Aquitaine","44.77897","-0.60953",,"OT Bordeaux Métropole","2026-01-06T00:00:00.000Z","2026-01-01T00:00:00.000Z"
"Terra Aventura : ""Des couleurs pour ma cayenne""","ASCAQU033V50RF4V","Produit","Pratique",,"Biganos","33380","33051","Gironde","Nouvelle-Aquitaine","44.6432919","-0.9977887","https://www.terra-aventura.fr/","Office de Tourisme Coeur du Bassin d'Arcachon","2026-03-05T00:00:00.000Z","2026-01-01T00:00:00.000Z"
"Tèrra Aventura : Jusqu'à la fin des Terres","ASCAQU033V50RMDL","Produit","Pratique",,"Soulac-sur-Mer","33780","33514","Gironde","Nouvelle-Aquitaine","45.5142921","-1.1234268","https://www.terra-aventura.fr/","OT Médoc Atlantique","2026-01-06T00:00:00.000Z","2026-01-01T00:00:00.000Z"
"Terra Aventura : Suivez le goupil","ASCAQU024V50D5XP","Produit,Lieu","Pratique,Site sportif, récréatif et de loisirs","Pratique libre","Saint Aulaye-Puymangou","24410","24376","Dordogne","Nouvelle-Aquitaine","45.2033089","0.13585949","https://www.perigord-inattendu.fr/","Val de Dronne","2026-01-01T00:00:00.000Z","2026-01-01T00:00:00.000Z"
"Séjour Terra Aventura décarbonné","OP031AQU040V50YVQR","Produit",,,"Messanges","40660","40181","Landes","Nouvelle-Aquitaine","43.797099","-1.3818548","https://www.loupignada.com/fr,https://www.loupignada.com/fr?utm_source=landesatlantiquesud.com&utm_medium=affiliate&utm_campaign=partenariat-payant,https://www.loupignada.com/fr,https://www.loupignada.com/fr?utm_source=landesatlantiquesud.com&utm_medium=affiliate&utm_campaign=partenariat-payant","CDT 40","2025-12-02T00:00:00.000Z","2026-01-01T00:00:00.000Z"
"Tèrra Aventura : Logeons-nous dans les bois","ASCAQU087V5020IZ","Produit","Pratique",,"Saint-Priest-sous-Aixe","87700","87177","Haute-Vienne","Nouvelle-Aquitaine","45.8143049","1.0742177","https://www.terra-aventura.fr/caches/logeons-nous-dans-les-bois","OT Val de Vienne","2025-01-21T00:00:00.000Z","2026-07-03T02:18:24.780Z"
"Tèrra Aventura : Sorcières sur l'Adour","ASCAQU040V50TNK7","Produit,Lieu","Pratique,Site sportif, récréatif et de loisirs",,"Aire-sur-l'Adour","40800","40001","Landes","Nouvelle-Aquitaine","43.7444438","-0.2015254",,"Tourisme Aire Eugénie","2026-02-04T00:00:00.000Z","2026-01-01T00:00:00.000Z"
"Tèrra Aventura - Les-Touches-de-Périgny","6195788","Lieu","Site sportif, récréatif et de loisirs",,"Les Touches-de-Périgny","17160","17451","Charente-Maritime","Nouvelle-Aquitaine","45.901567","-0.274033","https://www.terra-aventura.fr/","Office de Tourisme des Vals de Saintonge","2026-04-27T00:00:00.000Z","2026-01-01T00:00:00.000Z"
"Terra Aventura ""Attention à la marche...""","ASCAQU040V50TUZH","Produit","Pratique",,"Cazères-sur-l'Adour","40270","40080","Landes","Nouvelle-Aquitaine","43.76086","-0.31695",,"OT Grenade","2024-11-17T00:00:00.000Z","2026-01-01T00:00:00.000Z"
"Tèrra Aventura : Poussez la Chan'Sonnette","ASCAQU086V500672","Produit,Lieu","Pratique,Site sportif, récréatif et de loisirs","Pratique libre","Lizant","86400","86136","Vienne","Nouvelle-Aquitaine","46.0839718","0.27950098","https://www.terra-aventura.fr/parcours","Office de Tourisme de Civraisien en Poitou","2026-07-13T00:00:00.000Z","2026-07-14T02:09:57.737Z"
"Tèrra Aventura : Les Nouveaux Z'Ingénieurs","ASCAQU086V50041L","Produit,Lieu","Pratique,Site sportif, récréatif et de loisirs","Pratique libre","L'Isle-Jourdain","86150","86112","Vienne","Nouvelle-Aquitaine","46.240293","0.684276","http://www.sudviennepoitou.com/,https://www.terra-aventura.fr/parcours","Office de Tourisme Sud Vienne Poitou","2026-06-16T00:00:00.000Z","2026-06-27T02:27:42.246Z"
"Tèrra Aventura : L’Admirateur Secret","ASCAQU086V50041P","Produit,Lieu","Pratique,Site sportif, récréatif et de loisirs","Pratique libre","Montmorillon","86500","86165","Vienne","Nouvelle-Aquitaine","46.4265894","0.8711133","http://www.sudviennepoitou.com/,https://www.terra-aventura.fr/parcours","Office de Tourisme Sud Vienne Poitou","2026-08-09T00:00:00.000Z","2026-08-10T02:03:58.061Z"
"Tèrra Aventura : À Vienne que pourra !","ASCAQU086V50041G","Produit,Lieu","Pratique,Site sportif, récréatif et de loisirs","Pratique libre","Availles-Limouzine","86460","86015","Vienne","Nouvelle-Aquitaine","46.1219804","0.6552246","http://www.sudviennepoitou.com/,https://www.terra-aventura.fr/parcours","Office de Tourisme Sud Vienne Poitou","2026-08-09T00:00:00.000Z","2026-08-10T02:03:58.061Z"
"Tèrra Aventura : La Grande Buée","ASCAQU086V50069P","Produit,Lieu","Pratique,Site sportif, récréatif et de loisirs","Pratique libre","Moncontour","86330","86161","Vienne","Nouvelle-Aquitaine","46.88148","-0.0184","https://www.terra-aventura.fr/parcours","Office de Tourisme du Pays Loudunais","2026-06-16T00:00:00.000Z","2026-06-17T03:11:07.693Z"
"Tèrra Aventura : Les Z'Animaux Fantastiques","ASCAQU086V50066T","Produit,Lieu","Pratique,Site sportif, récréatif et de loisirs","Pratique libre","Civray","86400","86078","Vienne","Nouvelle-Aquitaine","46.149276","0.296815","https://www.terra-aventura.fr/parcours","Office de Tourisme de Civraisien en Poitou","2026-07-13T00:00:00.000Z","2026-07-14T02:09:57.736Z"
"Tèrra Aventura : D'Inspiration Médiévale","ASCAQU086V500670","Produit,Lieu","Pratique,Site sportif, récréatif et de loisirs","Pratique libre","Gençay","86160","86103","Vienne","Nouvelle-Aquitaine","46.374538","0.403719","https://www.terra-aventura.fr/parcours","Office de Tourisme de Civraisien en Poitou","2026-07-13T00:00:00.000Z","2026-07-14T02:09:57.737Z"
"Tèrra Aventura : Les Raisins de la Folie","ASCAQU086V50069R","Produit,Lieu","Pratique,Site sportif, récréatif et de loisirs","Pratique libre","Curçay-sur-Dive","86120","86090","Vienne","Nouvelle-Aquitaine","47.01293","-0.05781","https://www.terra-aventura.fr/parcours","Office de Tourisme du Pays Loudunais","2026-06-16T00:00:00.000Z","2026-06-27T02:27:42.240Z"
"Tèrra Aventura : Les  Nouveaux Z'Ingénieurs","ASCAQU086V5005UF","Produit","Pratique","Pratique libre","Le Vigeant","86150","86289","Vienne","Nouvelle-Aquitaine","46.240293","0.684276","http://www.sudviennepoitou.com/","Office de Tourisme Sud Vienne Poitou","2026-03-28T00:00:00.000Z","2026-01-01T00:00:00.000Z"
"Parcours exclusif Tèrra Aventura","FMAAQU086V502N3X","Fête et manifestation","Évènement culturel,Évènement sports et loisirs,Evènement social","Evènement jeune public,Animation locale,Fête traditionnelle","Monts-sur-Guesnes","86420","86167","Vienne","Nouvelle-Aquitaine","46.92051","0.21119",,"Office de Tourisme du Pays Loudunais","2026-07-02T00:00:00.000Z","2026-07-03T23:31:39.300Z"
"Tèrra Aventura ""Escal' en Jall'""","ASCAQU033V51AZAK","Produit","Pratique",,"Saint-Médard-en-Jalles","33160","33449","Gironde","Nouvelle-Aquitaine","44.895295","-0.7181",,"OT Bordeaux Métropole","2026-03-05T00:00:00.000Z","2026-01-01T00:00:00.000Z"
"Terra Aventura : La Complainte du Tulipier","ASCAQU040V50KC6T","Produit,Lieu","Pratique,Site sportif, récréatif et de loisirs",,"Ychoux","40160","40332","Landes","Nouvelle-Aquitaine","44.3304883","-0.9751561","https://www.terra-aventura.fr/","OT Grands Lacs","2024-11-17T00:00:00.000Z","2026-06-27T02:27:42.241Z"
"Terra Aventura : ""De l'Amazonie dans l'Eyre""","ASCAQU033V50TB0V","Produit","Pratique",,"Mios","33380","33284","Gironde","Nouvelle-Aquitaine","44.6048686","-0.9422694","https://www.terra-aventura.fr/","Office de Tourisme Coeur du Bassin d'Arcachon","2026-03-05T00:00:00.000Z","2026-01-01T00:00:00.000Z"
"Terra Aventura : Ribérac la Contemporaine","ASCAQU024V50FCBK","Produit,Lieu","Pratique,Site sportif, récréatif et de loisirs","Pratique libre","Ribérac","24600","24352","Dordogne","Nouvelle-Aquitaine","45.2479975","0.33828667","https://www.perigord-inattendu.fr/","Val de Dronne","2026-01-01T00:00:00.000Z","2026-01-01T00:00:00.000Z"
"Tèrra Aventura : Cadouin par un pélerin","ASCAQU024V50F9NW","Produit","Pratique",,"Le Buisson-de-Cadouin","24480","24068","Dordogne","Nouvelle-Aquitaine","44.8117729","0.87474583","https://www.terra-aventura.fr/caches/cadouin-par-un-pelerin","Pays de Bergerac, Vignoble & Bastides","2026-01-01T00:00:00.000Z","2026-01-01T00:00:00.000Z"
"Tèrra Aventura : Secrets d'Eymet","ASCAQU024V50F9O6","Produit","Pratique",,"Eymet","24500","24167","Dordogne","Nouvelle-Aquitaine","44.6685822","0.397723","https://www.terra-aventura.fr/caches/secrets-deymet","Pays de Bergerac, Vignoble & Bastides","2026-04-18T00:00:00.000Z","2026-01-01T00:00:00.000Z"
"Tèrra Aventura : Le Monstre des ""Malpas""","ASCAQU024V50F9O9","Produit","Pratique",,"Lalinde","24150","24223","Dordogne","Nouvelle-Aquitaine","44.838113","0.73947699","https://www.terra-aventura.fr/caches/le-monstre-des-malpas","Pays de Bergerac, Vignoble & Bastides","2026-01-01T00:00:00.000Z","2026-01-01T00:00:00.000Z"
"Tèrra Aventura : Voyage dans le Moustérien","ASCAQU024V50F9NL","Produit","Pratique",,"Peyzac-le-Moustier","24620","24326","Dordogne","Nouvelle-Aquitaine","44.9939821","1.05954128","https://www.terra-aventura.fr/","OT Lascaux Dordogne Vallée Vézère","2026-05-16T00:00:00.000Z","2026-01-01T00:00:00.000Z"
"Tèrra Aventura : Géometrix à Audrix","ASCAQU024V50F9OV","Produit","Pratique",,"Audrix","24260","24015","Dordogne","Nouvelle-Aquitaine","44.8800692","0.94721965","https://www.terra-aventura.fr/","OT Lascaux Dordogne Vallée Vézère","2026-05-13T00:00:00.000Z","2026-01-01T00:00:00.000Z"
"Terra Aventura: Domme quelle histoire !","ASCAQU024V50F9OR","Produit","Pratique",,"Domme","24250","24152","Dordogne","Nouvelle-Aquitaine","44.7989348","1.22146061",,"Périgord Noir Vallée Dordogne","2024-11-07T00:00:00.000Z","2026-01-01T00:00:00.000Z"
"Terra Aventura : l'épée de Zigomatix","ASCAQU024V50F9OC","Produit","Pratique",,"Saint-Pardoux-et-Vielvic","24170","24478","Dordogne","Nouvelle-Aquitaine","44.7669505","0.9581751",,"Périgord Noir Vallée Dordogne","2024-11-07T00:00:00.000Z","2026-01-01T00:00:00.000Z"
"Terra Aventura : Maximini Sensations...","ASCAQU024V50FE2O","Produit","Pratique",,"Saint-Mesmin","24270","24464","Dordogne","Nouvelle-Aquitaine","45.352666","1.205815","https://www.naturellementperigord.fr/","Isle-Auvézère","2025-07-10T00:00:00.000Z","2026-01-01T00:00:00.000Z"
"Terra Aventura : Balade en Tocane","ASCAQU024V50D6BF","Produit,Lieu","Pratique,Site sportif, récréatif et de loisirs","Pratique libre","Tocane-Saint-Apre","24350","24553","Dordogne","Nouvelle-Aquitaine","45.2535892","0.49682845","https://www.perigord-inattendu.fr/","Val de Dronne","2026-01-01T00:00:00.000Z","2026-06-23T02:17:22.254Z"
"Chasse au trésor Terra Aventura","5738207","Lieu","Site sportif, récréatif et de loisirs",,"La Rochelle","17000","17300","Charente-Maritime","Nouvelle-Aquitaine","46.155136","-1.149746","http://www.terra-aventura.fr/","Nous La Rochelle","2024-07-24T00:00:00.000Z","2026-01-01T00:00:00.000Z"
"Terra Aventura : ""L'envol de Coco""","ASCAQU033V50OP2O","Produit","Pratique",,"Braud-et-Saint-Louis","33820","33073","Gironde","Nouvelle-Aquitaine","45.2851944","-0.6987174","https://www.terra-aventura.fr/","OT Saint-Ciers-sur-Gironde","2026-03-05T00:00:00.000Z","2026-01-01T00:00:00.000Z"
"Tèrra Aventura : Gare à la Trempette !","ASCAQU086V5017CI","Produit,Lieu","Pratique,Site sportif, récréatif et de loisirs","Pratique libre","Saint-Pierre-de-Maillé","86260","86236","Vienne","Nouvelle-Aquitaine","46.68405","0.83929","https://www.sudviennepoitou.com/,https://www.terra-aventura.fr/parcours","Office de Tourisme Sud Vienne Poitou","2026-06-16T00:00:00.000Z","2026-06-27T02:27:42.240Z"
"Tèrra Aventura : Au Bal Marçay !","ASCAQU086V50184A","Produit,Lieu","Pratique,Site sportif, récréatif et de loisirs","Pratique libre","Marçay","86370","86145","Vienne","Nouvelle-Aquitaine","46.46294","0.23156","https://www.terra-aventura.fr/parcours","Office de Tourisme des Vallées du Clain","2026-06-16T00:00:00.000Z","2026-06-17T03:11:07.692Z"
"Tèrra Aventura - Cordouan en VUE(s) !","6473702","Lieu","Site sportif, récréatif et de loisirs",,"Royan","17200","17306","Charente-Maritime","Nouvelle-Aquitaine","45.618245","-1.031723","https://www.royanatlantique.fr/","Royan Atlantique","2023-04-13T00:00:00.000Z","2026-01-01T00:00:00.000Z"
"Tèrra Aventura ""Fracas au Braca""","ASCAQU064V5AF9A9","Produit,Lieu","Pratique,Site sportif, récréatif et de loisirs","Pratique libre","Arette","64570","64040","Pyrénées-Atlantiques","Nouvelle-Aquitaine","42.977603","-0.744861","https://www.terra-aventura.fr/","Office de Tourisme du Haut-Béarn","2026-01-01T00:00:00.000Z","2026-06-27T02:27:42.242Z"
"Terra Aventura : Au Four et au Moulin","ASCAQU024V50D6BM","Produit,Lieu","Pratique,Site sportif, récréatif et de loisirs","Pratique libre","La Tour-Blanche-Cercles","24320","24554","Dordogne","Nouvelle-Aquitaine","45.3658304","0.44609099","https://www.perigord-inattendu.fr/","Val de Dronne","2026-01-01T00:00:00.000Z","2026-01-01T00:00:00.000Z"
"Terra Aventura : C'est en forgeant ...","ASCAQU024V50D68R","Produit","Pratique",,"Savignac-Lédrier","24270","24526","Dordogne","Nouvelle-Aquitaine","45.3677021","1.21418824","https://www.naturellementperigord.fr/","Isle-Auvézère","2025-07-10T00:00:00.000Z","2026-01-01T00:00:00.000Z"
"Terra Aventura ""A la soupe""","ASCAQU064V5AR9T6","Produit","Pratique",,"Sainte-Colome","64260","64473","Pyrénées-Atlantiques","Nouvelle-Aquitaine","43.101835","-0.404177","https://www.terra-aventura.fr/","OT Vallée d'Ossau Pyrénées","2026-01-03T00:00:00.000Z","2026-01-01T00:00:00.000Z"
"Terra Aventura : ""Le Jurançon du succés""","ASCAQU064V5AR5X5","Produit","Pratique",,"Monein","64360","64393","Pyrénées-Atlantiques","Nouvelle-Aquitaine","43.3247437","-0.5795463","https://www.coeurdebearn.com/","OT Coeur de Béarn","2026-04-13T00:00:00.000Z","2026-01-01T00:00:00.000Z"
"Terra Aventura ""Les clés du Ségrari""","ASCAQU064V5ARA40","Produit","Pratique",,"Bielle","64260","64127","Pyrénées-Atlantiques","Nouvelle-Aquitaine","43.055106","-0.432195","https://www.terra-aventura.fr/","OT Vallée d'Ossau Pyrénées","2026-01-03T00:00:00.000Z","2026-01-01T00:00:00.000Z"
"Terra Aventura ""Transhumance à bicyclette""","ASCAQU064V5ARA5N","Produit","Pratique",,"Buzy","64260","64157","Pyrénées-Atlantiques","Nouvelle-Aquitaine","43.159526","-0.425753","https://www.terra-aventura.fr/","OT Vallée d'Ossau Pyrénées","2026-01-03T00:00:00.000Z","2026-01-01T00:00:00.000Z"
"Terra Aventura : ""Via Lemovicensis""","ASCAQU064V5ATAIE","Produit","Pratique",,"Orthez","64300","64430","Pyrénées-Atlantiques","Nouvelle-Aquitaine","43.4901535","-0.7705743","https://www.coeurdebearn.com/","OT Coeur de Béarn","2026-04-13T00:00:00.000Z","2026-01-01T00:00:00.000Z"
"Terra Aventura : Une offre canon !","ASCAQU024V50GK8S","Produit","Pratique",,"Cubjac-Auvézère-Val d'Ans","24640","24147","Dordogne","Nouvelle-Aquitaine","45.226234","0.984522",,"Isle-Auvézère","2025-07-10T00:00:00.000Z","2026-01-01T00:00:00.000Z"
"Terra Aventura : un drakkar sur mon Isle...","ASCAQU033V50WXM6","Produit","Pratique",,"Guîtres","33230","33198","Gironde","Nouvelle-Aquitaine","45.0393052","-0.1862953","http://www.tourisme-libournais.com/","OTI du Libournais","2026-02-27T00:00:00.000Z","2026-01-01T00:00:00.000Z"
"Terra Aventura : Allez les petits","ASCAQU040V50O8CM","Produit","Pratique",,"Soustons","40140","40310","Landes","Nouvelle-Aquitaine","43.7550777","-1.3312281","https://www.terra-aventura.fr/","OTI LAS","2026-01-01T00:00:00.000Z","2026-01-01T00:00:00.000Z"
"Terra Aventura : Priorité à babord","ASCAQU040V50O8CP","Produit","Pratique",,"Saubusse","40180","40293","Landes","Nouvelle-Aquitaine","43.6563076","-1.1873339","https://www.terra-aventura.fr/","OTI LAS","2025-07-10T00:00:00.000Z","2026-01-01T00:00:00.000Z"
"Terra Aventura : Le Petit Squiroù","ASCAQU040V50O85D","Produit","Pratique",,"Moliets-et-Maa","40660","40187","Landes","Nouvelle-Aquitaine","43.8505475","-1.3607104","https://www.terra-aventura.fr/","OTI LAS","2026-01-01T00:00:00.000Z","2026-01-01T00:00:00.000Z"
"Tèrra Aventura : À cheval sur les mots...","ASCAQU086V503E56","Produit,Lieu","Pratique,Site sportif, récréatif et de loisirs","Pratique libre","Les Ormes","86220","86183","Vienne","Nouvelle-Aquitaine","46.97363","0.603388","https://www.tourisme-chatellerault.fr/,https://www.terra-aventura.fr/parcours","Office de Tourisme de Grand Châtellerault","2026-06-22T00:00:00.000Z","2026-06-27T02:27:42.239Z"
"Tèrra Aventura : L’Apprentie Dragonologue","ASCAQU086V502SDP","Produit,Lieu","Pratique,Site sportif, récréatif et de loisirs","Pratique libre","Civaux","86320","86077","Vienne","Nouvelle-Aquitaine","46.444209","0.664866","https://www.terra-aventura.fr/parcours","Office de Tourisme Sud Vienne Poitou","2026-06-16T00:00:00.000Z","2026-06-17T03:11:07.692Z"
"Terra Aventura La Rosière à rosier...","7430980","Lieu","Site sportif, récréatif et de loisirs",,"Châtelaillon-Plage","17340","17094","Charente-Maritime","Nouvelle-Aquitaine","46.105817","-1.056528",,"Office de Tourisme de Châtelaillon-Plage","2025-06-27T00:00:00.000Z","2026-01-01T00:00:00.000Z"
"Tèrra Aventura : La bande à Burgou","ASCAQU087V503DAW","Produit","Pratique",,"Dournazac","87230","87060","Haute-Vienne","Nouvelle-Aquitaine","45.6575853","0.88396853","https://www.terra-aventura.fr/caches/la-bande-a-burgou","OT Pays de Nexon - Monts de Châlus","2026-04-13T00:00:00.000Z","2026-06-27T02:27:42.247Z"
"Tèrra Aventura - Qui vole un oeuf...","5832514","Lieu","Site sportif, récréatif et de loisirs",,"Marans","17230","17218","Charente-Maritime","Nouvelle-Aquitaine","46.308928","-0.99327","https://www.aunis-maraispoitevin.com/","Le Comptoir Local® - Office de Tourisme Aunis Marais Poitevin","2022-12-02T00:00:00.000Z","2026-01-01T00:00:00.000Z"
"Tèrra Aventura - Les Moutonniers de l'Estuaire","5772321","Lieu","Site sportif, récréatif et de loisirs",,"Mortagne-sur-Gironde","17120","17248","Charente-Maritime","Nouvelle-Aquitaine","45.477107","-0.79523",,"Royan Atlantique","2023-01-17T00:00:00.000Z","2026-01-01T00:00:00.000Z"
"Tèrra Aventura - Tonnay-Boutonne","5859889","Lieu","Site sportif, récréatif et de loisirs",,"Tonnay-Boutonne","17380","17448","Charente-Maritime","Nouvelle-Aquitaine","45.96762","-0.706472","https://www.destinationvalsdesaintonge.com/,https://www.terra-aventura.fr/","Office de Tourisme des Vals de Saintonge","2026-01-09T00:00:00.000Z","2026-01-01T00:00:00.000Z"
"Parcours Géocaching Tèrra Aventura","5761146","Lieu","Site sportif, récréatif et de loisirs",,"Rochefort","17300","17299","Charente-Maritime","Nouvelle-Aquitaine","45.939117","-0.965474","https://www.rochefort-ocean.com/,https://www.terra-aventura.fr/","Office de Tourisme Rochefort Océan","2026-01-09T00:00:00.000Z","2026-01-01T00:00:00.000Z"
"Térra aventura - Aulnay-de-Saintonge","5859484","Lieu","Site sportif, récréatif et de loisirs",,"Aulnay","17470","17024","Charente-Maritime","Nouvelle-Aquitaine","46.022935","-0.354897","https://www.destinationvalsdesaintonge.com/,https://www.terra-aventura.fr/","Office de Tourisme des Vals de Saintonge","2026-07-03T00:00:00.000Z","2026-07-04T06:08:31.884Z"
"Tèrra Aventura - Surgères, inspire-moi!","5832895","Lieu","Site sportif, récréatif et de loisirs",,"Surgères","17700","17434","Charente-Maritime","Nouvelle-Aquitaine","46.105104","-0.752233","https://www.aunis-maraispoitevin.com/","Le Comptoir Local® - Office de Tourisme Aunis Marais Poitevin","2021-06-09T00:00:00.000Z","2026-01-01T00:00:00.000Z"
"Parcours Géocaching Tèrra Aventura","5761145","Lieu","Site sportif, récréatif et de loisirs",,"Tonnay-Charente","17430","17449","Charente-Maritime","Nouvelle-Aquitaine","45.944518","-0.893173","https://www.rochefort-ocean.com/,https://www.terra-aventura.fr/","Office de Tourisme Rochefort Océan","2026-01-09T00:00:00.000Z","2026-01-01T00:00:00.000Z"
"Tèrra aventura - La Jarrie-Audouin","5859860","Lieu","Site sportif, récréatif et de loisirs",,"La Jarrie-Audouin","17330","17195","Charente-Maritime","Nouvelle-Aquitaine","46.028991","-0.48761","https://www.destinationvalsdesaintonge.com/,https://www.terra-aventura.fr/","Office de Tourisme des Vals de Saintonge","2026-06-25T00:00:00.000Z","2026-06-25T06:09:08.890Z"
"Tèrra Aventura : La carapate de la tortue","ASCAQU064V5A9XZJ","Produit","Pratique",,"Navarrenx","64190","64416","Pyrénées-Atlantiques","Nouvelle-Aquitaine","43.323199","-0.762311",,"OT Béarn des Gaves","2026-01-13T00:00:00.000Z","2026-01-01T00:00:00.000Z"
"Terra Aventura : Retour aux sources","ASCAQU024V50EZXF","Produit,Lieu","Pratique,Site sportif, récréatif et de loisirs",,"Eyraud-Crempse-Maurens","24130","24259","Dordogne","Nouvelle-Aquitaine","44.9408595","0.44122897","https://www.terra-aventura.fr/comment-jouer","Vallée de l'Isle en Périgord","2026-06-24T00:00:00.000Z","2026-07-28T02:24:08.491Z"
"Terra Aventura : Daglan, capitale","ASCAQU024V50MPWN","Produit","Pratique",,"Daglan","24250","24150","Dordogne","Nouvelle-Aquitaine","44.74271","1.19053",,"Périgord Noir Vallée Dordogne","2026-01-01T00:00:00.000Z","2026-01-01T00:00:00.000Z"
"Terra Aventura : La bête dans le guidon","5700546","Lieu","Site sportif, récréatif et de loisirs",,"Châtelaillon-Plage","17340","17094","Charente-Maritime","Nouvelle-Aquitaine","46.078322","-1.091045",,"Office de Tourisme de Châtelaillon-Plage","2026-05-15T00:00:00.000Z","2026-01-01T00:00:00.000Z"
"Terra Aventura : Au Nom de la Rose","ASCAQU033V50X4WR","Produit","Pratique",,"Vertheuil","33180","33545","Gironde","Nouvelle-Aquitaine","45.25043","-0.83469","https://www.terra-aventura.fr/parcours","OT Médoc-Vignoble","2026-05-28T00:00:00.000Z","2026-01-01T00:00:00.000Z"
"Terra Aventura : Altus et ""Fortiche""","ASCAQU024V50GP99","Produit","Pratique",,"Hautefort","24390","24210","Dordogne","Nouvelle-Aquitaine","45.2595246","1.1490616",,"Vézère Périgord Noir","2026-01-01T00:00:00.000Z","2026-01-01T00:00:00.000Z"
"Terra Aventura : 1,2,3... Barthais","ASCAQU040V50RBNV","Produit","Pratique",,"Josse","40230","40129","Landes","Nouvelle-Aquitaine","43.629929","-1.226676","https://www.terra-aventura.fr/","OTI LAS","2026-01-01T00:00:00.000Z","2026-01-01T00:00:00.000Z"
"Terra Aventura : ""Cyprès du but...""","ASCAQU033V50Z5EC","Produit","Pratique",,"Cenon","33150","33119","Gironde","Nouvelle-Aquitaine","44.8583","-0.53053","https://www.terra-aventura.fr/","OT Bordeaux Métropole","2026-01-06T00:00:00.000Z","2026-01-01T00:00:00.000Z"
"Tèrra Aventura : ""La tête dans les z’étoiles""","ASCAQU033V50Z5EH","Produit","Pratique",,"Floirac","33270","33167","Gironde","Nouvelle-Aquitaine","44.83939","-0.51644","https://www.terra-aventura.fr/","OT Bordeaux Métropole","2026-01-06T00:00:00.000Z","2026-01-01T00:00:00.000Z"
"Terra Aventura : Le périple du légionnaire","ASCAQU040V50RL7N","Produit","Pratique",,"Dax","40100","40088","Landes","Nouvelle-Aquitaine","43.7129299","-1.0500122","https://www.terra-aventura.fr/","OT Grand Dax","2025-01-10T00:00:00.000Z","2026-01-01T00:00:00.000Z"
"Terra Aventura : La tourbière aux sesterces","ASCAQU040V50RL9C","Produit","Pratique",,"Mées","40990","40179","Landes","Nouvelle-Aquitaine","43.7085592","-1.1208751","https://www.terra-aventura.fr/","OT Grand Dax","2025-01-10T00:00:00.000Z","2026-01-01T00:00:00.000Z"
"Terra Aventura : Les bâtisseurs de Christus","ASCAQU040V50RL8L","Produit","Pratique",,"Saint-Paul-lès-Dax","40990","40279","Landes","Nouvelle-Aquitaine","43.7352633","-1.0672422","https://www.terra-aventura.fr/","OT Grand Dax","2025-01-10T00:00:00.000Z","2026-01-01T00:00:00.000Z"
"Terra Aventura : Para' Siempre","ASCAQU024V50HZMO","Produit","Pratique",,"Salagnac","24160","24515","Dordogne","Nouvelle-Aquitaine","45.311843","1.196951","https://www.naturellementperigord.fr/","Isle-Auvézère","2025-07-10T00:00:00.000Z","2026-01-01T00:00:00.000Z"
"Terra Aventura : Le Roi des Mapuches","ASCAQU024V50I1UA","Produit","Pratique",,"Tourtoirac","24390","24555","Dordogne","Nouvelle-Aquitaine","45.27074","1.05883",,"Vézère Périgord Noir","2026-01-01T00:00:00.000Z","2026-01-01T00:00:00.000Z"
"Parcours Géocaching Tèrra Aventura","5761144","Lieu","Site sportif, récréatif et de loisirs",,"Fouras","17450","17168","Charente-Maritime","Nouvelle-Aquitaine","45.985791","-1.096897","https://www.rochefort-ocean.com/,https://www.terra-aventura.fr/","Office de Tourisme Rochefort Océan","2026-01-09T00:00:00.000Z","2026-01-01T00:00:00.000Z"
"Tèrra Aventura : Cordouan En Vue(s)","ASCAQU033V513YFW","Produit","Pratique",,"Le Verdon-sur-Mer","33123","33544","Gironde","Nouvelle-Aquitaine","45.54552","-1.06281","https://www.terra-aventura.fr/","OT Médoc Atlantique","2026-01-06T00:00:00.000Z","2026-01-01T00:00:00.000Z"
"Tèrra Aventura : La Grande Illuz'ion !","ASCAQU086V501AEE","Produit,Lieu","Pratique,Site sportif, récréatif et de loisirs","Pratique libre","Vouneuil-sous-Biard","86580","86297","Vienne","Nouvelle-Aquitaine","46.5681728","0.272166","https://www.terra-aventura.fr/parcours","Office de Tourisme de Grand Poitiers","2026-08-10T00:00:00.000Z","2026-08-11T02:02:15.314Z"
"Tèrra Aventura : La sorcière des troglo’","ASCAQU086V5012MY","Produit,Lieu","Pratique,Site sportif, récréatif et de loisirs","Pratique libre","Saint-Rémy-sur-Creuse","86220","86241","Vienne","Nouvelle-Aquitaine","46.9531675","0.695616305","https://www.tourisme-chatellerault.fr/,https://www.terra-aventura.fr/parcours","Office de Tourisme de Grand Châtellerault","2026-06-16T00:00:00.000Z","2026-06-17T03:11:07.692Z"
"Tèrra Aventura : Surchauffe à la Manu !","ASCAQU086V5012MV","Produit,Lieu","Pratique,Site sportif, récréatif et de loisirs","Pratique libre","Châtellerault","86100","86066","Vienne","Nouvelle-Aquitaine","46.8201596","0.54202957","https://www.tourisme-chatellerault.fr/,https://www.terra-aventura.fr/parcours","Office de Tourisme de Grand Châtellerault","2026-06-16T00:00:00.000Z","2026-06-17T03:11:07.693Z"
"Tèrra Aventura : Tous à la Guinguette","ASCAQU086V5016DB","Produit,Lieu","Pratique,Site sportif, récréatif et de loisirs","Pratique libre","Cenon-sur-Vienne","86530","86046","Vienne","Nouvelle-Aquitaine","46.773131","0.53611848","https://www.tourisme-chatellerault.fr/,https://www.terra-aventura.fr/parcours","Office de Tourisme de Grand Châtellerault","2026-06-16T00:00:00.000Z","2026-06-17T03:11:07.692Z"
"Terra Aventura : Beauséjour à Châtel","5700446","Lieu","Site sportif, récréatif et de loisirs",,"Châtelaillon-Plage","17340","17094","Charente-Maritime","Nouvelle-Aquitaine","46.08305","-1.096724",,"Office de Tourisme de Châtelaillon-Plage","2026-05-15T00:00:00.000Z","2026-01-01T00:00:00.000Z"
"Parcours Terra Aventura "" Que la forge soit avec vous ! ""","ASCAQU040V5125T6","Produit","Pratique",,"Brocas","40420","40056","Landes","Nouvelle-Aquitaine","44.044421","-0.536071",,"OT Cœur Haute Lande","2026-05-12T00:00:00.000Z","2026-06-27T02:27:42.247Z"
"Circuit Tèrra Aventura : Une louve dans la bastide","ASCAQU047V50B28U","Produit","Pratique",,"Vianne","47230","47318","Lot-et-Garonne","Nouvelle-Aquitaine","44.1971751","0.32046601","https://albret-tourisme.com/terra-aventura-en-albret/,https://www.terra-aventura.fr/","OT de l'Albret","2026-07-31T00:00:00.000Z","2026-08-01T02:24:30.123Z"
"Séjour Terra Aventura en Landes d'Armagnac","OP031AQU040V512Q38","Produit",,,"Créon-d'Armagnac","40240","40087","Landes","Nouvelle-Aquitaine","43.99459","-0.105553","https://www.lepoutic.fr/,https://www.lepoutic.fr/","CDT 40","2025-12-02T00:00:00.000Z","2026-01-01T00:00:00.000Z"
"Séjour Terra Aventura en Landes Chalosse","OP031AQU040V50YH25","Produit",,,"Hagetmau","40700","40119","Landes","Nouvelle-Aquitaine","43.657132","-0.591035","https://pbbats.wixsite.com/chambre-dhotes-bats,https://pbbats.wixsite.com/chambre-dhotes-bats","CDT 40","2025-12-02T00:00:00.000Z","2026-01-01T00:00:00.000Z"
"Circuit Tèrra Aventura : Caudecoste à l'essai !","ASCAQU047V50NGLB","Produit","Pratique",,"Caudecoste","47220","47060","Lot-et-Garonne","Nouvelle-Aquitaine","44.1163303","0.73692546","http://www.destination-agen.fr/,https://www.terra-aventura.fr/","OT Destination Agen","2026-01-13T00:00:00.000Z","2026-01-01T00:00:00.000Z"
"Circuit Tèrra Aventura : Les pigments de Guyenne","ASCAQU047V5091VS","Produit","Pratique",,"Allemans-du-Dropt","47800","47005","Lot-et-Garonne","Nouvelle-Aquitaine","44.627846","0.288937","http://www.paysdelauzun.com/,https://www.terra-aventura.fr/","OT du Pays de Lauzun","2026-07-31T00:00:00.000Z","2026-08-01T02:24:30.123Z"
"Circuit Tèrra Aventura : Les barons aux fourneaux","ASCAQU047V5091YK","Produit","Pratique",,"Fumel","47500","47106","Lot-et-Garonne","Nouvelle-Aquitaine","44.4981757","0.96980502","http://www.tourisme-fumel.com/,https://www.terra-aventura.fr/","OT Vallée du Lot et Garonne","2026-07-31T00:00:00.000Z","2026-08-01T02:24:30.123Z"
"Circuit Tèrra Aventura : Gare aux barriques !","ASCAQU047V5093AZ","Produit","Pratique",,"Cocumont","47250","47068","Lot-et-Garonne","Nouvelle-Aquitaine","44.456262","0.01825989","https://www.valdegaronne-tourisme.com/,https://www.terra-aventura.fr/","OT Val de Garonne","2026-07-31T00:00:00.000Z","2026-08-01T02:24:30.123Z"
"Circuit Tèrra Aventura : Le nectar des Ducs","ASCAQU047V5091X1","Produit,Lieu","Pratique,Site sportif, récréatif et de loisirs",,"Duras","47120","47086","Lot-et-Garonne","Nouvelle-Aquitaine","44.676567","0.17945727","https://tourismeduras.com/,https://www.terra-aventura.fr/","OT du Pays de Duras - CDT47","2026-07-31T00:00:00.000Z","2026-08-01T02:24:30.123Z"
"Circuit Tèrra Aventura : Pérégrination fond’ente","ASCAQU047V50939X","Produit","Pratique",,"Clairac","47320","47065","Lot-et-Garonne","Nouvelle-Aquitaine","44.3601692","0.37624906","https://www.valdegaronne-tourisme.com/,https://www.terra-aventura.fr/","OT Val de Garonne","2026-07-31T00:00:00.000Z","2026-08-01T02:24:30.123Z"
"Circuit Tèrra Aventura : Sur le carreau de la halle","ASCAQU047V50AQXV","Produit","Pratique",,"Gontaud-de-Nogaret","47400","47110","Lot-et-Garonne","Nouvelle-Aquitaine","44.455481","0.29484186","https://www.valdegaronne-tourisme.com/,https://www.terra-aventura.fr/","OT Val de Garonne","2026-07-31T00:00:00.000Z","2026-08-01T02:24:30.123Z"
"Circuit Tèrra Aventura : Les lutins de Puychagut","ASCAQU047V50AP3A","Produit,Lieu","Pratique,Site sportif, récréatif et de loisirs",,"Loubès-Bernac","47120","47151","Lot-et-Garonne","Nouvelle-Aquitaine","44.7309525","0.29353176","https://tourismeduras.com/,https://www.terra-aventura.fr/","OT du Pays de Duras - CDT47","2026-07-31T00:00:00.000Z","2026-08-01T02:24:30.123Z"
"Tèrra Aventura : Un Mystère qui ne manque pas de piquant","ASCAQU024V50LDNZ","Produit","Pratique",,"Campagne","24260","24076","Dordogne","Nouvelle-Aquitaine","44.9067953","0.97473403","https://www.terra-aventura.fr/","OT Lascaux Dordogne Vallée Vézère","2026-05-13T00:00:00.000Z","2026-01-01T00:00:00.000Z"
"Circuit Tèrra Aventura : La Blanche évaz'ion","ASCAQU047V50IRQ3","Produit","Pratique",,"Sainte-Colombe-en-Bruilhois","47310","47238","Lot-et-Garonne","Nouvelle-Aquitaine","44.1781419","0.51487078","http://www.destination-agen.fr/,https://www.terra-aventura.fr/","OT Destination Agen","2026-07-31T00:00:00.000Z","2026-08-01T02:24:30.123Z"
"Terra Aventura - Artzaina eta ardiak","ASCAQU064V5AR4F2","Produit","Pratique",,"Mendive","64220","64379","Pyrénées-Atlantiques","Nouvelle-Aquitaine","43.0416151","-1.0737394",,"Office de Tourisme Pays Basque","2026-01-01T00:00:00.000Z","2026-01-01T00:00:00.000Z"
"Tèrra Aventura : Limoges belle de nuit","ASCAQU087V500JL7","Produit","Pratique",,"Limoges","87000","87085","Haute-Vienne","Nouvelle-Aquitaine","45.82826","1.26388","https://www.terra-aventura.fr/caches/limoges-belle-de-nuit","OT Limoges Métropole","2025-10-18T00:00:00.000Z","2026-01-01T00:00:00.000Z"
"Tèrra Aventura : Retour à la belle époque !","ASCAQU087V500A9J","Produit","Pratique",,"Magnac-Laval","87190","87089","Haute-Vienne","Nouvelle-Aquitaine","46.167121","1.208379","https://www.terra-aventura.fr/caches/retour-la-belle-epoque","CRT_NA","2026-01-01T00:00:00.000Z","2026-07-03T02:18:24.776Z"
"Tèrra Aventura : Adhémar, sur les chapeaux de roues","ASCAQU087V500A9W","Produit","Pratique",,"Châlus","87230","87032","Haute-Vienne","Nouvelle-Aquitaine","45.6519887","0.97602049","https://www.terra-aventura.fr/caches/adhemar-sur-les-chapeaux-de-roues","CRT_NA","2026-01-01T00:00:00.000Z","2026-06-27T02:27:42.242Z"
"Tèrra Aventura : Châteauponsac, Perle de la Gartempe","ASCAQU087V500A7O","Produit","Pratique",,"Châteauponsac","87290","87041","Haute-Vienne","Nouvelle-Aquitaine","46.132683","1.27608776","https://www.terra-aventura.fr/caches/chateauponsac-perle-de-la-gartempe","CRT_NA","2026-07-20T00:00:00.000Z","2026-07-21T01:49:16.110Z"
"Tèrra Aventura : Au cœur de la Mer Morte","ASCAQU087V500A71","Produit","Pratique",,"Mortemart","87330","87101","Haute-Vienne","Nouvelle-Aquitaine","46.04114","0.95633","https://www.terra-aventura.fr/caches/au-coeur-de-la-mer-morte","CRT_NA","2026-01-01T00:00:00.000Z","2026-01-01T00:00:00.000Z"
"Tèrra Aventura : Aux portes de la cité gantière","ASCAQU087V500AAU","Produit","Pratique",,"Saint-Junien","87200","87154","Haute-Vienne","Nouvelle-Aquitaine","45.8897275","0.90345982","https://www.terra-aventura.fr/caches/aux-portes-de-la-cite-gantiere","CRT_NA","2026-07-29T00:00:00.000Z","2026-07-30T02:07:09.275Z"
"Tèrra Aventura : La quête du château de Geoffroy","ASCAQU087V500A7M","Produit","Pratique",,"Châteauponsac","87290","87041","Haute-Vienne","Nouvelle-Aquitaine","46.131799","1.182458","https://www.terra-aventura.fr/caches/la-quete-du-chateau-de-geoffroy","CRT_NA","2026-01-01T00:00:00.000Z","2026-07-03T02:18:24.780Z"
"Tèrra Aventura : Nom de code : Bayeux","ASCAQU087V500A7P","Produit","Pratique",,"Châteauponsac","87290","87041","Haute-Vienne","Nouvelle-Aquitaine","46.087909","1.287318","https://www.terra-aventura.fr/caches/nom-de-code-bayeux","CRT_NA","2026-01-01T00:00:00.000Z","2026-07-03T02:18:24.781Z"
"Tèrra Aventura : Les empreintes de l’Ange doré","ASCAQU087V500A8Z","Produit","Pratique",,"Le Dorat","87210","87059","Haute-Vienne","Nouvelle-Aquitaine","46.2152871","1.07949962","https://www.terra-aventura.fr/caches/les-empreintes-de-lange-dore","CRT_NA","2026-07-10T00:00:00.000Z","2026-07-11T02:15:49.460Z"
"Tèrra Aventura : A la poursuite de la Mandragore","ASCAQU087V500A6Y","Produit","Pratique","Pratique libre","Val d'Issoire","87330","87097","Haute-Vienne","Nouvelle-Aquitaine","46.048721","0.85168744","https://www.terra-aventura.fr/caches/la-poursuite-de-la-mandragore","CRT_NA","2026-01-01T00:00:00.000Z","2026-01-01T00:00:00.000Z"
"Tèrra Aventura : Qu'est-ce que c’est que ce Sirque ?","ASCAQU087V500A9V","Produit","Pratique",,"Nexon","87800","87106","Haute-Vienne","Nouvelle-Aquitaine","45.6764637","1.188669","https://www.terra-aventura.fr/caches/quest-ce-que-cest-que-ce-sirque","CRT_NA","2026-01-01T00:00:00.000Z","2026-06-27T02:27:42.244Z"
"Tèrra Aventura : Rien ne sert de courir...","ASCAQU087V500A6X","Produit","Pratique",,"Bellac","87300","87011","Haute-Vienne","Nouvelle-Aquitaine","46.1207167","1.0504833","https://www.terra-aventura.fr/caches/rien-ne-sert-de-courir","CRT_NA","2026-07-17T00:00:00.000Z","2026-07-18T02:27:57.396Z"
"Terra Aventura : Voyage au pays des fées","ASCAQU087V500A74","Produit","Pratique",,"Compreignac","87140","87047","Haute-Vienne","Nouvelle-Aquitaine","45.99247","1.27416","https://www.terra-aventura.fr/caches/voyage-au-pays-des-fees","CRT_NA","2026-06-01T00:00:00.000Z","2026-01-01T00:00:00.000Z"
"Tèrra Aventura : L'art contemporain à Eymoutiers","ASCAQU087V500A8H","Produit","Pratique",,"Eymoutiers","87120","87064","Haute-Vienne","Nouvelle-Aquitaine","45.7438465","1.7385944","https://www.terra-aventura.fr/caches/lart-contemporain-eymoutiers","CRT_NA","2026-01-01T00:00:00.000Z","2026-07-03T02:18:24.779Z"
"Terra Aventura - Irouléguy : petit mais costaud !","ASCAQU064V5BMX6X","Produit","Pratique",,"Irouléguy","64220","64274","Pyrénées-Atlantiques","Nouvelle-Aquitaine","43.17931","-1.29995","https://www.terra-aventura.fr/","Office de Tourisme Pays Basque","2026-01-01T00:00:00.000Z","2026-01-01T00:00:00.000Z"
"Geocaching Terra Aventura: Le trou du loup","ASCAQU019V5007EV","Produit,Lieu","Pratique,Site sportif, récréatif et de loisirs","Pratique libre","Sainte-Féréole","19270","19202","Corrèze","Nouvelle-Aquitaine","45.2218867","1.566201","https://www.terra-aventura.fr/","Brive Tourisme","2026-01-01T00:00:00.000Z","2026-01-01T00:00:00.000Z"
"Geocaching Terra Aventura: Moustache Gracias","ASCAQU019V5007F0","Produit,Lieu","Pratique,Site sportif, récréatif et de loisirs","Pratique libre","Brive-la-Gaillarde","19100","19031","Corrèze","Nouvelle-Aquitaine","45.1619281","1.53377311","https://www.terra-aventura.fr/","Brive Tourisme","2026-05-11T00:00:00.000Z","2026-01-01T00:00:00.000Z"
"Geocaching Terra Aventura: les Hauts de Hurlements","ASCAQU019V5007EY","Produit,Lieu","Pratique,Site sportif, récréatif et de loisirs","Pratique libre","Ayen","19310","19015","Corrèze","Nouvelle-Aquitaine","45.247155","1.32665018","https://www.terra-aventura.fr/","Brive Tourisme","2026-01-01T00:00:00.000Z","2026-01-01T00:00:00.000Z"
"Tèrra Aventura : Les 12 travaux de Zabdo","ASCAQU087V500ZF4","Produit","Pratique",,"Bosmie-l'Aiguille","87110","87021","Haute-Vienne","Nouvelle-Aquitaine","45.7682525","1.21602354","https://www.terra-aventura.fr/caches/les-12-travaux-de-zabdo","OT Val de Vienne","2025-06-25T00:00:00.000Z","2026-07-03T02:18:24.778Z"
"Tèrra Aventura : Sur la route des chevaliers de Malte","ASCAQU087V500ZFL","Produit","Pratique",,"Sainte-Anne-Saint-Priest","87120","87134","Haute-Vienne","Nouvelle-Aquitaine","45.7085797","1.68637471","https://www.terra-aventura.fr/caches/sur-la-route-des-chevaliers-de-malte","OT Portes de Vassivière","2026-01-01T00:00:00.000Z","2026-07-03T02:18:24.781Z"
"Tèrra Aventura : Arédius & le chevalier Pissarrote","ASCAQU087V500ZD6","Produit","Pratique",,"Saint-Yrieix-la-Perche","87500","87187","Haute-Vienne","Nouvelle-Aquitaine","45.5156205","1.20245169","https://www.terra-aventura.fr/caches/aredius-le-chevalier-pissarrote","OT Pays de Saint-Yrieix","2026-03-06T00:00:00.000Z","2026-07-03T02:18:24.780Z"
"Tèrra Aventura : Le nouveau défi de la Perinqueta","ASCAQU087V500ZES","Produit","Pratique",,"Saint-Auvent","87310","87135","Haute-Vienne","Nouvelle-Aquitaine","45.8083373","0.92924093","https://www.terra-aventura.fr/caches/le-nouveau-defi-de-la-perinqueta","OT Ouest Limousin","2026-02-27T00:00:00.000Z","2026-07-03T02:18:24.775Z"
"Tèrra Aventura : Vous z'avez dit ""trésor"" ?","ASCAQU087V500ZD9","Produit","Pratique",,"Le Chalard","87500","87031","Haute-Vienne","Nouvelle-Aquitaine","45.5494969","1.13182375","https://www.terra-aventura.fr/caches/vous-zavez-dit-tresor","OT Pays de Saint-Yrieix","2026-03-03T00:00:00.000Z","2026-01-01T00:00:00.000Z"
"Tèrra Aventura : Rendez la récup' à ses arts !","ASCAQU087V500ZFF","Produit","Pratique",,"Veyrac","87520","87202","Haute-Vienne","Nouvelle-Aquitaine","45.8944793","1.10659809","https://www.terra-aventura.fr/caches/rendez-la-recup-ses-arts","OT Limoges Métropole","2025-10-18T00:00:00.000Z","2026-07-03T02:18:24.778Z"
"Tèrra Aventura : Mystères à Neuvic en tiers","ASCAQU087V500A7H","Produit","Pratique",,"Châteauneuf-la-Forêt","87130","87040","Haute-Vienne","Nouvelle-Aquitaine","45.7236111","1.61138888","https://www.terra-aventura.fr/caches/mysteres-neuvic-en-tiers","CRT_NA","2025-12-19T00:00:00.000Z","2026-07-03T02:18:24.780Z"
"Tèrra Aventura : La bataille du Mont Gargan","ASCAQU087V500A7L","Produit","Pratique",,"Châteauneuf-la-Forêt","87130","87040","Haute-Vienne","Nouvelle-Aquitaine","45.62855","1.66545","https://www.terra-aventura.fr/caches/la-bataille-du-mont-gargan","CRT_NA","2025-12-19T00:00:00.000Z","2026-07-03T02:18:24.779Z"
"Séjour Terra Aventura à Aire Eugénie","OP031AQU040V50XBLX","Produit",,,"Aire-sur-l'Adour","40800","40001","Landes","Nouvelle-Aquitaine","43.7040003","-0.2594299","https://www.naturahotel.fr/,https://www.naturahotel.fr/","CDT 40","2025-11-30T00:00:00.000Z","2026-01-01T00:00:00.000Z"
"Séjour Terra Aventura en bordure de lac","OP031AQU040V50XAN0","Produit",,,"Gastes","40160","40108","Landes","Nouvelle-Aquitaine","44.3293396","-1.1455827","https://www.presverts.net/,https://www.presverts.net/","CDT 40","2025-11-30T00:00:00.000Z","2026-01-01T00:00:00.000Z"
"Circuit Tèrra Aventura : Le coup de la coquille","ASCAQU047V50AZAT","Produit","Pratique",,"Mézin","47170","47167","Lot-et-Garonne","Nouvelle-Aquitaine","44.056262","0.257552","https://albret-tourisme.com/terra-aventura-en-albret/,https://www.terra-aventura.fr/","OT de l'Albret","2026-07-31T00:00:00.000Z","2026-08-01T02:24:30.123Z"
"Tèrra Aventura ""Le lièvre et la tortou"" à Pamproux","ASCAQU079V504QNY","Produit","Pratique",,"Pamproux","79800","79201","Deux-Sèvres","Nouvelle-Aquitaine","46.3952878","-0.0556912","https://www.tourisme-hautvaldesevre.fr/","OT Haut Val De Sèvre","2024-12-02T00:00:00.000Z","2026-01-01T00:00:00.000Z"
"Tèrra Aventura : Prudence, ça pousse !","ASCAQU086V501G35","Produit,Lieu","Pratique,Site sportif, récréatif et de loisirs","Pratique libre","Saix","86120","86250","Vienne","Nouvelle-Aquitaine","47.1362","-0.0004","https://www.terra-aventura.fr/parcours","Office de Tourisme du Pays Loudunais","2026-06-16T00:00:00.000Z","2026-06-17T03:11:07.693Z"
"Tèrra Aventura : Queaux-ce que c'est que ce grabuge ?","ASCAQU086V501G77","Produit,Lieu","Pratique,Site sportif, récréatif et de loisirs","Pratique libre","Queaux","86150","86203","Vienne","Nouvelle-Aquitaine","46.32761","0.66922","https://www.sudviennepoitou.com/,https://www.terra-aventura.fr/parcours","Office de Tourisme Sud Vienne Poitou","2026-06-16T00:00:00.000Z","2026-06-27T02:27:42.239Z"
"Tèrra Aventura : Mulet de Jacquelin, superstar !","ASCAQU086V501G3A","Produit,Lieu","Pratique,Site sportif, récréatif et de loisirs","Pratique libre","Vicq-sur-Gartempe","86260","86288","Vienne","Nouvelle-Aquitaine","46.72161","0.86136022","https://www.tourisme-chatellerault.fr/,https://www.terra-aventura.fr/parcours","Office de Tourisme de Grand Châtellerault","2026-06-16T00:00:00.000Z","2026-06-17T03:11:07.693Z"
"Terra Aventura - Frère Zacqu', dormez vous ?","ASCAQU040V50QW4M","Produit,Lieu","Pratique,Site sportif, récréatif et de loisirs","Pratique libre","Pontenx-les-Forges","40200","40229","Landes","Nouvelle-Aquitaine","44.2352631","-1.0678724","https://www.terra-aventura.fr/","OT Mimizan","2026-02-06T00:00:00.000Z","2026-01-01T00:00:00.000Z"
"Tèrra Aventura - La mayade des gens z'heureux","ASCAQU040V50QVOG","Produit","Pratique",,"Linxe","40260","40155","Landes","Nouvelle-Aquitaine","43.9211796","-1.2476094",,"Côte Landes Nature Tourisme","2026-02-20T00:00:00.000Z","2026-01-01T00:00:00.000Z"
"Tèrra Aventura : En tête à tête avec Quitterie","ASCAQU040V50QVK1","Produit,Lieu","Pratique,Site sportif, récréatif et de loisirs",,"Aire-sur-l'Adour","40800","40001","Landes","Nouvelle-Aquitaine","43.700062","-0.262294",,"Tourisme Aire Eugénie","2026-01-01T00:00:00.000Z","2026-01-01T00:00:00.000Z"
"Terra Aventura Habas : Cours sur le haricot","ASCAQU040V50QVLG","Produit","Pratique",,"Habas","40290","40118","Landes","Nouvelle-Aquitaine","43.5714244","-0.9292741",,"OT Pays d'Orthe et Arrigans","2026-04-17T00:00:00.000Z","2026-01-01T00:00:00.000Z"
"Tèrra Aventura : Oui, c'est un paradis !","ASCAQU033V50YCPR","Produit","Pratique",,"Hourtin","33990","33203","Gironde","Nouvelle-Aquitaine","45.1815819","-1.0839167","https://www.terra-aventura.fr/","OT Médoc Atlantique","2026-01-06T00:00:00.000Z","2026-06-27T02:27:42.242Z"
"Terra Aventura : 'Trappe-moi si tu peux !","ASCAQU024V50H433","Produit","Pratique","Pratique libre","Échourgnac","24410","24159","Dordogne","Nouvelle-Aquitaine","45.1262447","0.22920937",,"Vallée de l'Isle en Périgord","2026-01-29T00:00:00.000Z","2026-06-27T02:27:42.242Z"
"Tèrra Aventura : Essaie de monter, pour voir !","ASCAQU024V50H2M5","Produit","Pratique",,"Montpeyroux","24610","24292","Dordogne","Nouvelle-Aquitaine","44.9200933","0.05689466","https://www.terra-aventura.fr/caches/essaie-de-monter-pour-voir","Pays de Bergerac, Vignoble & Bastides","2026-01-01T00:00:00.000Z","2026-01-01T00:00:00.000Z"
"Circuit Tèrra Aventura : Même pas peur de la Chimère !","ASCAQU047V50G3QT","Produit","Pratique",,"Monflanquin","47150","47175","Lot-et-Garonne","Nouvelle-Aquitaine","44.5352","0.76637","http://www.coeurdebastides.com/,https://www.terra-aventura.fr/","OT Coeur de Bastides","2026-04-20T00:00:00.000Z","2026-01-01T00:00:00.000Z"
"Terra Aventura: Brantôme, Venise du Périgord","ASCAQU024V50H6XS","Produit","Pratique",,"Brantôme en Périgord","24310","24064","Dordogne","Nouvelle-Aquitaine","45.365187","0.647394",,"Val de Dronne","2026-08-14T00:00:00.000Z","2026-08-15T01:44:22.525Z"
"Terra Aventura : Longue vie à l'Armagnac","ASCAQU040V50RR0T","Produit,Lieu","Pratique,Site sportif, récréatif et de loisirs",,"Labastide-d'Armagnac","40240","40131","Landes","Nouvelle-Aquitaine","43.96973","-0.18574",,"OT Landes d'Armagnac","2026-04-10T00:00:00.000Z","2026-01-01T00:00:00.000Z"
"Geocaching avec Terra Aventura : Où es-tu, Ramuntcho ?","ASCAQU064V5A4NZ7","Produit","Pratique",,"Hendaye","64700","64260","Pyrénées-Atlantiques","Nouvelle-Aquitaine","43.340423","-1.7392812","https://www.hendaye-tourisme.fr/fr/a-faire/activites/terra-aventura/","Hendaye Tourisme & Commerce","2026-04-24T00:00:00.000Z","2026-06-27T02:27:42.246Z"
"Terra Aventura : ""Pardaillan, chevalier maudit""","ASCAQU033V50QPXL","Produit","Pratique",,"Gensac","33890","33186","Gironde","Nouvelle-Aquitaine","44.8037951","0.0713421",,"OT Castillon-Pujols","2026-01-06T00:00:00.000Z","2026-01-01T00:00:00.000Z"
"Terra Aventura à Salles : Le marathon de l’échasse","ASCAQU033V50QP01","Produit","Pratique",,"Salles","33770","33498","Gironde","Nouvelle-Aquitaine","44.549651","-0.868055","https://www.terra-aventura.fr/","OT Val de l'Eyre","2026-03-05T00:00:00.000Z","2026-01-01T00:00:00.000Z"
"Terra Aventura : ""Villas et Cabanes en fête !""","ASCAQU033V50R90O","Produit","Pratique",,"Andernos-les-Bains","33510","33005","Gironde","Nouvelle-Aquitaine","44.743424","-1.099633",,"OT Andernos-les-Bains","2026-02-02T00:00:00.000Z","2026-01-01T00:00:00.000Z"
"Circuit Tèrra Aventura : De la pierre et des rois","ASCAQU047V50BYN5","Produit","Pratique",,"Casteljaloux","47700","47052","Lot-et-Garonne","Nouvelle-Aquitaine","44.314611","0.08981764","https://www.terra-aventura.fr/","OT Coteaux et Landes de Gascogne","2026-07-31T00:00:00.000Z","2026-08-01T02:24:30.123Z"
"Circuit Tèrra Aventura : La conjuration du renard","ASCAQU047V50BYMT","Produit","Pratique",,"Villefranche-du-Queyran","47160","47320","Lot-et-Garonne","Nouvelle-Aquitaine","44.3101872","0.1968351","https://www.terra-aventura.fr/","OT Coteaux et Landes de Gascogne","2026-07-31T00:00:00.000Z","2026-08-01T02:24:30.123Z"
"Tèrra Aventura : Ziclou des rails à Lacanau","ASCAQU033V50USRK","Produit","Pratique",,"Lacanau","33680","33214","Gironde","Nouvelle-Aquitaine","45.0015782","-1.1962541","https://www.terra-aventura.fr/","OT Médoc Atlantique","2026-01-06T00:00:00.000Z","2026-01-01T00:00:00.000Z"
"Tèrra Aventura : ""Voyage au centre de la Pierre""","ASCAQU064V5A3V6M","Lieu","Site sportif, récréatif et de loisirs",,"Arette","64570","64040","Pyrénées-Atlantiques","Nouvelle-Aquitaine","42.977603","-0.744861","https://www.terra-aventura.fr/","Office de Tourisme du Haut-Béarn","2026-01-01T00:00:00.000Z","2026-01-01T00:00:00.000Z"
"Parcours Tèrra Aventura : ""Aux cîmes de la Bergerie""","ASCAQU064V5A59KE","Produit","Pratique",,"Cambo-les-Bains","64250","64160","Pyrénées-Atlantiques","Nouvelle-Aquitaine","43.3540297","-1.4057173","http://www.cambolesbains.com/","OT Cambo les Bains","2026-01-01T00:00:00.000Z","2026-06-27T02:27:42.242Z"
"Terra Aventura : Street Art Thérapie","ASCAQU040V50Z0IB","Produit","Pratique",,"Dax","40100","40088","Landes","Nouvelle-Aquitaine","43.710893","-1.0520924","https://www.terra-aventura.fr/","CDT 40","2025-01-10T00:00:00.000Z","2026-01-01T00:00:00.000Z"
"Séjour Terra Aventura en toute détente","OP031AQU040V50YVJM","Produit",,,"Clermont","40180","40084","Landes","Nouvelle-Aquitaine","43.65521","-0.90171","https://www.laforgedeclermont.fr/,https://www.laforgedeclermont.fr/","CDT 40","2025-11-30T00:00:00.000Z","2026-01-01T00:00:00.000Z"
"Tèrra Aventura - Ma reine des bourriches - Marennes","6997525","Lieu","Site sportif, récréatif et de loisirs",,"Marennes-Hiers-Brouage","17320","17219","Charente-Maritime","Nouvelle-Aquitaine","45.821158","-1.108403","https://www.terra-aventura.fr/","Office de Tourisme de l'île d'Oléron et du bassin de Marennes","2025-07-04T00:00:00.000Z","2026-01-01T00:00:00.000Z"
"Tèrra Aventura : Comme un poisson dans L'Aurence","ASCAQU087V501RRV","Produit","Pratique",,"Limoges","87000","87085","Haute-Vienne","Nouvelle-Aquitaine","45.8583774","1.26447297","https://www.terra-aventura.fr/caches/comme-un-poisson-dans-laurence","OT Limoges Métropole","2025-10-18T00:00:00.000Z","2026-01-01T00:00:00.000Z"
"Terra Aventura - Geocaching ""Fondez pour Ruelle !""","6188777","Lieu","Site sportif, récréatif et de loisirs",,"Ruelle-sur-Touvre","16600","16291","Charente","Nouvelle-Aquitaine","45.678245","0.22853","https://www.terra-aventura.fr/","Office de Tourisme du Pays d'Angoulême","2025-07-01T00:00:00.000Z","2026-01-01T00:00:00.000Z"
"Circuit Tèrra Aventura : La caverne du dragon","ASCAQU047V50HNBV","Produit","Pratique",,"Saint-Front-sur-Lémance","47500","47242","Lot-et-Garonne","Nouvelle-Aquitaine","44.576046","0.971586","http://www.tourisme-fumel.com/,https://www.terra-aventura.fr/","OT Vallée du Lot et Garonne","2026-07-31T00:00:00.000Z","2026-08-01T02:24:30.123Z"
"Terra Aventura ""Le berger, le renard et le crestadou""","ASCAQU064V5BE4QD","Produit","Pratique",,"Bilhères","64260","64128","Pyrénées-Atlantiques","Nouvelle-Aquitaine","43.05888","-0.448535","https://www.terra-aventura.fr/","OT Vallée d'Ossau Pyrénées","2026-01-03T00:00:00.000Z","2026-01-01T00:00:00.000Z"
"Terra Aventura : ""Le Bourgailh, forêt presqu'enchantée""","ASCAQU033V511XOQ","Produit","Pratique",,"Pessac","33600","33318","Gironde","Nouvelle-Aquitaine","44.80288","-0.68921","https://www.terra-aventura.fr/","OT Bordeaux Métropole","2026-03-05T00:00:00.000Z","2026-01-01T00:00:00.000Z"
"Tèrra Aventura : Valet de coeur, à vous l'honneur !","ASCAQU040V50TY00","Produit","Pratique",,"Préchacq-les-Bains","40465","40237","Landes","Nouvelle-Aquitaine","43.76699","-0.93036","http://www.chalosse.fr/","OT Terres de Chalosse","2025-07-10T00:00:00.000Z","2026-01-01T00:00:00.000Z"
"Terra Aventura : ""Mourenx, ça gaze ? ""","ASCAQU064V5BEX40","Produit","Pratique",,"Mourenx","64150","64410","Pyrénées-Atlantiques","Nouvelle-Aquitaine","43.36887","-0.63182","https://www.coeurdebearn.com/","OT Coeur de Béarn","2026-03-27T00:00:00.000Z","2026-01-01T00:00:00.000Z"
"Terra Aventura, embarquement immédiat pour Dompierre !","6214273","Lieu","Site sportif, récréatif et de loisirs",,"Dompierre-sur-Charente","17610","17141","Charente-Maritime","Nouvelle-Aquitaine","45.70115","-0.494667","http://terra-aventura.fr/","Office de Tourisme de Saintes & la Saintonge","2024-02-22T00:00:00.000Z","2026-07-04T06:08:31.875Z"
"Terra Aventura : Ognoas, perle de l'Armagnac","ASCAQU040V50TQA3","Produit,Lieu","Pratique,Site sportif, récréatif et de loisirs",,"Arthez-d'Armagnac","40190","40013","Landes","Nouvelle-Aquitaine","43.9022355","-0.2701973",,"OT Landes d'Armagnac","2026-07-07T00:00:00.000Z","2026-07-09T02:37:02.408Z"
"Tèrra Aventura : Zart' y est Fresque","ASCAQU086V50041R","Produit,Lieu","Pratique,Site sportif, récréatif et de loisirs","Pratique libre","Saint-Savin","86310","86246","Vienne","Nouvelle-Aquitaine","46.5644542","0.8651343","http://www.sudviennepoitou.com/,https://www.terra-aventura.fr/parcours","Office de Tourisme Sud Vienne Poitou","2026-06-16T00:00:00.000Z","2026-06-17T03:11:07.693Z"
"Tèrra Aventura : Roc’ and Troll","ASCAQU086V50041N","Produit,Lieu","Pratique,Site sportif, récréatif et de loisirs","Pratique libre","Lathus-Saint-Rémy","86390","86120","Vienne","Nouvelle-Aquitaine","46.312363","0.932485","http://www.sudviennepoitou.com/,https://www.terra-aventura.fr/parcours","Office de Tourisme Sud Vienne Poitou","2026-08-09T00:00:00.000Z","2026-08-10T02:03:58.061Z"
"Tèrra Aventura : Zart' y est ""fresque !""","ASCAQU086V5005UG","Produit,Lieu","Pratique,Site sportif, récréatif et de loisirs",,"Saint-Germain","86310","86223","Vienne","Nouvelle-Aquitaine","46.5644542","0.8651343","http://www.sudviennepoitou.com/","Office de Tourisme Sud Vienne Poitou","2026-03-28T00:00:00.000Z","2026-01-01T00:00:00.000Z"
"Tèrra Aventura : Fondor perd les Pédales","ASCAQU086V500IMH","Produit,Lieu","Pratique,Site sportif, récréatif et de loisirs","Pratique libre","Guesnes","86420","86109","Vienne","Nouvelle-Aquitaine","46.9167","0.16232","https://www.terra-aventura.fr/parcours","Office de Tourisme du Pays Loudunais","2026-06-16T00:00:00.000Z","2026-06-17T03:11:07.693Z"
"Circuit Terra Aventura - Embarquez pour les Barthes !","ASCAQU040V50UF6A","Produit","Pratique",,"Pontonx-sur-l'Adour","40465","40230","Landes","Nouvelle-Aquitaine","43.7873363","-0.922853",,"OT Tartas","2026-07-23T00:00:00.000Z","2026-07-24T02:22:22.602Z"
"Tèrra Aventura : Les Poï'z mènent l'Enquête","ASCAQU086V50066X","Produit,Lieu","Pratique,Site sportif, récréatif et de loisirs","Pratique libre","Valence-en-Poitou","86700","86082","Vienne","Nouvelle-Aquitaine","46.2982954","0.1792503","https://www.terra-aventura.fr/parcours","Office de Tourisme de Civraisien en Poitou","2026-08-10T00:00:00.000Z","2026-08-11T02:02:15.314Z"
"Tèrra Aventura : Qu'est-ce que tu nous Chantes là ?","ASCAQU086V500LJR","Produit,Lieu","Pratique,Site sportif, récréatif et de loisirs","Pratique libre","Brigueil-le-Chantre","86290","86037","Vienne","Nouvelle-Aquitaine","46.39293","1.08529","https://www.sudviennepoitou.com/,https://www.terra-aventura.fr/parcours","Office de Tourisme Sud Vienne Poitou","2026-06-16T00:00:00.000Z","2026-06-17T03:11:07.693Z"
"Tèrra Aventura : Stage de Paléo-Déco","ASCAQU086V50041O","Produit,Lieu","Pratique,Site sportif, récréatif et de loisirs","Pratique libre","Lussac-les-Châteaux","86320","86140","Vienne","Nouvelle-Aquitaine","46.4024439","0.724959","http://www.sudviennepoitou.com/,https://www.terra-aventura.fr/parcours","Office de Tourisme Sud Vienne Poitou","2026-06-16T00:00:00.000Z","2026-06-17T03:11:07.693Z"
"Tèrra Aventura : Des Viz'iteurs venus d'Ailleurs","ASCAQU086V500LXK","Produit,Lieu","Pratique,Site sportif, récréatif et de loisirs","Pratique libre","Charroux","86250","86061","Vienne","Nouvelle-Aquitaine","46.1434726","0.40526442","https://www.terra-aventura.fr/parcours","Office de Tourisme de Civraisien en Poitou","2026-07-13T00:00:00.000Z","2026-07-14T02:09:57.736Z"
"Geocaching Tèrra Aventura - Dans les bois de Morphée","7364983","Lieu","Site sportif, récréatif et de loisirs",,"Montendre","17130","17240","Charente-Maritime","Nouvelle-Aquitaine","45.267519","-0.399732","https://www.jonzac-haute-saintonge.com/terra-aventura/","CDC de Haute Saintonge","2026-03-18T00:00:00.000Z","2026-01-01T00:00:00.000Z"
"Tèrra Aventura - ""Moulis, on va déguster""","ASCAQU033V51AUJB","Produit","Pratique",,"Moulis-en-Médoc","33480","33297","Gironde","Nouvelle-Aquitaine","45.06016","-0.7681212",,"OT Médoc Plein Sud","2026-03-09T00:00:00.000Z","2026-01-01T00:00:00.000Z"
"Séjour Terra Aventura dans le Grand Dax","OP031AQU040V50Y3AH","Produit",,,"Saint-Paul-lès-Dax","40990","40279","Landes","Nouvelle-Aquitaine","43.7264679","-1.1227961","https://www.camping-ardy.com/,https://naxiresa.inaxel.com/etape2-sejours.php?&lang=1&compte=etangardy,https://www.camping-ardy.com/,https://naxiresa.inaxel.com/etape2-sejours.php?&lang=1&compte=etangardy","CDT 40","2025-11-30T00:00:00.000Z","2026-01-01T00:00:00.000Z"
"Tèrra Aventura ""Zéfaim garde la patate !""","ASCAQU033V51AZ9N","Produit","Pratique",,"Eysines","33320","33162","Gironde","Nouvelle-Aquitaine","44.88391","-0.64956",,"OT Bordeaux Métropole","2026-01-06T00:00:00.000Z","2026-01-01T00:00:00.000Z"
"Tèrra Aventura ""Bacalan, au pays des possibles""","ASCAQU033V51AZ92","Produit","Pratique",,"Bordeaux","33300","33063","Gironde","Nouvelle-Aquitaine","44.8772685","-0.554149",,"OT Bordeaux Métropole","2026-01-06T00:00:00.000Z","2026-01-01T00:00:00.000Z"
"Tèrra Aventura : Kerlouët sonne l’alarme !","ASCAQU086V5023LH","Produit,Lieu","Location,Pratique,Prestataire d'activité,Site sportif, récréatif et de loisirs,Service pratique","Location de matériel","La Roche-Posay","86270","86207","Vienne","Nouvelle-Aquitaine","46.7858128","0.81159811","https://www.terra-aventura.fr/","Office de Tourisme & du Thermalisme La Roche Posay","2026-06-16T00:00:00.000Z","2026-06-17T03:11:07.692Z"
"Circuit Tèrra Aventura : Cache-noisette","ASCAQU047V50DK20","Produit","Pratique",,"Cancon","47290","47048","Lot-et-Garonne","Nouvelle-Aquitaine","44.542764","0.600693","http://www.coeurdebastides.com/,https://www.terra-aventura.fr/","OT Coeur de Bastides","2026-04-20T00:00:00.000Z","2026-01-01T00:00:00.000Z"
"Circuit Tèrra Aventura : Du savoir au comptoir","ASCAQU047V50DWJY","Produit","Pratique",,"Casseneuil","47440","47049","Lot-et-Garonne","Nouvelle-Aquitaine","44.445982","0.620819","http://www.tourisme-villeneuvois.fr/,https://www.terra-aventura.fr/","ADRT47","2026-07-31T00:00:00.000Z","2026-08-01T02:24:30.123Z"
"Circuit Tèrra Aventura : Aux Saveurs de Puymirol","ASCAQU047V50DWK6","Produit","Pratique",,"Puymirol","47270","47217","Lot-et-Garonne","Nouvelle-Aquitaine","44.1869288","0.7955801","http://www.destination-agen.fr/,https://www.terra-aventura.fr/","ADRT47","2026-07-31T00:00:00.000Z","2026-08-01T02:24:30.123Z"
"Circuit Tèrra Aventura : La source de Roland","ASCAQU047V50DWK5","Produit","Pratique",,"Laroque-Timbaut","47340","47138","Lot-et-Garonne","Nouvelle-Aquitaine","44.283125","0.761948","http://www.tourisme-villeneuvois.fr/,https://www.terra-aventura.fr/","ADRT47","2026-07-31T00:00:00.000Z","2026-08-01T02:24:30.124Z"
"Circuit Tèrra Aventura : Passez-lui les minottes !","ASCAQU047V50DUTC","Produit","Pratique",,"Barbaste","47230","47021","Lot-et-Garonne","Nouvelle-Aquitaine","44.1685223","0.29044463","https://albret-tourisme.com/terra-aventura-en-albret/,https://www.terra-aventura.fr/","OT de l'Albret","2026-07-31T00:00:00.000Z","2026-08-01T02:24:30.123Z"
"Tèrra Aventura : Petits problèmes de vinification","ASCAQU024V50F9O0","Produit","Pratique",,"Saint-Aubin-de-Cadelech","24500","24373","Dordogne","Nouvelle-Aquitaine","44.6983379","0.47975667","https://www.terra-aventura.fr/caches/petits-problemes-de-vinification","Pays de Bergerac, Vignoble & Bastides","2026-04-18T00:00:00.000Z","2026-01-01T00:00:00.000Z"
"Tèrra Aventura : Entre carreyrous et carreras","ASCAQU024V50F9O3","Produit","Pratique",,"Beaumontois en Périgord","24440","24028","Dordogne","Nouvelle-Aquitaine","44.770052","0.76933399","https://www.terra-aventura.fr/caches/beaumont-du-perigord-entre-carreyrous-et-carreras","Pays de Bergerac, Vignoble & Bastides","2025-01-10T00:00:00.000Z","2026-01-01T00:00:00.000Z"
"Terra Aventura : de Saint-Crépin à Carlucet","ASCAQU024V50F9N6","Produit","Pratique",,"Saint-Crépin-et-Carlucet","24590","24392","Dordogne","Nouvelle-Aquitaine","44.9608226","1.2980003",,"OT du pays de Fénelon","2025-07-10T00:00:00.000Z","2026-01-01T00:00:00.000Z"
"Tèrra Aventura : Montignac, une histoire de Ponts","ASCAQU024V50F9NG","Produit","Pratique",,"Montignac-Lascaux","24290","24291","Dordogne","Nouvelle-Aquitaine","45.0675365","1.16391423","https://www.terra-aventura.fr/","OT Lascaux Dordogne Vallée Vézère","2026-05-16T00:00:00.000Z","2026-01-01T00:00:00.000Z"
"Terra Aventura : Jean-Colois d’un jour","ASCAQU024V50F9PD","Produit","Pratique",,"Saint-Jean-de-Côle","24800","24425","Dordogne","Nouvelle-Aquitaine","45.4198162","0.84069776","https://www.perigord-limousin-tourisme.com/decouvrez-nos-pepites/terra-aventura-l-incroyable-chasse-aux-tresors/","Isle-Auvézère","2026-01-01T00:00:00.000Z","2026-01-01T00:00:00.000Z"
"Terra Aventura : Le Petit Bois de l'Opéra","ASCAQU024V50F9W1","Produit,Lieu","Pratique,Site sportif, récréatif et de loisirs","Pratique libre","La Roche-Chalais","24490","24354","Dordogne","Nouvelle-Aquitaine","45.1379437","-0.0000719","https://www.perigord-inattendu.fr/","Val de Dronne","2026-01-01T00:00:00.000Z","2026-01-01T00:00:00.000Z"
"Terra Aventura : Les Sirs de Bonne Foy","ASCAQU033V50UM6T","Produit","Pratique",,"Sainte-Foy-la-Grande","33220","33402","Gironde","Nouvelle-Aquitaine","44.840328","0.217635",,"OT du Pays Foyen","2026-01-06T00:00:00.000Z","2026-01-01T00:00:00.000Z"
"Terra Aventura, Méli-mélo à Mediolanum","5729280","Lieu","Site sportif, récréatif et de loisirs",,"Saintes","17100","17415","Charente-Maritime","Nouvelle-Aquitaine","45.744594","-0.629172","http://terra-aventura.fr/","Office de Tourisme de Saintes & la Saintonge","2024-02-22T00:00:00.000Z","2026-07-04T06:08:31.880Z"
"Terra Aventura, Port d'Envaux : Serez-vous de taille ?","5730399","Lieu","Site sportif, récréatif et de loisirs",,"Port-d'Envaux","17350","17285","Charente-Maritime","Nouvelle-Aquitaine","45.835125","-0.679692","http://terra-aventura.fr/","Communauté de communes Coeur de Saintonge","2023-06-20T00:00:00.000Z","2026-01-01T00:00:00.000Z"
"Terra Aventura, Burie : Une histoire pour Goulebenèze","5733341","Lieu","Site sportif, récréatif et de loisirs",,"Burie","17770","17072","Charente-Maritime","Nouvelle-Aquitaine","45.774089","-0.421185","http://terra-aventura.fr/","Office de Tourisme de Saintes & la Saintonge","2024-02-22T00:00:00.000Z","2026-07-04T06:08:31.880Z"
"Terra Aventura : Une cloche sonne, sonne...","ASCAQU024V50GPKU","Produit","Pratique",,"Thiviers","24800","24551","Dordogne","Nouvelle-Aquitaine","45.414463","0.92033051","https://www.perigord-limousin-tourisme.com/decouvrez-nos-pepites/terra-aventura-l-incroyable-chasse-aux-tresors/","Isle-Auvézère","2026-01-01T00:00:00.000Z","2026-01-01T00:00:00.000Z"
"Terra Aventura : Filez, pauvres fous !","ASCAQU024V50GPLI","Produit","Pratique",,"Jumilhac-le-Grand","24630","24218","Dordogne","Nouvelle-Aquitaine","45.493","1.06096","https://www.perigord-limousin-tourisme.com/decouvrez-nos-pepites/terra-aventura-l-incroyable-chasse-aux-tresors/","Isle-Auvézère","2026-01-01T00:00:00.000Z","2026-01-01T00:00:00.000Z"
"Terra Aventura : Les fines lames du Périgord","ASCAQU024V50GPCA","Produit","Pratique",,"Nontron","24300","24311","Dordogne","Nouvelle-Aquitaine","45.530402","0.662239","https://www.tourisme-perigord-nontronnais.fr/","Parc Naturel Régional Périgord-Limousin","2026-01-01T00:00:00.000Z","2026-06-27T02:27:42.246Z"
"Géocaching Terra Aventura : un drôle de guépier","5758068","Lieu","Site sportif, récréatif et de loisirs",,"Guizengeard","16480","16161","Charente","Nouvelle-Aquitaine","45.30161","-0.107144","https://www.sudcharentetourisme.fr/","Office de tourisme du Sud Charente","2025-03-24T00:00:00.000Z","2026-01-01T00:00:00.000Z"
"Terra Aventura : Bourdeilles, nul ne vaincra","ASCAQU024V50JLH9","Produit","Pratique",,"Bourdeilles","24310","24055","Dordogne","Nouvelle-Aquitaine","45.4523579","0.45340699",,"Val de Dronne","2026-08-14T00:00:00.000Z","2026-08-15T01:44:22.525Z"
"Tèrra Aventura : Trop fortes ces Mirebalaises !","ASCAQU086V50172K","Produit,Lieu","Pratique,Site sportif, récréatif et de loisirs","Pratique libre","Mirebeau","86110","86160","Vienne","Nouvelle-Aquitaine","46.7857338","0.1811375","https://www.terra-aventura.fr/parcours","Office de Tourisme du Haut-Poitou","2026-06-16T00:00:00.000Z","2026-06-27T02:27:42.244Z"
"Tèrra Aventura : Zahan, sors de ta coquille !","ASCAQU086V50172S","Produit,Lieu","Pratique,Site sportif, récréatif et de loisirs","Pratique libre","Ayron","86190","86017","Vienne","Nouvelle-Aquitaine","46.6587578","0.0859965","https://www.terra-aventura.fr/parcours","Office de Tourisme du Haut-Poitou","2026-06-16T00:00:00.000Z","2026-06-17T03:11:07.692Z"
"Tèrra Aventura : Sans Clo, ni Vis...","ASCAQU086V50172W","Produit,Lieu","Pratique,Site sportif, récréatif et de loisirs","Pratique libre","Vouillé","86190","86294","Vienne","Nouvelle-Aquitaine","46.6387381","0.1665108","https://www.terra-aventura.fr/parcours","Office de Tourisme du Haut-Poitou","2026-08-10T00:00:00.000Z","2026-08-11T02:02:15.314Z"
"Tèrra Aventura : Gargantua vous rend ""Cherves"" !","ASCAQU086V50172Z","Produit,Lieu","Pratique,Site sportif, récréatif et de loisirs","Pratique libre","Cherves","86170","86073","Vienne","Nouvelle-Aquitaine","46.717132","0.016743","https://www.terra-aventura.fr/parcours","Office de Tourisme du Haut-Poitou","2026-08-10T00:00:00.000Z","2026-08-11T02:02:15.314Z"
"Terra Aventura - Cette bastide, il lui manque une case !","ASCAQU064V5BKBX5","Produit","Pratique",,"La Bastide-Clairence","64240","64289","Pyrénées-Atlantiques","Nouvelle-Aquitaine","43.42929","-1.25596","https://www.terra-aventura.fr/","Office de Tourisme Pays Basque","2026-01-28T00:00:00.000Z","2026-01-01T00:00:00.000Z"
"Terra Aventura : Le grand Trouveur d'Excideuil ...","ASCAQU024V50FE2L","Produit","Pratique",,"Excideuil","24160","24164","Dordogne","Nouvelle-Aquitaine","45.340019","1.0489059",,"Isle-Auvézère","2025-07-10T00:00:00.000Z","2026-06-27T02:27:42.246Z"
"Tèrra Aventura :  La commande du Monsieur d'Issigeac","ASCAQU024V50FAXT","Produit","Pratique",,"Issigeac","24560","24212","Dordogne","Nouvelle-Aquitaine","44.7308301","0.60655442","https://www.terra-aventura.fr/caches/la-commande-du-monsieur-dissigeac","Pays de Bergerac, Vignoble & Bastides","2026-04-18T00:00:00.000Z","2026-01-01T00:00:00.000Z"
"Terra Aventura : Zekid, Prince des voleurs","ASCAQU024V50FA9H","Produit","Pratique",,"Mareuil en Périgord","24340","24253","Dordogne","Nouvelle-Aquitaine","45.4523579","0.45340699",,"Val de Dronne","2026-08-14T00:00:00.000Z","2026-08-15T01:44:22.524Z"
"Tèrra Aventura : Viva Laàs Vegas !","ASCAQU064V5A9Y3A","Produit","Pratique",,"Laàs","64390","64287","Pyrénées-Atlantiques","Nouvelle-Aquitaine","43.3812448","-0.8508369",,"OT Béarn des Gaves","2026-01-01T00:00:00.000Z","2026-01-01T00:00:00.000Z"
"Terra Aventura : Sent Rafeu code","ASCAQU024V50D69F","Produit","Pratique",,"Savignac-Lédrier","24160","24526","Dordogne","Nouvelle-Aquitaine","45.3065241","1.07600083","https://www.naturellementperigord.fr/","Isle-Auvézère","2026-01-01T00:00:00.000Z","2026-06-27T02:27:42.243Z"
"Terra Aventura : Bougies à tout prix","ASCAQU024V50OU00","Produit,Lieu","Pratique,Site sportif, récréatif et de loisirs",,"Mussidan","24400","24299","Dordogne","Nouvelle-Aquitaine","45.038588","0.36181146","https://www.terra-aventura.fr/comment-jouer","Vallée de l'Isle en Périgord","2026-07-31T00:00:00.000Z","2026-08-01T02:24:30.124Z"
"Tèrra aventura - Saint-Jean-d'Angély","7941308","Lieu","Site sportif, récréatif et de loisirs",,"Saint-Jean-d'Angély","17400","17347","Charente-Maritime","Nouvelle-Aquitaine","45.94535","-0.536671","https://www.destinationvalsdesaintonge.com/,https://www.terra-aventura.fr/","Office de Tourisme des Vals de Saintonge","2026-08-05T00:00:00.000Z","2026-08-06T06:35:59.470Z"
"Terra Aventura : Basajaun et les hêtres fantastiques","ASCAQU064V5AR4OK","Produit","Pratique",,"Larrau","64560","64316","Pyrénées-Atlantiques","Nouvelle-Aquitaine","43.0364508","-1.0348967",,"Office de Tourisme Pays Basque","2026-01-01T00:00:00.000Z","2026-01-01T00:00:00.000Z"
"Terra Aventura : des sources, des baleines et des marins","ASCAQU064V5AR3QP","Produit","Pratique",,"Bidart","64210","64125","Pyrénées-Atlantiques","Nouvelle-Aquitaine","43.4416193","-1.5877474","https://www.bidarttourisme.com/fr/accueil","OT Bidart","2026-01-01T00:00:00.000Z","2026-01-01T00:00:00.000Z"
"Terra Aventura - Les laminak cherchent la ""Baigarre""","ASCAQU064V5ARDWA","Produit","Pratique",,"Irissarry","64780","64273","Pyrénées-Atlantiques","Nouvelle-Aquitaine","43.257029","-1.232852","https://www.terra-aventura.fr/","Office de Tourisme Pays Basque","2026-01-01T00:00:00.000Z","2026-01-01T00:00:00.000Z"
"Tèrra Aventura : Aux vendanges, les p'tits bouchons !","ASCAQU040V50OQAT","Produit","Pratique",,"Mugron","40250","40201","Landes","Nouvelle-Aquitaine","43.7491883","-0.7457343","http://www.chalosse.fr/","OT Terres de Chalosse","2026-01-01T00:00:00.000Z","2026-01-01T00:00:00.000Z"
"Terra Aventura : les Doublauds font la paire","ASCAQU024V50FTVW","Produit,Lieu","Pratique,Site sportif, récréatif et de loisirs","Pratique libre","Échourgnac","24410","24159","Dordogne","Nouvelle-Aquitaine","45.1314256","0.26517779",,"Vallée de l'Isle en Périgord","2026-03-03T00:00:00.000Z","2026-01-01T00:00:00.000Z"
"Terra Aventura : à la découverte de la bastide royale","ASCAQU033V50WXL2","Produit","Pratique",,"Libourne","33500","33243","Gironde","Nouvelle-Aquitaine","44.9107725","-0.2414378","http://www.tourisme-libournais.com/","OTI du Libournais","2026-01-06T00:00:00.000Z","2026-01-01T00:00:00.000Z"
"Terra Aventura : Angélique belle de l'estuaire","ASCAQU033V50X3SS","Produit","Pratique",,"Pauillac","33250","33314","Gironde","Nouvelle-Aquitaine","45.193145","-0.744338","https://www.terra-aventura.fr/parcours","OT Médoc-Vignoble","2026-05-28T00:00:00.000Z","2026-01-01T00:00:00.000Z"
"Géocaching Terra Aventura : Les Chevaliers du Bandiat","5682613","Lieu","Site sportif, récréatif et de loisirs",,"Marthon","16380","16211","Charente","Nouvelle-Aquitaine","45.61376","0.442602",,"Office de Tourisme La Rochefoucauld Porte du Périgord","2021-04-20T00:00:00.000Z","2026-01-01T00:00:00.000Z"
"Tèrra Aventura - Geocaching ""En nature Simone""","7863851","Lieu","Site sportif, récréatif et de loisirs",,"Mornac","16600","16232","Charente","Nouvelle-Aquitaine","45.679504","0.273772","https://www.terra-aventura.fr/","Office de Tourisme du Pays d'Angoulême","2026-07-02T00:00:00.000Z","2026-07-03T06:09:42.927Z"
"Tèrra Aventura : Mystère en forêt de Boubon","ASCAQU087V504CFL","Produit","Pratique",,"Cussac","87150","87054","Haute-Vienne","Nouvelle-Aquitaine","45.669882","0.834699","https://www.terra-aventura.fr/caches/en-poste-dans-la-foret-de-boubon","OT Ouest Limousin","2026-06-19T00:00:00.000Z","2026-06-20T02:11:56.211Z"
"Tèrra Aventura - Saint-Julien-de-l'Escap","7897029","Lieu","Site sportif, récréatif et de loisirs",,"Saint-Julien-de-l'Escap","17400","17350","Charente-Maritime","Nouvelle-Aquitaine","45.933927","-0.494671","https://www.destinationvalsdesaintonge.com/,https://www.terra-aventura.fr/","Office de Tourisme des Vals de Saintonge","2026-06-27T00:00:00.000Z","2026-06-27T06:27:56.712Z"
"Tèrra Aventura - Saint-Savinien-sur-Charente","5859885","Lieu","Site sportif, récréatif et de loisirs",,"Saint-Savinien","17350","17397","Charente-Maritime","Nouvelle-Aquitaine","45.879469","-0.679295","https://www.destinationvalsdesaintonge.com/,https://www.terra-aventura.fr/","Office de Tourisme des Vals de Saintonge","2026-01-09T00:00:00.000Z","2026-01-01T00:00:00.000Z"
"Tèrra aventura - Saint-Jean-d'Angély","5859880","Lieu","Site sportif, récréatif et de loisirs",,"Saint-Jean-d'Angély","17400","17347","Charente-Maritime","Nouvelle-Aquitaine","45.942737","-0.524428","https://www.destinationvalsdesaintonge.com/,https://www.terra-aventura.fr/","Office de Tourisme des Vals de Saintonge","2026-06-05T00:00:00.000Z","2026-01-01T00:00:00.000Z"
"Géocaching Terra Aventura : Le coteau se rebiffe","5758045","Lieu","Site sportif, récréatif et de loisirs",,"Juignac","16190","16170","Charente","Nouvelle-Aquitaine","45.378033","0.163736","https://www.sudcharentetourisme.fr/","Office de tourisme du Sud Charente","2025-02-19T00:00:00.000Z","2026-01-01T00:00:00.000Z"
"Géocaching Terra Aventura : La cornuelle royale","5758043","Lieu","Site sportif, récréatif et de loisirs",,"Villebois-Lavalette","16320","16408","Charente","Nouvelle-Aquitaine","45.481976","0.277526","https://www.sudcharentetourisme.fr/","Office de tourisme du Sud Charente","2025-02-19T00:00:00.000Z","2026-01-01T00:00:00.000Z"
"Tèrra Aventura - Un grain de sel dans ma Gabelle","5782951","Lieu","Site sportif, récréatif et de loisirs",,"Mornac-sur-Seudre","17113","17247","Charente-Maritime","Nouvelle-Aquitaine","45.708126","-1.028292",,"Royan Atlantique","2023-01-17T00:00:00.000Z","2026-01-01T00:00:00.000Z"
"Geocaching Tèrra Aventura - Le miracle de la Seugne","5893101","Lieu","Site sportif, récréatif et de loisirs",,"Pons","17800","17283","Charente-Maritime","Nouvelle-Aquitaine","45.572981","-0.548696","https://www.terra-aventura.fr/","CDC de Haute Saintonge","2024-10-21T00:00:00.000Z","2026-01-01T00:00:00.000Z"
"Tèrra Aventura au Teich : ""Alerte à la Réserve !""","ASCAQU033V51941P","Produit","Pratique",,"Le Teich","33470","33527","Gironde","Nouvelle-Aquitaine","44.635606","-1.0208759",,"OT Le Teich","2026-07-01T00:00:00.000Z","2026-07-02T02:17:37.776Z"
"Terra Aventura : A la cache aux moules","5700386","Lieu","Site sportif, récréatif et de loisirs",,"Châtelaillon-Plage","17340","17094","Charente-Maritime","Nouvelle-Aquitaine","46.05399","-1.088972",,"Office de Tourisme de Châtelaillon-Plage","2026-05-15T00:00:00.000Z","2026-01-01T00:00:00.000Z"
"Tèrra Aventura : Sancie sauvée des z'eaux","ASCAQU064V5A9Y0M","Produit","Pratique",,"Sauveterre-de-Béarn","64390","64513","Pyrénées-Atlantiques","Nouvelle-Aquitaine","43.399425","-0.93894",,"OT Béarn des Gaves","2026-01-01T00:00:00.000Z","2026-01-01T00:00:00.000Z"
"Géocaching Terra Aventura : le tombeau de la discorde","ASCAQU064V5A8UK1","Produit","Pratique",,"Lescar","64230","64335","Pyrénées-Atlantiques","Nouvelle-Aquitaine","43.333451","-0.434243","https://www.terra-aventura.fr/","OT Pau","2026-06-03T00:00:00.000Z","2026-06-27T02:27:42.240Z"
"Terra Aventura : ""Court-circuit dans ta street""","ASCAQU033V51A1BB","Produit","Pratique",,"Arès","33740","33011","Gironde","Nouvelle-Aquitaine","44.764441","-1.142052",,"Office de Tourisme d'Arès","2026-02-24T00:00:00.000Z","2026-01-01T00:00:00.000Z"
"Tèrra Aventura : Givray chercher les Z'Ingredients","ASCAQU086V502F83","Produit,Lieu","Pratique,Site sportif, récréatif et de loisirs","Pratique libre","Ligugé","86240","86133","Vienne","Nouvelle-Aquitaine","46.532597","0.333675","https://www.terra-aventura.fr/parcours","Office de Tourisme de Grand Poitiers","2026-06-16T00:00:00.000Z","2026-06-17T03:11:07.692Z"
"Geocaching : Terra Aventura - La main dans l'essac","5700338","Lieu","Site sportif, récréatif et de loisirs",,"Mosnac-Saint-Simeux","16120","16233","Charente","Nouvelle-Aquitaine","45.628864","-0.027237","https://www.terra-aventura.fr/","Destination Cognac","2025-12-18T00:00:00.000Z","2026-01-01T00:00:00.000Z"
"Geocaching : Terra Aventura - Panique à l'alambic","5700347","Lieu","Site sportif, récréatif et de loisirs",,"Segonzac","16130","16366","Charente","Nouvelle-Aquitaine","45.617721","-0.218194","https://www.terra-aventura.fr/","Destination Cognac","2025-12-18T00:00:00.000Z","2026-01-01T00:00:00.000Z"
"Tèrra Aventura : Zéchopp, l'écro qui vous croque !","ASCAQU024V50GQSI","Produit","Pratique",,"Monpazier","24540","24280","Dordogne","Nouvelle-Aquitaine","44.770052","0.76933399","https://www.terra-aventura.fr/caches/zechopp-lescroc-qui-vous-croque","Pays de Bergerac, Vignoble & Bastides","2025-01-10T00:00:00.000Z","2026-01-01T00:00:00.000Z"
"Circuit Tèrra Aventura : Poupou sur la Garonne","ASCAQU047V50FM6E","Produit","Pratique",,"Agen","47000","47001","Lot-et-Garonne","Nouvelle-Aquitaine","44.200989","0.631076","http://www.destination-agen.fr/,https://www.terra-aventura.fr/","OT Destination Agen","2026-07-31T00:00:00.000Z","2026-08-01T02:24:30.123Z"
"Terra Aventura : Bisca donne des z’ailes","ASCAQU040V50RHSD","Produit,Lieu","Pratique,Site sportif, récréatif et de loisirs",,"Biscarrosse","40600","40046","Landes","Nouvelle-Aquitaine","44.3886335","-1.1799082","https://www.terra-aventura.fr/","OT Grands Lacs","2024-11-17T00:00:00.000Z","2026-06-27T02:27:42.247Z"
"Terra Aventura - Têtu comme un Bidachot","ASCAQU064V5B71E0","Produit","Pratique",,"Bidache","64520","64123","Pyrénées-Atlantiques","Nouvelle-Aquitaine","43.483811","-1.1407936","https://www.terra-aventura.fr/","Office de Tourisme Pays Basque","2026-01-01T00:00:00.000Z","2026-01-01T00:00:00.000Z"
"Terra Aventura : Zabeth prend les eaux","ASCAQU040V50RL8A","Produit","Pratique",,"Dax","40100","40088","Landes","Nouvelle-Aquitaine","43.7122201","-1.0749671","https://www.terra-aventura.fr/","OT Grand Dax","2025-01-10T00:00:00.000Z","2026-01-01T00:00:00.000Z"
"Terra Aventura : Le Mercadiou tourne en barrique !","ASCAQU033V50ZDC8","Produit","Pratique",,"Saint-Macaire","33490","33435","Gironde","Nouvelle-Aquitaine","44.56482","-0.2269","https://www.lagirondedusud.com/","La Gironde du Sud","2026-07-29T00:00:00.000Z","2026-07-30T02:07:09.275Z"
"Geocaching Tèrra Aventura - L'attaque du crocothemis","5893106","Lieu","Site sportif, récréatif et de loisirs",,"Soubran","17150","17430","Charente-Maritime","Nouvelle-Aquitaine","45.365227","-0.529406","https://www.terra-aventura.fr/","CDC de Haute Saintonge","2024-10-21T00:00:00.000Z","2026-01-01T00:00:00.000Z"
"Terra Aventura - Tout le Talon du monde","5959687","Lieu","Site sportif, récréatif et de loisirs",,"Talmont-sur-Gironde","17120","17437","Charente-Maritime","Nouvelle-Aquitaine","45.53588","-0.904435",,"Royan Atlantique","2024-06-21T00:00:00.000Z","2026-01-01T00:00:00.000Z"
"Géocaching Terra Aventura : Barbezieux, la créative !","5758042","Lieu","Site sportif, récréatif et de loisirs",,"Barbezieux-Saint-Hilaire","16300","16028","Charente","Nouvelle-Aquitaine","45.47292","-0.15712","https://boutique.sudcharentetourisme.fr/billetterie","Office de tourisme du Sud Charente","2025-03-24T00:00:00.000Z","2026-01-01T00:00:00.000Z"
"Tèrra Aventura : Un bain d'eau de velours","ASCAQU086V5010TT","Produit,Lieu","Location,Pratique,Prestataire d'activité,Site sportif, récréatif et de loisirs,Service pratique","Location de matériel","La Roche-Posay","86270","86207","Vienne","Nouvelle-Aquitaine","46.7858128","0.81159811","https://www.terra-aventura.fr/","Office de Tourisme & du Thermalisme La Roche Posay","2026-06-16T00:00:00.000Z","2026-06-17T03:11:07.693Z"
"Tèrra Aventura : Mélusine est de retour !","ASCAQU086V501AE8","Produit,Lieu","Pratique,Site sportif, récréatif et de loisirs","Pratique libre","Lusignan","86600","86139","Vienne","Nouvelle-Aquitaine","46.43471","0.122455","https://www.terra-aventura.fr/parcours","Office de Tourisme de Grand Poitiers","2026-06-16T00:00:00.000Z","2026-06-17T03:11:07.693Z"
"Tèrra Aventura : L'Affaire Jaune Tournesol","ASCAQU086V501ADO","Produit,Lieu","Pratique,Site sportif, récréatif et de loisirs","Pratique libre","Saint-Benoît","86280","86214","Vienne","Nouvelle-Aquitaine","46.5498","0.33998","https://www.terra-aventura.fr/parcours","Office de Tourisme de Grand Poitiers","2026-06-16T00:00:00.000Z","2026-06-17T03:11:07.692Z"
"Tèrra Aventura : Néomaye aux pieds palmés","ASCAQU086V5012MW","Produit,Lieu","Pratique,Site sportif, récréatif et de loisirs","Pratique libre","Scorbé-Clairvaux","86140","86258","Vienne","Nouvelle-Aquitaine","46.8247652","0.41758923","https://www.tourisme-chatellerault.fr/,https://www.terra-aventura.fr/parcours","Office de Tourisme de Grand Châtellerault","2026-06-16T00:00:00.000Z","2026-06-17T03:11:07.692Z"
"Tèrra Aventura : Les jours d'Angles sont contés","ASCAQU086V5012MX","Produit,Lieu","Pratique,Site sportif, récréatif et de loisirs","Pratique libre","Angles-sur-l'Anglin","86260","86004","Vienne","Nouvelle-Aquitaine","46.694609","0.8863226","https://www.tourisme-chatellerault.fr/,https://www.terra-aventura.fr/parcours","Office de Tourisme de Grand Châtellerault","2026-06-16T00:00:00.000Z","2026-06-27T02:27:42.244Z"
"Tèrra Aventura : Hermeline, à la belle étoile...","ASCAQU087V5019YE","Produit","Pratique",,"Bussière-Galant","87230","87027","Haute-Vienne","Nouvelle-Aquitaine","45.6145837","1.03302837","https://www.terra-aventura.fr/caches/hermeline-la-belle-etoile","OT Pays de Nexon - Monts de Châlus","2026-01-01T00:00:00.000Z","2026-06-27T02:27:42.245Z"
"Séjour Terra Aventura en Terres de Chalosse","OP031AQU040V50XHJE","Produit",,,"Montfort-en-Chalosse","40380","40194","Landes","Nouvelle-Aquitaine","43.7088391","-0.8318695","https://www.lescheminsdeberdis.fr/reservation-en-ligne.html,https://www.lescheminsdeberdis.fr/,https://www.lescheminsdeberdis.fr/reservation-en-ligne.html,https://www.lescheminsdeberdis.fr/","CDT 40","2025-11-30T00:00:00.000Z","2026-01-01T00:00:00.000Z"
"Séjour Terra Aventura dans la Vallée du Kiwi","OP031AQU040V50W7SB","Produit",,,"Bélus","40300","40034","Landes","Nouvelle-Aquitaine","43.589153","-1.114072","https://naxiresa.inaxel.com/etape1-criteres.php?compte=comtesse,https://campinglacomtesse.com/,https://naxiresa.inaxel.com/etape1-criteres.php?compte=comtesse,https://campinglacomtesse.com/","CDT 40","2025-11-30T00:00:00.000Z","2026-01-01T00:00:00.000Z"
"Séjour Terra Aventura en Landes d'Armagnac","OP031AQU040V50W7U8","Produit",,,"Roquefort","40120","40245","Landes","Nouvelle-Aquitaine","44.03324","-0.32235","https://www.lestvincent.com/les-chambres,https://www.lestvincent.com/,https://www.lestvincent.com/les-chambres,https://www.lestvincent.com/","CDT 40","2025-11-30T00:00:00.000Z","2026-01-01T00:00:00.000Z"
"Terra Aventura : laisse pas tomber l'espadrille !","ASCAQU064V5BRH6E","Produit","Pratique",,"Mauléon-Licharre","64130","64371","Pyrénées-Atlantiques","Nouvelle-Aquitaine","43.21959","-0.88869","https://www.terra-aventura.fr/parcours","Office de Tourisme Pays Basque","2026-01-01T00:00:00.000Z","2026-06-27T02:27:42.244Z"
"Séjour Terra Aventura en Landes Chalosse","OP031AQU040V50W7N5","Produit",,,"Amou","40330","40002","Landes","Nouvelle-Aquitaine","43.593004","-0.747187","https://www.logishotels.com/fr/hotel/hotel-le-commerce-1316?no_dates=1,https://hotel-commerce-darracq.com/chambres-amou-chalosse-sud-landes/,https://www.logishotels.com/fr/hotel/hotel-le-commerce-1316?no_dates=1,https://hotel-commerce-darracq.com/chambres-amou-chalosse-sud-landes/","CDT 40","2025-11-28T00:00:00.000Z","2026-01-01T00:00:00.000Z"
"Séjour Terra Aventura dans les Grands Lacs","OP031AQU040V50XFNU","Produit",,,"Parentis-en-Born","40160","40217","Landes","Nouvelle-Aquitaine","44.3517677","-1.1098329","https://www.camping-calede.com/,https://www.camping-calede.com/","CDT 40","2025-11-30T00:00:00.000Z","2026-01-01T00:00:00.000Z"
"Terra Aventura : Zellé, mesfia-té...","ASCAQU024V50L0YQ","Produit","Pratique",,"Abjat-sur-Bandiat","24300","24001","Dordogne","Nouvelle-Aquitaine","45.585655","0.758199",,"Parc Naturel Régional Périgord-Limousin","2026-01-01T00:00:00.000Z","2026-06-27T02:27:42.241Z"
"Géocaching Terra Aventura - ""Cigognes à bord""","7949365","Lieu","Site sportif, récréatif et de loisirs",,"Saint-Fort-sur-Gironde","17240","17328","Charente-Maritime","Nouvelle-Aquitaine","45.429303","-0.755925","https://www.terra-aventura.fr/","CDC de Haute Saintonge","2026-08-12T00:00:00.000Z","2026-08-13T07:36:48.888Z"
"Terra Aventura : Terra sunt, ou l'or de Sorus","ASCAQU024V50F9JX","Produit","Pratique",,"Terrasson-Lavilledieu","24120","24547","Dordogne","Nouvelle-Aquitaine","45.120748","1.304517",,"Vézère Périgord Noir","2026-01-01T00:00:00.000Z","2026-01-01T00:00:00.000Z"
"Terra Aventura : ""Sous les yeux de la bonne mer""","ASCAQU033V50LKXF","Produit","Pratique",,"Plassac","33390","33325","Gironde","Nouvelle-Aquitaine","45.1023835","-0.6472453","https://www.terra-aventura.fr/","OT Blaye","2026-01-12T00:00:00.000Z","2026-01-01T00:00:00.000Z"
"Circuit Tèrra Aventura : Elu roi des menteurs !","ASCAQU047V50B273","Produit","Pratique",,"Moncrabeau","47600","47174","Lot-et-Garonne","Nouvelle-Aquitaine","44.034438","0.372022","https://albret-tourisme.com/terra-aventura-en-albret/,https://www.terra-aventura.fr/","OT de l'Albret","2026-07-31T00:00:00.000Z","2026-08-01T02:24:30.124Z"
"Circuit Tèrra Aventura : Et qué s’appelerio Garonne !","ASCAQU047V50936W","Produit","Pratique",,"Couthures-sur-Garonne","47180","47074","Lot-et-Garonne","Nouvelle-Aquitaine","44.5144758","0.07879293","https://www.valdegaronne-tourisme.com/,https://www.terra-aventura.fr/","OT Val de Garonne","2026-07-31T00:00:00.000Z","2026-08-01T02:24:30.123Z"
"Circuit Tèrra Aventura : Les reliques de Saint-Louis","ASCAQU047V5091XO","Produit","Pratique",,"Lamontjoie","47310","47133","Lot-et-Garonne","Nouvelle-Aquitaine","44.0749128","0.52099635","https://albret-tourisme.com/terra-aventura-en-albret/,https://www.terra-aventura.fr/","OT de l'Albret","2026-07-31T00:00:00.000Z","2026-08-01T02:24:30.124Z"
"Circuit Tèrra Aventura : Le chevalier Pomme d'Amour","ASCAQU047V5091Y3","Produit","Pratique",,"Marmande","47200","47157","Lot-et-Garonne","Nouvelle-Aquitaine","44.4980685","0.1653247","https://www.valdegaronne-tourisme.com/,https://www.terra-aventura.fr/","OT Val de Garonne","2026-07-31T00:00:00.000Z","2026-08-01T02:24:30.123Z"
"Circuit Tèrra Aventura : Lord in danger","ASCAQU047V5091XT","Produit","Pratique",,"Bruch","47130","47041","Lot-et-Garonne","Nouvelle-Aquitaine","44.2054372","0.41178753","https://albret-tourisme.com/terra-aventura-en-albret/,https://www.terra-aventura.fr/","OT de l'Albret","2026-07-31T00:00:00.000Z","2026-08-01T02:24:30.123Z"
"Circuit Tèrra Aventura : La tournée des grands ducs","ASCAQU047V50ARIW","Produit","Pratique",,"Lauzun","47410","47142","Lot-et-Garonne","Nouvelle-Aquitaine","44.6280903","0.45712223","http://www.paysdelauzun.com/,https://www.terra-aventura.fr/","OT du Pays de Lauzun","2026-07-31T00:00:00.000Z","2026-08-01T02:24:30.124Z"
"Terra Aventura : Quelques rayons de miel et de Sauternes","ASCAQU033V51AZ10","Produit","Pratique",,"Sauternes","33210","33504","Gironde","Nouvelle-Aquitaine","44.53088","-0.34305","http://www.lagirondedusud.com/","La Gironde du Sud","2026-08-03T00:00:00.000Z","2026-08-04T02:26:43.395Z"
"Parcours de Géocaching avec Terra Aventura ""Les durs de l'Atlantique""","ITIAQU064V5B252R","Itinéraire touristique","Itinéraire pédestre",,"Bidart","64210","64125","Pyrénées-Atlantiques","Nouvelle-Aquitaine","43.4383605","-1.5912044","http://www.bidarttourisme.com/","OT Bidart","2025-01-10T00:00:00.000Z","2026-01-01T00:00:00.000Z"
"Circuit Tèrra Aventura : Sous laplume de l'artiste","ASCAQU047V50LL7W","Produit","Pratique",,"Laplume","47310","47137","Lot-et-Garonne","Nouvelle-Aquitaine","44.1131031","0.5298053","http://www.destination-agen.fr/,https://www.terra-aventura.fr/","OT Destination Agen","2026-07-31T00:00:00.000Z","2026-08-01T02:24:30.123Z"
"Circuit Tèrra Aventura : Prayssas vous tient la grappe...","ASCAQU047V50IL52","Produit","Pratique",,"Prayssas","47360","47213","Lot-et-Garonne","Nouvelle-Aquitaine","44.2885039","0.50807023","http://www.tourisme-coeurlotetgaronne.fr/,https://www.terra-aventura.fr/","OT du Confluent et des Coteaux de Prayssas","2026-07-31T00:00:00.000Z","2026-08-01T02:24:30.123Z"
"Terra Aventura : Qui a volé la plume de Montesquieu ?","ASCAQU033V513B6G","Produit","Pratique",,"La Brède","33650","33213","Gironde","Nouvelle-Aquitaine","44.6806855","-0.5221391","http://www.sud-bordeaux-tourisme.com/","Sud Bordeaux Tourisme","2026-07-11T00:00:00.000Z","2026-07-12T02:20:17.073Z"
"Tèrra Aventura : Bon vent sur les Bords de Vienne","ASCAQU087V500JLU","Produit","Pratique",,"Limoges","87000","87085","Haute-Vienne","Nouvelle-Aquitaine","45.83401","1.27635","https://www.terra-aventura.fr/caches/bon-vent-sur-les-bords-de-vienne","OT Limoges Métropole","2025-10-18T00:00:00.000Z","2026-01-01T00:00:00.000Z"
"Géocaching Terra Aventura -Qui veille sur la « vieille dame » ?-","6549194","Lieu","Site sportif, récréatif et de loisirs",,"Montguyon","17270","17241","Charente-Maritime","Nouvelle-Aquitaine","45.216629","-0.18768","https://www.terra-aventura.fr/","CDC de Haute Saintonge","2026-08-12T00:00:00.000Z","2026-08-13T07:36:48.900Z"
"Tèrra Aventura : Parkour d'enfer au Saut de la Brame","ASCAQU087V500A8Y","Produit","Pratique",,"Val-d'Oire-et-Gartempe","87330","87028","Haute-Vienne","Nouvelle-Aquitaine","46.2772966","0.93666293","https://www.terra-aventura.fr/caches/parkour-denfer-au-saut-de-la-brame","CRT_NA","2026-01-01T00:00:00.000Z","2026-07-03T02:18:24.776Z"
"Tèrra Aventura : Glâner les sentes au-delà des tors","ASCAQU087V500AAR","Produit","Pratique",,"Saint-Junien","87200","87154","Haute-Vienne","Nouvelle-Aquitaine","45.8987414","0.90098079","https://www.terra-aventura.fr/caches/glaner-les-sentes-au-dela-des-tors","CRT_NA","2026-07-15T00:00:00.000Z","2026-07-16T02:17:48.173Z"
"Tèrra Aventura : Des viaducs à la Pars urbana d’Antone","ASCAQU087V500A9G","Produit","Pratique",,"Pierre-Buffière","87260","87119","Haute-Vienne","Nouvelle-Aquitaine","45.695309","1.35807","https://www.terra-aventura.fr/","OT Briance Sud Haute-Vienne","2026-06-26T00:00:00.000Z","2026-06-27T02:27:42.247Z"
"Tèrra Aventura : La première pierre du nouvel Oradour","ASCAQU087V500A9Z","Produit","Pratique",,"Oradour-sur-Glane","87520","87110","Haute-Vienne","Nouvelle-Aquitaine","45.9310515","1.03281758","https://www.terra-aventura.fr/caches/la-premiere-pierre-du-nouvel-oradour","CRT_NA","2026-08-07T00:00:00.000Z","2026-08-08T02:11:27.993Z"
"Tèrra Aventura : Laisser voguer les petits papiers...","ASCAQU087V5004ED","Produit","Pratique",,"Royères","87400","87129","Haute-Vienne","Nouvelle-Aquitaine","45.8636781","1.44021698","https://www.terra-aventura.fr/caches/laissez-voguer-les-petits-papiers","OT de Noblat","2026-05-21T00:00:00.000Z","2026-01-01T00:00:00.000Z"
"Geocaching Terra Aventura: Pietra e Ignis","ASCAQU019V5006JO","Produit,Lieu","Pratique,Site sportif, récréatif et de loisirs","Pratique libre","Cublac","19520","19066","Corrèze","Nouvelle-Aquitaine","45.144693","1.30619307","https://www.terra-aventura.fr/","Brive Tourisme","2026-01-01T00:00:00.000Z","2026-01-01T00:00:00.000Z"
"Geocaching Terra Aventura: Donzenac, cité médiévale","ASCAQU019V5007EU","Produit,Lieu","Pratique,Site sportif, récréatif et de loisirs","Pratique libre","Donzenac","19270","19072","Corrèze","Nouvelle-Aquitaine","45.2271717","1.52327627","https://www.terra-aventura.fr/","Brive Tourisme","2026-01-01T00:00:00.000Z","2026-01-01T00:00:00.000Z"
"Geocaching Terra Aventura: De l'eau à la Pierre du Causse","ASCAQU019V5007ET","Produit,Lieu","Pratique,Site sportif, récréatif et de loisirs","Pratique libre","Lissac-sur-Couze","19600","19117","Corrèze","Nouvelle-Aquitaine","45.0957798","1.46373529","https://www.terra-aventura.fr/","Brive Tourisme","2026-01-01T00:00:00.000Z","2026-01-01T00:00:00.000Z"
"Geocaching Terra Aventura: Vartum Aqua et grès","ASCAQU019V5007EZ","Produit,Lieu","Pratique,Site sportif, récréatif et de loisirs","Pratique libre","Vars-sur-Roseix","19130","19279","Corrèze","Nouvelle-Aquitaine","45.2594399","1.36324358","https://www.terra-aventura.fr/","Brive Tourisme","2026-01-01T00:00:00.000Z","2026-01-01T00:00:00.000Z"
"Geocaching Terra Aventura: Lissac à travers les âges","ASCAQU019V5007EX","Produit,Lieu","Pratique,Site sportif, récréatif et de loisirs","Pratique libre","Lissac-sur-Couze","19600","19117","Corrèze","Nouvelle-Aquitaine","45.0957798","1.46373529","https://www.terra-aventura.fr/","Brive Tourisme","2026-01-01T00:00:00.000Z","2026-01-01T00:00:00.000Z"
"Geocaching Terra Aventura: Les Contemplations de Saint Robert","ASCAQU019V5007EW","Produit,Lieu","Pratique,Site sportif, récréatif et de loisirs","Pratique libre","Saint-Robert","19310","19239","Corrèze","Nouvelle-Aquitaine","45.2549238","1.29357054","https://www.terra-aventura.fr/","Brive Tourisme","2026-05-11T00:00:00.000Z","2026-01-01T00:00:00.000Z"
"Geocaching : Terra Aventura - On est tombé sur un os !","5854552","Lieu","Site sportif, récréatif et de loisirs",,"Saint-Simon","16120","16352","Charente","Nouvelle-Aquitaine","45.649314","-0.075651","https://www.terra-aventura.fr/","Destination Cognac","2025-12-18T00:00:00.000Z","2026-01-01T00:00:00.000Z"
"Tèrra Aventura : Recherche cache tout confort","ASCAQU087V500ZFC","Produit","Pratique",,"Nedde","87120","87104","Haute-Vienne","Nouvelle-Aquitaine","45.7195569","1.83026684","https://www.terra-aventura.fr/caches/recherche-cache-tout-confort","OT Portes de Vassivière","2026-03-17T00:00:00.000Z","2026-07-03T02:18:24.779Z"
"Tèrra Aventura : Bien à l'aise au Pot Bouillant","ASCAQU087V500ZD8","Produit","Pratique",,"Saint-Sulpice-les-Feuilles","87160","87182","Haute-Vienne","Nouvelle-Aquitaine","46.3308753","1.31105343","https://www.terra-aventura.fr/caches/bien-laise-au-pot-bouillant","OT LIMOUSIN nouveaux horizons - Pays du Haut Limousin","2026-01-01T00:00:00.000Z","2026-07-03T02:18:24.778Z"
"Tèrra Aventura : Une roche venue des profondeurs de l’histoire","ASCAQU087V500A8W","Lieu","Site sportif, récréatif et de loisirs",,"La Roche-l'Abeille","87500","87127","Haute-Vienne","Nouvelle-Aquitaine","45.6081834","1.24300003","https://www.terra-aventura.fr/caches/une-roche-venue-des-profondeurs-de-lhistoire","OT Pays de Saint-Yrieix","2026-06-26T00:00:00.000Z","2026-06-27T02:27:42.246Z"
"Séjour Terra Aventura en Côte Landes Nature","OP031AQU040V50XADG","Produit",,,"Vielle-Saint-Girons","40560","40326","Landes","Nouvelle-Aquitaine","43.9032622","-1.2918357","http://www.legaoucher.net/,http://www.legaoucher.net/","CDT 40","2025-11-30T00:00:00.000Z","2026-01-01T00:00:00.000Z"
"Chasse au trésor Tèrra Aventura ""Touche pas à mon Pignada !""","ASCAQU064V5BN823","Produit","Pratique",,"Anglet","64600","64024","Pyrénées-Atlantiques","Nouvelle-Aquitaine","43.5279106","-1.521449","https://www.terra-aventura.fr/caches/touche-pas-mon-pignada","OT Anglet","2026-08-14T00:00:00.000Z","2026-08-15T01:44:22.525Z"
"Tèrra Aventura ""Fais pas l'âne !"" à Sainte-Néomaye","ASCAQU079V502WS7","Produit,Lieu","Pratique,Site sportif, récréatif et de loisirs",,"Sainte-Néomaye","79260","79283","Deux-Sèvres","Nouvelle-Aquitaine","46.37204","-0.2623","https://www.terra-aventura.fr/","OT Haut Val De Sèvre","2024-12-02T00:00:00.000Z","2026-01-01T00:00:00.000Z"
"Terra Aventura Peyrehorade : Ki dit wi !","ASCAQU040V50QVM1","Produit","Pratique",,"Peyrehorade","40300","40224","Landes","Nouvelle-Aquitaine","43.543885","-1.1033384",,"OT Pays d'Orthe et Arrigans","2025-07-10T00:00:00.000Z","2026-01-01T00:00:00.000Z"
"Tèrra Aventura : « Lo Mossur » est passé par ici...","ASCAQU064V5B5MRI","Produit,Lieu","Pratique,Site sportif, récréatif et de loisirs",,"Etsaut","64490","64223","Pyrénées-Atlantiques","Nouvelle-Aquitaine","42.9121881","-0.5711951","https://www.terra-aventura.fr/","Office de Tourisme du Haut-Béarn","2026-01-01T00:00:00.000Z","2026-06-27T02:27:42.241Z"
"Tèrra Aventura : ""Saint-Grat, tous évêque toi !""","ASCAQU064V5B5KPY","Produit,Lieu","Pratique,Site sportif, récréatif et de loisirs",,"Oloron-Sainte-Marie","64400","64422","Pyrénées-Atlantiques","Nouvelle-Aquitaine","43.1906119","-0.6107313","https://www.terra-aventura.fr/","Office de Tourisme du Haut-Béarn","2026-01-01T00:00:00.000Z","2026-06-27T02:27:42.242Z"
"Terra Aventura ""Hissez-haut, vallée d'Ossau""","ASCAQU064V5B5KVP","Produit","Pratique",,"Gère-Bélesten","64260","64240","Pyrénées-Atlantiques","Nouvelle-Aquitaine","43.026902","-0.430964","https://www.terra-aventura.fr/","OT Vallée d'Ossau Pyrénées","2026-01-03T00:00:00.000Z","2026-06-27T02:27:42.243Z"
"Tèrra Aventura : Montfort, y'a pas plus fort !","ASCAQU040V50RE3V","Produit","Pratique",,"Montfort-en-Chalosse","40380","40194","Landes","Nouvelle-Aquitaine","43.715734","-0.8339831","http://www.chalosse.fr/","OT Terres de Chalosse","2026-01-01T00:00:00.000Z","2026-01-01T00:00:00.000Z"
"Circuit Tèrra Aventura - Laparade prend la relève !","ASCAQU047V50BY2G","Produit","Pratique",,"Laparade","47260","47135","Lot-et-Garonne","Nouvelle-Aquitaine","44.3873958","0.44694524","http://www.tourisme-coeurlotetgaronne.fr/,https://www.terra-aventura.fr/","OT Vallée du Lot et Garonne","2026-07-31T00:00:00.000Z","2026-08-01T02:24:30.123Z"
"Circuit Tèrra Aventura : Tournon autour de la lune","ASCAQU047V50EFV1","Produit","Pratique",,"Tournon-d'Agenais","47370","47312","Lot-et-Garonne","Nouvelle-Aquitaine","44.399964","0.99574734","http://www.tourisme-fumel.com/,https://www.terra-aventura.fr/","OT Vallée du Lot et Garonne","2026-07-31T00:00:00.000Z","2026-08-01T02:24:30.124Z"
"Circuit Tèrra Aventura : Géraud des temps modernes","ASCAQU047V50EFV7","Produit","Pratique",,"Monsempron-Libos","47500","47179","Lot-et-Garonne","Nouvelle-Aquitaine","44.5040309","0.9295234","http://www.tourisme-fumel.com/,https://www.terra-aventura.fr/","OT Vallée du Lot et Garonne","2026-07-31T00:00:00.000Z","2026-08-01T02:24:30.124Z"
"Terra Aventura à La Réole : ""Où est Charlut"" ?","ASCAQU033V50UW5I","Produit","Pratique",,"La Réole","33190","33352","Gironde","Nouvelle-Aquitaine","44.5800499","-0.0408191","https://www.entredeuxmers.com/,https://www.terra-aventura.fr/","OT de l'Entre-deux-Mers","2026-07-31T00:00:00.000Z","2026-08-01T02:24:30.123Z"
"Chasse aux trésors Tèrra Aventura : Les griffes de Chizé","ASCAQU079V501MWY","Produit,Lieu","Pratique,Site sportif, récréatif et de loisirs","Pratique libre","Chef-Boutonne","79360","79083","Deux-Sèvres","Nouvelle-Aquitaine","46.1448733","-0.3953857","https://www.terra-aventura.fr/caches?title=&thematic=All&season=All&quests=All&field_maintenance_value=All&difficulty=All&kilometers=All&field_department=79&field_city=&field_start_point_proximity=0","OT Pays Mellois","2026-01-01T00:00:00.000Z","2026-01-01T00:00:00.000Z"
"Géocaching Tèrra Aventura ""Ma campagne au Canada"" - Cerizay","ASCAQU079V501RH6","Produit,Lieu","Pratique,Site sportif, récréatif et de loisirs",,"Cerizay","79140","79062","Deux-Sèvres","Nouvelle-Aquitaine","46.818879","-0.667182","https://www.tourisme-bocage.com/explorer/un-terrain-de-jeu-terra-aventura,https://www.terra-aventura.fr/caches/ma-campagne-au-canada","OT Bocage Bressuirais","2026-06-19T00:00:00.000Z","2026-06-20T02:11:56.210Z"
"Chasse aux trésors Tèrra Aventura : ""Le blues du pèlerin""","ASCAQU079V500G78","Produit,Lieu","Pratique,Site sportif, récréatif et de loisirs","Pratique libre","Parthenay","79200","79202","Deux-Sèvres","Nouvelle-Aquitaine","46.6518224","-0.2474525","https://www.terra-aventura.fr/","CC Parthenay Gâtine","2026-06-28T00:00:00.000Z","2026-07-03T02:18:24.780Z"
"Terra Aventura à Gujan-Mestras : Un Poï’z à la mer","ASCAQU033V50QT9P","Produit","Pratique",,"Gujan-Mestras","33470","33199","Gironde","Nouvelle-Aquitaine","44.641706","-1.077324",,"OT Gujan-Mestras","2026-01-22T00:00:00.000Z","2026-01-01T00:00:00.000Z"
"Terra Aventura : ""Echappée belle en Pays Gabaye""","ASCAQU033V50QT8L","Produit","Pratique",,"Saint-Savin","33920","33473","Gironde","Nouvelle-Aquitaine","45.139755","-0.44437","https://www.terra-aventura.fr/","OT Latitude Nord Gironde","2026-06-17T00:00:00.000Z","2026-06-18T02:29:42.873Z"
"Géocaching Terra Aventura : In Vigny Veritas","6876546","Lieu","Site sportif, récréatif et de loisirs",,"Coteaux-du-Blanzacais","16250","16046","Charente","Nouvelle-Aquitaine","45.475537","0.03175","https://www.sudcharentetourisme.fr/","Office de tourisme du Sud Charente","2025-02-19T00:00:00.000Z","2026-01-01T00:00:00.000Z"
"Tèrra Aventura : Ruée vers l'or des bois !","ASCAQU033V517X82","Produit","Pratique",,"Carcans","33121","33097","Gironde","Nouvelle-Aquitaine","45.0781728","-1.0459211","https://www.terra-aventura.fr/","OT Médoc Atlantique","2026-03-05T00:00:00.000Z","2026-06-27T02:27:42.244Z"
"Séjour Terra Aventura au coeur de la forêt landaise","OP031AQU040V50YVIT","Produit",,,"Lesperon","40260","40152","Landes","Nouvelle-Aquitaine","43.9672709","-1.1295372",,"CDT 40","2026-01-14T00:00:00.000Z","2026-01-01T00:00:00.000Z"
"Terra Aventura : Quelque chose ne ""tourbe"" pas rond","ASCAQU087V5020JF","Produit","Pratique",,"Saint-Léger-la-Montagne","87340","87159","Haute-Vienne","Nouvelle-Aquitaine","46.01334","1.41652","https://www.terra-aventura.fr/caches/quelque-chose-ne-tourbe-pas-rond","Terres de Limousin","2026-08-06T00:00:00.000Z","2026-08-07T03:18:51.224Z"
"Séjour Terra Aventura à vélo sur la côte landaise","OP031AQU040V50YVF7","Produit",,,"Messanges","40660","40181","Landes","Nouvelle-Aquitaine","43.7984077","-1.3760504","https://reservation.secureholiday.net/fr/4876,https://www.lesacacias.com/,https://reservation.secureholiday.net/fr/4876,https://www.lesacacias.com/","CDT 40","2025-12-02T00:00:00.000Z","2026-01-01T00:00:00.000Z"
"Tèrra Aventura vélo : ""Arrête ton char, Batistou !""","ASCAQU064V5BDZ5S","Produit,Lieu","Pratique,Site sportif, récréatif et de loisirs","Pratique libre","Géronce","64400","64241","Pyrénées-Atlantiques","Nouvelle-Aquitaine","43.139094","-0.588186","https://www.terra-aventura.fr/","Office de Tourisme du Haut-Béarn","2026-01-01T00:00:00.000Z","2026-01-01T00:00:00.000Z"
"Chasse aux trésors Tèrra Aventura : ""En quête de pierres ""","ASCAQU079V503V3B","Produit,Lieu","Pratique,Site sportif, récréatif et de loisirs",,"Exoudun","79800","79115","Deux-Sèvres","Nouvelle-Aquitaine","46.3442317","-0.0804041","https://www.terra-aventura.fr/caches?title=&thematic=All&season=All&quests=All&field_maintenance_value=All&difficulty=All&kilometers=All&field_department=79&field_city=&field_start_point_proximity=0","OT Pays Mellois","2024-12-02T00:00:00.000Z","2026-01-01T00:00:00.000Z"
"Circuit Terra Aventura - « Halez » à la vitesse supérieure !","ASCAQU047V50HZRO","Produit","Pratique",,"Fourques-sur-Garonne","47200","47101","Lot-et-Garonne","Nouvelle-Aquitaine","44.44962","0.16002","https://www.valdegaronne-tourisme.com/,https://www.terra-aventura.fr/","OT Val de Garonne","2026-07-31T00:00:00.000Z","2026-08-01T02:24:30.124Z"
"Tèrra Aventura : Aux Grands Mots, les Grands Remèdes","ASCAQU086V50069H","Produit,Lieu","Pratique,Site sportif, récréatif et de loisirs","Pratique libre","Loudun","86200","86137","Vienne","Nouvelle-Aquitaine","47.01053","0.08309","https://www.terra-aventura.fr/parcours","Office de Tourisme du Pays Loudunais","2026-06-16T00:00:00.000Z","2026-06-17T03:11:07.692Z"
"Circuit Tèrra Aventura : A la croisée des z'Albigeois","ASCAQU047V50DOE2","Produit","Pratique",,"Penne-d'Agenais","47140","47203","Lot-et-Garonne","Nouvelle-Aquitaine","44.388365","0.81891466","http://www.tourisme-fumel.com/,https://www.terra-aventura.fr/","OT Vallée du Lot et Garonne","2026-07-31T00:00:00.000Z","2026-08-01T02:24:30.124Z"
"Circuit Tèrra Aventura : Des z'assaillants fins gourmets","ASCAQU047V50DJXS","Produit","Pratique",,"Gavaudun","47150","47109","Lot-et-Garonne","Nouvelle-Aquitaine","44.567486","0.887399","http://www.coeurdebastides.com/,https://www.terra-aventura.fr/","OT Coeur de Bastides","2026-04-20T00:00:00.000Z","2026-01-01T00:00:00.000Z"
"Circuit Tèrra Aventura : Du rififi au Pont Canal","ASCAQU047V50DWJJ","Produit","Pratique",,"Agen","47000","47001","Lot-et-Garonne","Nouvelle-Aquitaine","44.200989","0.631076","http://www.destination-agen.fr/,https://www.terra-aventura.fr/","ADRT47","2026-07-31T00:00:00.000Z","2026-08-01T02:24:30.123Z"
"Circuit Tèrra Aventura : Chevauchée en Pays de Serres","ASCAQU047V50DWK2","Produit","Pratique",,"Beauville","47470","47025","Lot-et-Garonne","Nouvelle-Aquitaine","44.2765645","0.88114442","http://www.destination-agen.com/,https://www.terra-aventura.fr/","ADRT47","2026-07-31T00:00:00.000Z","2026-08-01T02:24:30.123Z"
"Terra Aventura : Un avant-goût du Périgord-Limousin","ASCAQU024V50F9PG","Produit","Pratique",,"La Coquille","24450","24133","Dordogne","Nouvelle-Aquitaine","45.5569294","1.00463224","https://www.pnr-perigord-limousin.fr/decouvrir-le-parc/randonnees-velos-et-balades/terra-aventura/","Parc Naturel Régional Périgord-Limousin","2026-01-01T00:00:00.000Z","2026-01-01T00:00:00.000Z"
"Géocaching Tèrra Aventura ""La Corbelière des z'ombres"" - Moulins","ASCAQU079V501RHX","Produit,Lieu","Pratique,Site sportif, récréatif et de loisirs",,"Mauléon","79700","79079","Deux-Sèvres","Nouvelle-Aquitaine","46.952516","-0.794335","https://www.terra-aventura.fr/caches/la-corbeliere-des-zombres,https://www.tourisme-bocage.com/explorer/un-terrain-de-jeu-terra-aventura","OT Bocage Bressuirais","2026-06-19T00:00:00.000Z","2026-06-20T02:11:56.210Z"
"Terra Aventura : L'Or Noir du pays de Born","ASCAQU040V50KC82","Produit,Lieu","Pratique,Site sportif, récréatif et de loisirs",,"Parentis-en-Born","40160","40217","Landes","Nouvelle-Aquitaine","44.3430963","-1.0982383","https://www.terra-aventura.fr/","OT Grands Lacs","2026-01-01T00:00:00.000Z","2026-01-01T00:00:00.000Z"
"Tèrra Aventura - Contre vents z'et marais","6180427","Lieu","Site sportif, récréatif et de loisirs",,"Saint-Augustin","17570","17311","Charente-Maritime","Nouvelle-Aquitaine","45.677732","-1.100135",,"Royan Atlantique","2023-01-17T00:00:00.000Z","2026-01-01T00:00:00.000Z"
"Tèrra Aventura : Coup de Pagaie en Vives Z'Eaux","ASCAQU086V50181U","Produit,Lieu","Pratique,Site sportif, récréatif et de loisirs","Pratique libre","Vivonne","86370","86293","Vienne","Nouvelle-Aquitaine","46.4261267","0.2631896","https://www.terra-aventura.fr/parcours","Office de Tourisme des Vallées du Clain","2026-06-16T00:00:00.000Z","2026-06-17T03:11:07.693Z"
"Terra Aventura de Gourette - Les Géo’ font du ski","ASCAQU064V5AIS2A","Produit","Pratique",,"Eaux-Bonnes","64440","64204","Pyrénées-Atlantiques","Nouvelle-Aquitaine","42.9521554","-0.3417868","https://www.terra-aventura.fr/","OT Vallée d'Ossau Pyrénées","2026-06-20T00:00:00.000Z","2026-06-21T02:02:28.350Z"
"Géocaching Tèrra Aventura ""Terminus à Hautibus"" - Argentonnay","ASCAQU079V5017RA","Produit,Lieu","Pratique,Site sportif, récréatif et de loisirs",,"Argentonnay","79150","79013","Deux-Sèvres","Nouvelle-Aquitaine","46.9849454","-0.445644","https://www.tourisme-bocage.com/explorer/un-terrain-de-jeu-terra-aventura,https://www.terra-aventura.fr/caches/prochain-arret-la-cache","OT Bocage Bressuirais","2026-06-22T00:00:00.000Z","2026-06-23T02:17:22.254Z"
"Géocaching Tèrra Aventura ""L'éveil des chirons"" - Largeasse","ASCAQU079V501QI5","Produit,Lieu","Pratique,Site sportif, récréatif et de loisirs",,"Largeasse","79240","79147","Deux-Sèvres","Nouvelle-Aquitaine","46.6606589","-0.5286804","https://www.tourisme-bocage.com/explorer/un-terrain-de-jeu-terra-aventura,https://www.terra-aventura.fr/caches/leveil-des-chirons","OT Bocage Bressuirais","2026-06-19T00:00:00.000Z","2026-06-20T02:11:56.210Z"
"Terra Aventura : La Folle quête de Sainte Quitterie","ASCAQU040V50KC88","Produit,Lieu","Pratique,Site sportif, récréatif et de loisirs",,"Gastes","40160","40108","Landes","Nouvelle-Aquitaine","44.3285215","-1.1490125","https://www.terra-aventura.fr/","OT Grands Lacs","2024-11-17T00:00:00.000Z","2026-01-01T00:00:00.000Z"
"Chasse aux trésors Tèrra Aventura : ""Le vent tourne ""","ASCAQU079V501MWQ","Produit,Lieu","Pratique,Site sportif, récréatif et de loisirs",,"Chef-Boutonne","79110","79083","Deux-Sèvres","Nouvelle-Aquitaine","46.1092122","-0.0825891","https://www.terra-aventura.fr/caches?title=&thematic=All&season=All&quests=All&field_maintenance_value=All&difficulty=All&kilometers=All&field_department=79&field_city=&field_start_point_proximity=0","OT Pays Mellois","2026-01-01T00:00:00.000Z","2026-01-01T00:00:00.000Z"
"Chasse aux trésors Tèrra Aventura : ""Vive la Rosière ""","ASCAQU079V501MWN","Produit,Lieu","Pratique,Site sportif, récréatif et de loisirs",,"La Mothe-Saint-Héray","79800","79184","Deux-Sèvres","Nouvelle-Aquitaine","46.3601281","-0.1163237","https://www.terra-aventura.fr/caches?title=&thematic=All&season=All&quests=All&field_maintenance_value=All&difficulty=All&kilometers=All&field_department=79&field_city=&field_start_point_proximity=0","OT Pays Mellois","2026-01-01T00:00:00.000Z","2026-01-01T00:00:00.000Z"
"Circuit Terra Aventura - La « P.I.G.N.E » a besoin de vous !","ASCAQU040V514IUQ","Produit","Pratique",,"Rion-des-Landes","40370","40243","Landes","Nouvelle-Aquitaine","43.933607","-0.920563",,"OT Tartas","2026-07-27T00:00:00.000Z","2026-07-28T02:24:08.491Z"
"Tèrra Aventura - L'Oiseau Bleu du Roy Yan","5959590","Lieu","Site sportif, récréatif et de loisirs",,"Royan","17200","17306","Charente-Maritime","Nouvelle-Aquitaine","45.61617","-1.008733",,"Royan Atlantique","2026-07-28T00:00:00.000Z","2026-07-29T06:59:25.384Z"
"Chasse aux trésors Tèrra Aventura : ""Les murs ont des oreilles""","ASCAQU079V501LO3","Produit,Lieu","Pratique,Site sportif, récréatif et de loisirs",,"Sauzé-Vaussais","79190","79307","Deux-Sèvres","Nouvelle-Aquitaine","46.1522756","0.14249131","https://www.terra-aventura.fr/caches?title=&thematic=All&season=All&quests=All&field_maintenance_value=All&difficulty=All&kilometers=All&field_department=79&field_city=&field_start_point_proximity=0","OT Pays Mellois","2026-01-01T00:00:00.000Z","2026-01-01T00:00:00.000Z"
"Géocaching Tèrra Aventura ""La botte secrète"" - Mauléon","ASCAQU079V500WD2","Produit,Lieu","Pratique,Site sportif, récréatif et de loisirs",,"Mauléon","79700","79079","Deux-Sèvres","Nouvelle-Aquitaine","46.9275456","-0.7581695","https://www.tourisme-bocage.com/explorer/un-terrain-de-jeu-terra-aventura,https://www.terra-aventura.fr/caches/la-botte-secrete","OT Bocage Bressuirais","2026-06-19T00:00:00.000Z","2026-06-20T02:11:56.211Z"
"Chasse aux trésors Tèrra Aventura : ""Les Z'enfant du Marais""","ASCAQU079V502BQE","Produit,Lieu","Pratique,Site sportif, récréatif et de loisirs","Pratique libre","Chérigné","79170","79085","Deux-Sèvres","Nouvelle-Aquitaine","46.122082","-0.171591","https://www.terra-aventura.fr/caches?title=&thematic=All&season=All&quests=All&field_maintenance_value=All&difficulty=All&kilometers=All&field_department=79&field_city=&field_start_point_proximity=0","OT Pays Mellois","2026-01-01T00:00:00.000Z","2026-01-01T00:00:00.000Z"
"Chasse aux trésors Tèrra Aventura : ""Cébron pour les Z'abdos !""","ASCAQU079V50110F","Produit,Lieu","Pratique,Site sportif, récréatif et de loisirs","Pratique libre","Louin","79600","79156","Deux-Sèvres","Nouvelle-Aquitaine","46.7767488","-0.1690338","https://www.terra-aventura.fr/","CC Airvaudais Val du Thouet","2026-06-28T00:00:00.000Z","2026-06-29T02:07:01.336Z"
"Tèrra Aventura ""On ira tous en Acadie"" à Augé","ASCAQU079V502B4G","Produit","Pratique",,"Augé","79400","79020","Deux-Sèvres","Nouvelle-Aquitaine","46.438858","-0.287701","https://www.terra-aventura.fr/caches?title=&thematic=All&season=All&quests=All&field_maintenance_value=All&difficulty=All&kilometers=All&field_department=79&field_city=&field_start_point_proximity=0","OT Haut Val De Sèvre","2026-01-01T00:00:00.000Z","2026-01-01T00:00:00.000Z"
"Terra Aventura ""Bayonne a trouvé la fève""","ASCAQU064V5AQAO0","Produit","Pratique",,"Bayonne","64100","64102","Pyrénées-Atlantiques","Nouvelle-Aquitaine","43.4942325","-1.4785394","https://www.terra-aventura.fr/","OT Bayonne","2026-01-13T00:00:00.000Z","2026-01-01T00:00:00.000Z"
"Terra Aventura ""Chacun cherche son style""","ASCAQU064V5AQBBO","Produit","Pratique",,"Bayonne","64100","64102","Pyrénées-Atlantiques","Nouvelle-Aquitaine","43.4942325","-1.4785394","https://www.terra-aventura.fr/","OT Bayonne","2026-01-13T00:00:00.000Z","2026-01-01T00:00:00.000Z"
"Géocaching Tèrra Aventura ""Du Beaumont au château"" - Bressuire","ASCAQU079V501QH1","Produit,Lieu","Pratique,Site sportif, récréatif et de loisirs",,"Bressuire","79300","79049","Deux-Sèvres","Nouvelle-Aquitaine","46.8415935","-0.4992249","https://www.tourisme-bocage.com/explorer/un-terrain-de-jeu-terra-aventura,https://www.terra-aventura.fr/caches/du-beaumont-au-chateau","OT Bocage Bressuirais","2026-06-22T00:00:00.000Z","2026-06-23T02:17:22.254Z"
"Chasse aux trésors Tèrra Aventura : ""Restez de marbre""","ASCAQU079V501IV2","Produit,Lieu","Pratique,Site sportif, récréatif et de loisirs","Pratique libre","Ardin","79160","79012","Deux-Sèvres","Nouvelle-Aquitaine","46.474894","-0.557308","https://www.terra-aventura.fr/caches?title=&thematic=All&season=All&quests=All&field_maintenance_value=All&difficulty=All&kilometers=All&field_department=79&field_city=&field_start_point_proximity=0","CC Val de Gâtine","2026-06-28T00:00:00.000Z","2026-07-03T02:18:24.777Z"
"Terra Aventura à Monségur : ""Fortune compte pas pour des prunes""","ASCAQU033V50WZF5","Produit","Pratique",,"Monségur","33580","33289","Gironde","Nouvelle-Aquitaine","44.654179","0.077504","https://www.terra-aventura.fr/,https://www.entredeuxmers.com/","OT de l'Entre-deux-Mers","2026-07-31T00:00:00.000Z","2026-08-01T02:24:30.123Z"
"Chasse aux trésors Tèrra Aventura : ""Sur les pas d'Aldéarde d'Aulnay""","ASCAQU079V501HTQ","Produit,Lieu","Pratique,Site sportif, récréatif et de loisirs","Pratique libre","Airvault","79600","79005","Deux-Sèvres","Nouvelle-Aquitaine","46.823055","-0.195275","https://www.terra-aventura.fr/","CC Airvaudais Val du Thouet","2026-07-21T00:00:00.000Z","2026-07-22T02:27:51.854Z"
"Géocaching Tèrra-Aventura : ""La Cour de France à vélo !""","ASCAQU079V5027PY","Produit,Lieu","Pratique,Site sportif, récréatif et de loisirs",,"Échiré","79410","79109","Deux-Sèvres","Nouvelle-Aquitaine","46.3775529","-0.4696017","https://www.terra-aventura.fr/caches?title=&thematic=All&season=All&quests=All&field_maintenance_value=All&difficulty=All&kilometers=All&field_department=79&field_city=&field_start_point_proximity=0","OT Niort Marais Poitevin","2026-01-01T00:00:00.000Z","2026-01-01T00:00:00.000Z"
"Géocaching Tèrra-Aventura : ""Zéroïk entre en lice !""","ASCAQU079V5027IN","Produit,Lieu","Pratique,Site sportif, récréatif et de loisirs",,"Échiré","79410","79109","Deux-Sèvres","Nouvelle-Aquitaine","46.4071869","-0.4262805","https://www.terra-aventura.fr/caches?title=&thematic=All&season=All&quests=All&field_maintenance_value=All&difficulty=All&kilometers=All&field_department=79&field_city=&field_start_point_proximity=0","OT Niort Marais Poitevin","2024-12-02T00:00:00.000Z","2026-01-01T00:00:00.000Z"
"Circuit Tèrra Aventura : La boulette de Saint-Sardos...","ASCAQU047V50FFA0","Produit","Pratique",,"Saint-Sardos","47360","47276","Lot-et-Garonne","Nouvelle-Aquitaine","44.338999","0.491196","http://www.tourisme-coeurlotetgaronne.fr/,https://www.terra-aventura.fr/","OT du Confluent et des Coteaux de Prayssas","2026-07-31T00:00:00.000Z","2026-08-01T02:24:30.123Z"
"Géocaching Terra Aventura : Zabeth dans les couloirs du temps","5684404","Lieu","Site sportif, récréatif et de loisirs",,"La Rochefoucauld-en-Angoumois","16110","16281","Charente","Nouvelle-Aquitaine","45.742192","0.382183","https://tourisme.rochefoucauld-perigord.fr/,http://terra-aventura.fr/","Office de Tourisme La Rochefoucauld Porte du Périgord","2020-12-04T00:00:00.000Z","2026-01-01T00:00:00.000Z"
"Géocaching Terra Aventura : Mère Nature, en baskets","5685307","Lieu","Site sportif, récréatif et de loisirs",,"Eymouthiers","16220","16135","Charente","Nouvelle-Aquitaine","45.658413","0.554596","http://terra-aventura.fr/","Office de Tourisme La Rochefoucauld Porte du Périgord","2020-12-07T00:00:00.000Z","2026-01-01T00:00:00.000Z"
"Géocaching Terra Aventura : A la pierre et au moulin","5684350","Lieu","Site sportif, récréatif et de loisirs",,"Moulins-sur-Tardoire","16220","16406","Charente","Nouvelle-Aquitaine","45.688759","0.420224","http://terra-aventura.fr/","Office de Tourisme La Rochefoucauld Porte du Périgord","2024-07-02T00:00:00.000Z","2026-01-01T00:00:00.000Z"
"Tèrra Aventura - Parcours éphémère à la Cité de la BD","7863870","Lieu","Site sportif, récréatif et de loisirs",,"Angoulême","16000","16015","Charente","Nouvelle-Aquitaine","45.654996","0.150871","https://www.terra-aventura.fr/","Office de Tourisme du Pays d'Angoulême","2026-06-08T00:00:00.000Z","2026-01-01T00:00:00.000Z"
"Geocaching : Terra Aventura - La Belle au lin dormant","7887481","Lieu","Site sportif, récréatif et de loisirs",,"Lignières-Ambleville","16130","16186","Charente","Nouvelle-Aquitaine","45.559256","-0.181872","https://www.terra-aventura.fr/","Destination Cognac","2026-06-19T00:00:00.000Z","2026-06-20T06:14:38.365Z"
"Terra Aventura - Saint-Palais : De force et de Navarre...","ASCAQU064V5C9S5R","Produit","Pratique",,"Saint-Palais","64120","64493","Pyrénées-Atlantiques","Nouvelle-Aquitaine","43.3262372","-1.0347317","https://www.terra-aventura.fr/","Office de Tourisme Pays Basque","2026-01-01T00:00:00.000Z","2026-01-01T00:00:00.000Z"
"Terra Aventura - Hasparren a un incroyable Talon !","ASCAQU064V5C9SEJ","Produit","Pratique",,"Hasparren","64240","64256","Pyrénées-Atlantiques","Nouvelle-Aquitaine","43.383952","-1.30525","https://www.terra-aventura.fr/","Office de Tourisme Pays Basque","2026-02-01T00:00:00.000Z","2026-01-01T00:00:00.000Z"
"Tèrra Aventura (vélo) - Moulinez Marais - Marennes","7443689","Lieu","Site sportif, récréatif et de loisirs",,"Marennes-Hiers-Brouage","17320","17219","Charente-Maritime","Nouvelle-Aquitaine","45.819364","-1.136684","https://www.terra-aventura.fr/","Office de Tourisme de l'île d'Oléron et du bassin de Marennes","2025-10-04T00:00:00.000Z","2026-01-01T00:00:00.000Z"
"Tèrra Aventura - Back to the fifties !","5772243","Lieu","Site sportif, récréatif et de loisirs",,"Royan","17200","17306","Charente-Maritime","Nouvelle-Aquitaine","45.61788","-1.031773",,"Royan Atlantique","2023-01-17T00:00:00.000Z","2026-01-01T00:00:00.000Z"
"Circuit Terra Aventura - Faites chauffer la colle !","ASCAQU040V50SGCV","Produit","Pratique",,"Tartas","40400","40313","Landes","Nouvelle-Aquitaine","43.8302969","-0.8130051",,"OT Tartas","2026-07-23T00:00:00.000Z","2026-07-24T02:22:22.602Z"
"Terra Aventura, Les Gonds : ça rigole dans le marais !","5863092","Lieu","Site sportif, récréatif et de loisirs",,"Les Gonds","17100","17179","Charente-Maritime","Nouvelle-Aquitaine","45.715433","-0.617905","http://terra-aventura.fr/","Office de Tourisme de Saintes & la Saintonge","2024-02-22T00:00:00.000Z","2026-07-04T06:08:31.884Z"
"Tèrra Aventura - Geocaching ""Zegraff en manque d'inspi""","5899506","Lieu","Site sportif, récréatif et de loisirs",,"Angoulême","16000","16015","Charente","Nouvelle-Aquitaine","45.653403","0.164957","https://www.terra-aventura.fr/","Office de Tourisme du Pays d'Angoulême","2026-07-08T00:00:00.000Z","2026-07-09T06:36:41.443Z"
"Terra Aventura : Deux z’heures de Côle avec Ziclou !","ASCAQU024V50I4PP","Produit,Lieu","Pratique,Site sportif, récréatif et de loisirs","Pratique libre","Mialet","24450","24269","Dordogne","Nouvelle-Aquitaine","45.55","0.9044","https://www.perigord-limousin-tourisme.com/decouvrez-nos-pepites/terra-aventura-l-incroyable-chasse-aux-tresors/","Isle-Auvézère","2026-01-01T00:00:00.000Z","2026-06-27T02:27:42.239Z"
"Tèrra aventura - Géochaching ""La petite reine des z’écluses""","5899508","Lieu","Site sportif, récréatif et de loisirs",,"Fléac","16730","16138","Charente","Nouvelle-Aquitaine","45.668806","0.115562","https://www.terra-aventura.fr/","Office de Tourisme du Pays d'Angoulême","2026-07-21T00:00:00.000Z","2026-07-22T07:26:14.286Z"
"Tèrra Aventura : Monbazillac : L'Or du Périgord : j'adore !","ASCAQU024V50OPPM","Produit","Pratique",,"Monbazillac","24240","24274","Dordogne","Nouvelle-Aquitaine","44.793529","0.492161","https://www.terra-aventura.fr/caches/bergerac-cest-un-pic-cest-un-cap","Pays de Bergerac, Vignoble & Bastides","2026-07-12T00:00:00.000Z","2026-07-13T02:12:10.890Z"
"Géocaching Terra Aventura - ""Garde la pêche avec Prosper !""","7125953","Lieu","Site sportif, récréatif et de loisirs",,"Salignac-sur-Charente","17800","17418","Charente-Maritime","Nouvelle-Aquitaine","45.672368","-0.422473","https://www.terra-aventura.fr/","CDC de Haute Saintonge","2024-10-21T00:00:00.000Z","2026-01-01T00:00:00.000Z"
"Geocaching : Terra Aventura - La fable des trois chabots","5700296","Lieu","Site sportif, récréatif et de loisirs",,"Jarnac","16200","16167","Charente","Nouvelle-Aquitaine","45.681389","-0.173917","https://www.terra-aventura.fr/","Destination Cognac","2025-12-18T00:00:00.000Z","2026-01-01T00:00:00.000Z"
"Tèrra Aventura : Salies, au pays des mers veille","ASCAQU064V5A9C0X","Produit","Pratique",,"Salies-de-Béarn","64270","64499","Pyrénées-Atlantiques","Nouvelle-Aquitaine","43.4706548","-0.9251184",,"OT Béarn des Gaves","2026-01-01T00:00:00.000Z","2026-01-01T00:00:00.000Z"
"Géocaching Terra Aventura : Pau, c’est royal !","ASCAQU064V5A8UGR","Produit","Pratique",,"Pau","64000","64445","Pyrénées-Atlantiques","Nouvelle-Aquitaine","43.294134","-0.376122","https://www.terra-aventura.fr/","OT Pau","2026-01-01T00:00:00.000Z","2026-01-01T00:00:00.000Z"
"Terra Aventura : ""A vos chais en Côtes de Bourg""","ASCAQU033V50QUVN","Produit","Pratique",,"Bourg","33710","33067","Gironde","Nouvelle-Aquitaine","45.04027","-0.555377","http://www.bbte.fr/","Bourg Cubzaguais Tourisme","2026-03-30T00:00:00.000Z","2026-01-01T00:00:00.000Z"
"Geocaching Terra Aventura: L’affaire est d’Al’sac !","ASCAQU019V503ZG7","Produit,Lieu","Pratique,Site sportif, récréatif et de loisirs","Pratique libre","Allassac","19240","19005","Corrèze","Nouvelle-Aquitaine","45.25562","1.47675","https://www.terra-aventura.fr/","Brive Tourisme","2026-01-01T00:00:00.000Z","2026-01-01T00:00:00.000Z"
"Terra Aventura : Tout est bon dans l'marron !","ASCAQU024V50MPX5","Produit","Pratique",,"Villefranche-du-Périgord","24550","24585","Dordogne","Nouvelle-Aquitaine","44.63093","1.07696",,"Périgord Noir Vallée Dordogne","2026-01-01T00:00:00.000Z","2026-01-01T00:00:00.000Z"
"Geocaching : Terra Aventura - Sur les remparts de la cité blanche","5700357","Lieu","Site sportif, récréatif et de loisirs",,"Cognac","16100","16102","Charente","Nouvelle-Aquitaine","45.692935","-0.32589","https://www.terra-aventura.fr/","Destination Cognac","2025-12-18T00:00:00.000Z","2026-01-01T00:00:00.000Z"
"Terra Aventura : Saint Vincent à toutes berzingues","ASCAQU040V50RL8R","Produit","Pratique",,"Saint-Vincent-de-Paul","40990","40283","Landes","Nouvelle-Aquitaine","43.7417045","-0.9999829","https://www.terra-aventura.fr/","OT Grand Dax","2025-01-10T00:00:00.000Z","2026-01-01T00:00:00.000Z"
"Terra Aventura : Compostelle fait son numéro !","ASCAQU040V50RL91","Produit","Pratique",,"Saint-Paul-lès-Dax","40990","40279","Landes","Nouvelle-Aquitaine","43.7233079","-1.0539273","https://www.terra-aventura.fr/","OT Grand Dax","2025-01-10T00:00:00.000Z","2026-01-01T00:00:00.000Z"
"Terra Aventura : Sainte et Croix font huître","ASCAQU033V50ZESX","Produit","Pratique",,"Sainte-Croix-du-Mont","33410","33392","Gironde","Nouvelle-Aquitaine","44.5935121","-0.2828448","https://www.lagirondedusud.com/","La Gironde du Sud","2026-07-31T00:00:00.000Z","2026-08-01T02:24:30.123Z"
"Tèrra Aventura : Authentique Corne de Bigorne : à saisir !","ASCAQU086V501ADY","Produit,Lieu","Pratique,Site sportif, récréatif et de loisirs","Pratique libre","Chauvigny","86300","86070","Vienne","Nouvelle-Aquitaine","46.57211","0.64879","https://www.terra-aventura.fr/parcours","Office de Tourisme de Grand Poitiers","2026-06-16T00:00:00.000Z","2026-06-17T03:11:07.692Z"
"Terra Aventura  : Ségur, y’a pas plus sûr !","ASCAQU087V501DZI","Produit","Pratique",,"Ségur-le-Château","19230","19254","Corrèze","Nouvelle-Aquitaine","45.429539","1.307666","https://www.terra-aventura.fr/","OT Pays de Saint-Yrieix","2026-05-11T00:00:00.000Z","2026-01-01T00:00:00.000Z"
"Parcours exclusif Terra Aventura "" Ecomusée de Marquèze ""","ASCAQU040V513XEJ","Produit","Pratique",,"Sabres","40630","40246","Landes","Nouvelle-Aquitaine","44.148665","-0.7411759","https://www.terra-aventura.fr/ecomusee-marqueze","OT Cœur Haute Lande","2026-07-10T00:00:00.000Z","2026-07-11T02:15:49.460Z"
"Terra Aventura à Belin-Béliet : Rendez-vous en ""tèrra"" inconnue","ASCAQU033V50YITV","Produit","Pratique",,"Belin-Béliet","33830","33042","Gironde","Nouvelle-Aquitaine","44.506946","-0.795743","https://www.terra-aventura.fr/","OT Val de l'Eyre","2026-03-05T00:00:00.000Z","2026-01-01T00:00:00.000Z"
"Circuit Tèrra Aventura : Qui voit Meilhan, va sano","ASCAQU047V5093GM","Produit","Pratique",,"Meilhan-sur-Garonne","47180","47165","Lot-et-Garonne","Nouvelle-Aquitaine","44.5225249","0.0341983","https://www.valdegaronne-tourisme.com/,https://www.terra-aventura.fr/","OT Val de Garonne","2026-07-31T00:00:00.000Z","2026-08-01T02:24:30.123Z"
"Parcours de Géocaching avec Terra Aventura ""Des sources, des baleines et des marins""","ITIAQU064V58EQVW","Itinéraire touristique","Itinéraire pédestre",,"Bidart","64210","64125","Pyrénées-Atlantiques","Nouvelle-Aquitaine","43.4383401","-1.5912112","http://www.bidarttourisme.com/","OT Bidart","2025-01-10T00:00:00.000Z","2026-01-01T00:00:00.000Z"
"Terra Aventura, Saint-Sauvant : Il court, il court le Coran","5730371","Lieu","Site sportif, récréatif et de loisirs",,"Saint-Sauvant","17610","17395","Charente-Maritime","Nouvelle-Aquitaine","45.73913","-0.504235","http://terra-aventura.fr/","Office de Tourisme de Saintes & la Saintonge","2024-05-21T00:00:00.000Z","2026-07-04T06:08:31.884Z"
"Tèrra Aventura : Bergerac : c’est un pic, c’est un cap !","ASCAQU024V50JGM4","Produit","Pratique",,"Bergerac","24100","24037","Dordogne","Nouvelle-Aquitaine","44.853806","0.483392","https://www.terra-aventura.fr/caches/bergerac-cest-un-pic-cest-un-cap","Pays de Bergerac, Vignoble & Bastides","2026-01-01T00:00:00.000Z","2026-01-01T00:00:00.000Z"
"Terra Aventura : Quand vient la nuit, la chauve sourit","ASCAQU087V500CVG","Produit","Pratique",,"Razès","87640","87122","Haute-Vienne","Nouvelle-Aquitaine","46.03417","1.34537","https://www.terra-aventura.fr/caches/quand-vient-la-nuit-la-chauve-sourit","OT Monts du Limousin","2025-04-23T00:00:00.000Z","2026-01-01T00:00:00.000Z"
"Tèrra Aventura : Vers l'époque médiévale et les gourmandises d'aujourd'hui !","ASCAQU087V5004EC","Produit","Pratique",,"Saint-Léonard-de-Noblat","87400","87161","Haute-Vienne","Nouvelle-Aquitaine","45.837819","1.492181","https://www.terra-aventura.fr/caches/vers-lepoque-medievale-et-les-gourmandises-daujourdhui","OT de Noblat","2026-01-01T00:00:00.000Z","2026-01-01T00:00:00.000Z"
"Geocaching Terra Aventura: Croix de Pierre, Croix de Fer","ASCAQU019V5007ES","Produit,Lieu","Pratique,Site sportif, récréatif et de loisirs","Pratique libre","Sainte-Féréole","19270","19202","Corrèze","Nouvelle-Aquitaine","45.2246905","1.58220308","https://www.terra-aventura.fr/","Brive Tourisme","2026-01-01T00:00:00.000Z","2026-01-01T00:00:00.000Z"
"Géocaching Terra Aventura - ""Ziclou, plus fort à Clion ! ""","6549116","Lieu","Site sportif, récréatif et de loisirs",,"Clion","17240","17111","Charente-Maritime","Nouvelle-Aquitaine","45.479014","-0.500018","https://www.terra-aventura.fr/","CDC de Haute Saintonge","2024-10-21T00:00:00.000Z","2026-01-01T00:00:00.000Z"
"Circuit Tèrra Aventura : Jeux de marins, jeux de vilains","ASCAQU047V50K0GA","Produit","Pratique",,"Port-Sainte-Marie","47130","47210","Lot-et-Garonne","Nouvelle-Aquitaine","44.2531345","0.3794434","http://www.tourisme-coeurlotetgaronne.fr/,https://www.terra-aventura.fr/","OT du Confluent et des Coteaux de Prayssas","2026-07-31T00:00:00.000Z","2026-08-01T02:24:30.124Z"
"Tèrra Aventura : A la bonne fortune du baron de la Bastide !","ASCAQU087V500A94","Produit","Pratique",,"Limoges","87000","87085","Haute-Vienne","Nouvelle-Aquitaine","45.8614167","1.2817333","https://www.terra-aventura.fr/caches/la-bonne-fortune-du-baron-de-la-bastide","CRT_NA","2025-10-18T00:00:00.000Z","2026-07-03T02:18:24.779Z"
"Terra Aventura, Crazannes : En vaillant, vaillant petit tailleur !","6577174","Lieu,Itinéraire touristique","Site sportif, récréatif et de loisirs,Itinéraire cyclable",,"Crazannes","17350","17134","Charente-Maritime","Nouvelle-Aquitaine","45.847224","-0.703784","https://www.coeurdesaintonge.fr/","Communauté de communes Coeur de Saintonge","2023-06-22T00:00:00.000Z","2026-01-01T00:00:00.000Z"
"Tèrra Aventura: parcours mystère avec objet Les dieux du stade","ASCAQU040V510SPO","Produit","Pratique",,"Larrivière-Saint-Savin","40270","40145","Landes","Nouvelle-Aquitaine","43.7661548","-0.4209081",,"OT Grenade","2026-01-01T00:00:00.000Z","2026-01-01T00:00:00.000Z"
"Tèrra Aventura: parcours mystère avec objet Monte au Club","ASCAQU040V510RJX","Produit,Lieu","Pratique,Site sportif, récréatif et de loisirs",,"Montaut","40500","40191","Landes","Nouvelle-Aquitaine","43.740867","-0.661686",,"Landes Chalosse","2026-01-08T00:00:00.000Z","2026-01-01T00:00:00.000Z"
"Tèrra Aventura: parcours mystère avec objet Des bains et des jeux","ASCAQU040V510RU2","Produit,Lieu","Pratique,Site sportif, récréatif et de loisirs",,"Eugénie-les-Bains","40320","40097","Landes","Nouvelle-Aquitaine","43.696532","-0.377403","https://www.tourisme-aire-eugenie.fr/Les-grands-evenements/L-aventure-Terra-Aventura-c-est-pour-toi,https://www.terra-aventura.fr/adiu-les-landais","Tourisme Aire Eugénie","2026-01-01T00:00:00.000Z","2026-01-01T00:00:00.000Z"
"Géocaching Tèrra-Aventura : ""Maraîchin contre Bras Rouge !""","ASCAQU079V502WQ5","Produit,Lieu","Pratique,Site sportif, récréatif et de loisirs",,"Magné","79460","79162","Deux-Sèvres","Nouvelle-Aquitaine","46.3137494","-0.54203","https://www.terra-aventura.fr/caches?title=&thematic=All&season=All&quests=All&field_maintenance_value=All&difficulty=All&kilometers=All&field_department=79&field_city=&field_start_point_proximity=0","OT Niort Marais Poitevin","2024-12-02T00:00:00.000Z","2026-01-01T00:00:00.000Z"
"Géocaching Tèrra-Aventura : ""Secrets de Sèvre bien gardés""","ASCAQU079V502WQM","Produit,Lieu","Pratique,Site sportif, récréatif et de loisirs",,"Chauray","79180","79081","Deux-Sèvres","Nouvelle-Aquitaine","46.3605406","-0.3736616","https://www.terra-aventura.fr/caches?title=&thematic=All&season=All&quests=All&field_maintenance_value=All&difficulty=All&kilometers=All&field_department=79&field_city=&field_start_point_proximity=0","OT Niort Marais Poitevin","2024-12-02T00:00:00.000Z","2026-01-01T00:00:00.000Z"
"Géocaching Tèrra Aventura ""Heureux qui comme Ulysse..."" - Clessé","ASCAQU079V502WT8","Produit,Lieu","Pratique,Site sportif, récréatif et de loisirs","Pratique libre","Clessé","79350","79094","Deux-Sèvres","Nouvelle-Aquitaine","46.716915","-0.403792","https://www.terra-aventura.fr/caches/heureux-qui-comme-ulysse,https://www.tourisme-bocage.com/explorer/un-terrain-de-jeu-terra-aventura","OT Bocage Bressuirais","2026-06-19T00:00:00.000Z","2026-06-20T02:11:56.210Z"
"Chasse au trésor Tèrra Aventura : Fébus, vivement la quille...","ASCAQU064V5B4CWU","Produit,Lieu","Pratique,Site sportif, récréatif et de loisirs",,"Morlanne","64370","64406","Pyrénées-Atlantiques","Nouvelle-Aquitaine","43.512977","-0.533805","https://www.bearnmadiran-tourisme.fr/","Syndicat du tourisme Coteaux Béarn Madiran","2026-07-30T00:00:00.000Z","2026-07-31T03:23:48.768Z"
"Géocaching Terra Aventura : l'aventure, c'est comme la garbure...","ASCAQU064V5B5BVJ","Produit,Lieu","Pratique,Site sportif, récréatif et de loisirs",,"Bosdarros","64290","64139","Pyrénées-Atlantiques","Nouvelle-Aquitaine","43.2177173","-0.3594924","https://www.terra-aventura.fr/","OT Pau","2026-03-19T00:00:00.000Z","2026-06-27T02:27:42.243Z"
"Temporairement fermé - Terra Aventura : Plus d'un tour dans sa be'zas","ASCAQU033V50YHAN","Produit","Pratique",,"Bazas","33430","33036","Gironde","Nouvelle-Aquitaine","44.43136","-0.21127","https://www.lagirondedusud.com/,https://www.terra-aventura.fr/","La Gironde du Sud","2026-02-16T00:00:00.000Z","2026-06-27T02:27:42.242Z"
"Circuit Tèrra Aventura : Cent pur-sang Royale !","ASCAQU047V50G3PZ","Produit","Pratique",,"Villeréal","47210","47324","Lot-et-Garonne","Nouvelle-Aquitaine","44.63909","0.74231","http://www.coeurdebastides.com/,https://www.terra-aventura.fr/","OT Coeur de Bastides","2026-04-20T00:00:00.000Z","2026-01-01T00:00:00.000Z"
"Terra Aventura à Castelmoron-d'Albret : ""Aux quatre cents coups""","ASCAQU033V50QOXU","Produit","Pratique",,"Castelmoron-d'Albret","33540","33103","Gironde","Nouvelle-Aquitaine","44.6803283","-0.0116258","https://www.entredeuxmers.com/,https://www.terra-aventura.fr/","OT de l'Entre-deux-Mers","2026-07-31T00:00:00.000Z","2026-08-01T02:24:30.123Z"
"Tèrra Aventura à Sauveterre-de-Guyenne : ""Lou qui a pas passat""","ASCAQU033V50QZ41","Produit","Pratique",,"Sauveterre-de-Guyenne","33540","33506","Gironde","Nouvelle-Aquitaine","44.69303","-0.0865","https://www.entredeuxmers.com/,https://www.terra-aventura.fr/","OT de l'Entre-deux-Mers","2026-07-31T00:00:00.000Z","2026-08-01T02:24:30.123Z"
"Chasse aux trésors Tèrra Aventura : ""Papiste fait de la résistance""","ASCAQU079V501MWG","Produit,Lieu","Pratique,Site sportif, récréatif et de loisirs",,"Prailles-La Couarde","79370","79217","Deux-Sèvres","Nouvelle-Aquitaine","46.3006252","-0.2093273","https://www.terra-aventura.fr/caches?title=&thematic=All&season=All&quests=All&field_maintenance_value=All&difficulty=All&kilometers=All&field_department=79&field_city=&field_start_point_proximity=0","OT Pays Mellois","2026-01-01T00:00:00.000Z","2026-01-01T00:00:00.000Z"
"Géocaching Tèrra-Aventura : ""Flamme bleue en Venise Verte""","ASCAQU079V501IX9","Produit,Lieu","Pratique,Site sportif, récréatif et de loisirs",,"Saint-Georges-de-Rex","79210","79254","Deux-Sèvres","Nouvelle-Aquitaine","46.277917","-0.6543","https://www.terra-aventura.fr/caches?title=&thematic=All&season=All&quests=All&field_maintenance_value=All&difficulty=All&kilometers=All&field_department=79&field_city=&field_start_point_proximity=0","OT Niort Marais Poitevin","2026-01-01T00:00:00.000Z","2026-01-01T00:00:00.000Z"
"Géocaching Tèrra Aventura ""Un musée à ciel ouvert"" - Bressuire","ASCAQU079V503UFR","Produit,Lieu","Pratique,Site sportif, récréatif et de loisirs",,"Bressuire","79300","79049","Deux-Sèvres","Nouvelle-Aquitaine","46.8428262","-0.4968161","https://www.terra-aventura.fr/caches/un-musee-ciel-ouvert,https://www.tourisme-bocage.com/explorer/un-terrain-de-jeu-terra-aventura","OT Bocage Bressuirais","2026-06-22T00:00:00.000Z","2026-06-23T02:17:22.254Z"
"Chasse aux trésors Tèrra Aventura : ""Triviale poursuite Lupéenne""","ASCAQU079V503V48","Produit,Lieu","Pratique,Site sportif, récréatif et de loisirs","Pratique libre","Louin","79600","79156","Deux-Sèvres","Nouvelle-Aquitaine","46.78707","-0.16672","https://www.terra-aventura.fr/","OT Gâtine","2026-06-28T00:00:00.000Z","2026-06-29T02:07:01.336Z"
"Tèrra Aventura - Faites sauter le coffre-fort - Brouage","5726256","Lieu","Site sportif, récréatif et de loisirs",,"Marennes-Hiers-Brouage","17320","17219","Charente-Maritime","Nouvelle-Aquitaine","45.866156","-1.070515","https://www.terra-aventura.fr/","Office de Tourisme de l'île d'Oléron et du bassin de Marennes","2026-06-29T00:00:00.000Z","2026-06-30T06:11:17.382Z"
"Terra Aventura La Teste de Buch : ""Sauvons les Prés Salés !""","ASCAQU033V5175CS","Produit","Pratique",,"La Teste-de-Buch","33260","33529","Gironde","Nouvelle-Aquitaine","44.6478523","-1.1526138","https://www.terra-aventura.fr/comment-jouer","OT La Teste-de-Buch","2026-03-05T00:00:00.000Z","2026-06-27T02:27:42.245Z"
"Circuit Tèrra Aventura : Héron, héron, petit patapon","ASCAQU047V50DWJQ","Produit","Pratique",,"Lacépède","47360","47125","Lot-et-Garonne","Nouvelle-Aquitaine","44.3145463","0.46550473","http://www.tourisme-coeurlotetgaronne.fr/,https://www.terra-aventura.fr/","ADRT47","2026-07-31T00:00:00.000Z","2026-08-01T02:24:30.124Z"
"Terra Aventura : Monte là-dessus, tu verras Montmartre !","ASCAQU024V50F9OH","Produit","Pratique",,"Saint-Cyprien","24220","24396","Dordogne","Nouvelle-Aquitaine","44.8692404","1.04343974",,"Périgord Noir Vallée Dordogne","2025-07-10T00:00:00.000Z","2026-01-01T00:00:00.000Z"
"Tèrra Aventura : A la Table du Bon Roy Jean","ASCAQU086V50181I","Produit,Lieu","Pratique,Site sportif, récréatif et de loisirs","Pratique libre","Nouaillé-Maupertuis","86340","86180","Vienne","Nouvelle-Aquitaine","46.50857","0.41448","https://www.terra-aventura.fr/parcours","Office de Tourisme des Vallées du Clain","2026-06-16T00:00:00.000Z","2026-06-17T03:11:07.692Z"
"Chasse aux trésors Tèrra Aventura : ""La Bête au Bois-Pouvreau""","ASCAQU079V501IV1","Produit,Lieu","Pratique,Site sportif, récréatif et de loisirs","Pratique libre","Ménigoute","79340","79176","Deux-Sèvres","Nouvelle-Aquitaine","46.4886321","-0.0762","https://www.terra-aventura.fr/","CC Parthenay Gâtine","2026-06-28T00:00:00.000Z","2026-07-03T02:18:24.779Z"
"Circuit géocaching Tèrra Aventura : ""En art point de frontière""","ASCAQU079V501J0P","Produit,Lieu","Pratique,Site sportif, récréatif et de loisirs","Pratique libre","Plaine-et-Vallées","79100","79196","Deux-Sèvres","Nouvelle-Aquitaine","46.9530326","-0.0798598","https://www.terra-aventura.fr/caches?title=&thematic=All&season=All&quests=All&field_maintenance_value=All&difficulty=All&kilometers=All&field_department=79&field_city=&field_start_point_proximity=0","Maison du Thouarsais","2026-01-01T00:00:00.000Z","2026-01-01T00:00:00.000Z"
"Chasse aux trésors Tèrra Aventura : ""Le Sou volè de Charlemagne""","ASCAQU079V501LOB","Produit,Lieu","Pratique,Site sportif, récréatif et de loisirs",,"Sauzé-Vaussais","79500","79307","Deux-Sèvres","Nouvelle-Aquitaine","46.22258","-0.14344","https://www.terra-aventura.fr/caches?title=&thematic=All&season=All&quests=All&field_maintenance_value=All&difficulty=All&kilometers=All&field_department=79&field_city=&field_start_point_proximity=0","OT Pays Mellois","2026-01-01T00:00:00.000Z","2026-01-01T00:00:00.000Z"
"Circuit géocaching Tèrra Aventura : ""Les z'aventuriers de la Vallée Rose""","ASCAQU079V500UKI","Produit,Lieu","Pratique,Site sportif, récréatif et de loisirs","Pratique libre","Thouars","79100","79329","Deux-Sèvres","Nouvelle-Aquitaine","46.9844216","-0.244299","https://www.terra-aventura.fr/caches?title=&thematic=All&season=All&quests=All&field_maintenance_value=All&difficulty=All&kilometers=All&field_department=79&field_city=&field_start_point_proximity=0","Maison du Thouarsais","2026-01-01T00:00:00.000Z","2026-06-27T02:27:42.246Z"
"Tèrra Aventura ""Dans le Tourbillon du Diable"" au Puits d'Enfer - Exireuil","ASCAQU079V501ISQ","Produit","Pratique",,"Exireuil","79400","79114","Deux-Sèvres","Nouvelle-Aquitaine","46.4283915","-0.1861651","https://www.terra-aventura.fr/caches?title=&thematic=All&season=All&quests=All&field_maintenance_value=All&difficulty=All&kilometers=All&field_department=79&field_city=&field_start_point_proximity=0","OT Haut Val De Sèvre","2024-12-02T00:00:00.000Z","2026-01-01T00:00:00.000Z"
"Chasse aux trésors Tèrra Aventura : ""La Bête cherche sa Belle""","ASCAQU079V501LOJ","Produit,Lieu","Pratique,Site sportif, récréatif et de loisirs",,"Celles-sur-Belle","79370","79061","Deux-Sèvres","Nouvelle-Aquitaine","46.2624571","-0.2085156","https://www.terra-aventura.fr/caches?title=&thematic=All&season=All&quests=All&field_maintenance_value=All&difficulty=All&kilometers=All&field_department=79&field_city=&field_start_point_proximity=0","OT Pays Mellois","2026-01-01T00:00:00.000Z","2026-01-01T00:00:00.000Z"
"Géocaching Tèrra-Aventura : ""Petites chamoiseries entre Poï'zs !""","ASCAQU079V502DOK","Produit,Lieu","Pratique,Site sportif, récréatif et de loisirs",,"Niort","79000","79191","Deux-Sèvres","Nouvelle-Aquitaine","46.324934","-0.4692164","https://www.terra-aventura.fr/caches?title=&thematic=All&season=All&quests=All&field_maintenance_value=All&difficulty=All&kilometers=All&field_department=79&field_city=&field_start_point_proximity=0","OT Niort Marais Poitevin","2024-12-02T00:00:00.000Z","2026-01-01T00:00:00.000Z"
"Chasse aux trésors Tèrra Aventura à vélo : ""Roule maboule !"" -","ASCAQU079V502B7M","Produit,Lieu","Pratique,Site sportif, récréatif et de loisirs","Pratique libre","Pougne-Hérisson","79130","79215","Deux-Sèvres","Nouvelle-Aquitaine","46.6825541","-0.4112719","https://www.terra-aventura.fr/caches?title=&thematic=All&season=All&quests=All&field_maintenance_value=All&difficulty=All&kilometers=All&field_department=79&field_city=&field_start_point_proximity=0","CC Parthenay Gâtine","2026-08-11T00:00:00.000Z","2026-08-12T01:40:28.665Z"
"Terra Aventura : sur les  traces de la reine Zabeth (temporairement fermé)","ASCAQU033V50WXMH","Produit","Pratique",,"Coutras","33230","33138","Gironde","Nouvelle-Aquitaine","45.0408276","-0.1284211","http://www.tourisme-libournais.com/","OTI du Libournais","2026-02-17T00:00:00.000Z","2026-01-01T00:00:00.000Z"
"Terra Aventura : Vingt mille lieues sous l'amer","ASCAQU040V50O8CL","Produit","Pratique",,"Capbreton","40130","40065","Landes","Nouvelle-Aquitaine","43.6402633","-1.4311963","https://www.terra-aventura.fr/","OTI LAS","2025-07-10T00:00:00.000Z","2026-01-01T00:00:00.000Z"
"Chasse aux trésors Tèrra Aventura : ""Le train-train des Galipotes""""","ASCAQU079V507LNX","Produit,Lieu","Pratique,Site sportif, récréatif et de loisirs","Pratique libre","Saint-Pompain","79160","79290","Deux-Sèvres","Nouvelle-Aquitaine","46.441299","-0.600332","https://www.terra-aventura.fr/caches?title=&thematic=All&season=All&quests=All&field_maintenance_value=All&difficulty=All&kilometers=All&field_department=79&field_city=&field_start_point_proximity=0","OT Gâtine","2026-06-30T00:00:00.000Z","2026-07-03T02:18:24.778Z"
"Circuit Tèrra Aventura : Angille sous roche au Confluent","ASCAQU047V50N8SN","Produit","Pratique",,"Aiguillon","47190","47004","Lot-et-Garonne","Nouvelle-Aquitaine","44.2990186","0.3422807","http://www.tourisme-coeurlotetgaronne.fr/,https://www.terra-aventura.fr/","OT du Confluent et des Coteaux de Prayssas","2026-07-31T00:00:00.000Z","2026-08-01T02:24:30.123Z"
"Geocaching Tèrra Aventura - Suivez les signes du Verse-eau","5892876","Lieu","Site sportif, récréatif et de loisirs",,"Jonzac","17500","17197","Charente-Maritime","Nouvelle-Aquitaine","45.4371","-0.42679","https://www.jonzac-haute-saintonge.com/terra-aventura/","CDC de Haute Saintonge","2026-08-13T00:00:00.000Z","2026-08-14T06:11:00.709Z"
"Tèrra Aventura à Créon et La Sauve : ""Créons, c’est l’heure"" !","ASCAQU033V50R9V6","Produit","Pratique",,"Créon","33670","33140","Gironde","Nouvelle-Aquitaine","44.7764073","-0.3489496","https://www.terra-aventura.fr/caches/creons-cest-lheure,https://www.entredeuxmers.com/","OT de l'Entre-deux-Mers","2026-07-31T00:00:00.000Z","2026-08-01T02:24:30.123Z"
"Chasse au trésor Tèrra Aventura ""Cap sur la Chambre d'Amour !""","ASCAQU064V5A1GO0","Produit","Pratique",,"Anglet","64600","64024","Pyrénées-Atlantiques","Nouvelle-Aquitaine","43.5006165","-1.5404141","https://www.terra-aventura.fr/caches/cap-sur-la-chambre-damour","OT Anglet","2026-06-18T00:00:00.000Z","2026-06-19T02:12:56.628Z"
"Terra aventura géocaching - Parcours ""ACTA EST FABULA""","5825141","Lieu","Site sportif, récréatif et de loisirs",,"Saint-Cybardeaux","16170","16312","Charente","Nouvelle-Aquitaine","45.782932","-0.012606","https://www.terra-aventura.fr/","Office de Tourisme du Rouillacais","2024-02-06T00:00:00.000Z","2026-01-01T00:00:00.000Z"
"Tèrra Aventura : Micro Z'aventures, Ez'cales Entre-deux-Mers !","ASCAQU033V51CL1F","Produit","Pratique",,"Monségur","33580","33289","Gironde","Nouvelle-Aquitaine","44.6506087","0.0807616","https://www.terra-aventura.fr/ezcales-entre-deux-mers,https://www.entredeuxmers.com/","OT de l'Entre-deux-Mers","2026-07-31T00:00:00.000Z","2026-08-01T02:24:30.123Z"
"Terra Aventura, La Chapelle des Pots : Petit potier c'est mon métier","5730298","Lieu","Site sportif, récréatif et de loisirs",,"La Chapelle-des-Pots","17100","17089","Charente-Maritime","Nouvelle-Aquitaine","45.759503","-0.541314","http://terra-aventura.fr/","Office de Tourisme de Saintes & la Saintonge","2024-02-22T00:00:00.000Z","2026-07-04T06:08:31.881Z"
"Terra Aventura - Saint-Jean-Pied-de-Port : Un pied dans la Zitadelle...","ASCAQU064V5BMZH3","Produit","Pratique",,"Saint-Jean-Pied-de-Port","64220","64485","Pyrénées-Atlantiques","Nouvelle-Aquitaine","43.163141","-1.23811","https://www.terra-aventura.fr/","Office de Tourisme Pays Basque","2026-06-08T00:00:00.000Z","2026-06-09T02:18:36.089Z"
"Tèrra Aventura: parcours mystère avec objet La forme, ça se cultive !","ASCAQU040V510V2Z","Produit","Pratique",,"Maylis","40250","40177","Landes","Nouvelle-Aquitaine","43.6950935","-0.6795945","http://www.chalosse.fr/","OT Terres de Chalosse","2026-01-01T00:00:00.000Z","2026-01-01T00:00:00.000Z"
"Terra Aventura Hastingues : Petit Hastinguot, porte sur son dos…","ASCAQU040V50W7QJ","Produit","Pratique",,"Hastingues","40300","40120","Landes","Nouvelle-Aquitaine","43.5327964","-1.1498432",,"OT Pays d'Orthe et Arrigans","2026-04-17T00:00:00.000Z","2026-01-01T00:00:00.000Z"
"Chasse aux trésors Tèrra Aventura : ""Saint-Hilaire, complétement marteau""","ASCAQU079V502WPT","Produit,Lieu","Pratique,Site sportif, récréatif et de loisirs","Pratique libre","Gourgé","79200","79135","Deux-Sèvres","Nouvelle-Aquitaine","46.727863","-0.166042","https://www.terra-aventura.fr/","OT Gâtine","2026-06-28T00:00:00.000Z","2026-07-03T02:18:24.779Z"
"Tèrra Aventura à Saint-Loubès : ""À Cavernes, hop ! Hop ! Hop""","ASCAQU033V50R9TV","Produit","Pratique",,"Saint-Loubès","33450","33433","Gironde","Nouvelle-Aquitaine","44.9326629","-0.4382429","https://www.terra-aventura.fr/caches/cavernes-hop-hop-hop,https://www.entredeuxmers.com/","OT de l'Entre-deux-Mers","2026-07-31T00:00:00.000Z","2026-08-01T02:24:30.123Z"
"Circuit géocaching Tèrra Aventura : ""Plus d'une tour dans son sac""","ASCAQU079V501J0N","Produit,Lieu","Pratique,Site sportif, récréatif et de loisirs","Pratique libre","Thouars","79100","79329","Deux-Sèvres","Nouvelle-Aquitaine","46.9748623","-0.2152456","https://www.terra-aventura.fr/caches?title=&thematic=All&season=All&quests=All&field_maintenance_value=All&difficulty=All&kilometers=All&field_department=79&field_city=&field_start_point_proximity=0","Maison du Thouarsais","2026-01-01T00:00:00.000Z","2026-06-27T02:27:42.246Z"
"Chasse aux trésors Tèrra Aventura : ""Tous les chemins mènent à Rom""","ASCAQU079V501LO6","Produit,Lieu","Pratique,Site sportif, récréatif et de loisirs",,"Sauzé-Vaussais","79120","79307","Deux-Sèvres","Nouvelle-Aquitaine","46.2927969","0.11419046","https://www.terra-aventura.fr/caches?title=&thematic=All&season=All&quests=All&field_maintenance_value=All&difficulty=All&kilometers=All&field_department=79&field_city=&field_start_point_proximity=0","OT Pays Mellois","2026-01-01T00:00:00.000Z","2026-01-01T00:00:00.000Z"
"Tèrra Aventura ""Les Poïz prennent du galon"" à Saint-Maixent-l'Ecole","ASCAQU079V501IWE","Produit","Pratique",,"Saint-Maixent-l'École","79400","79270","Deux-Sèvres","Nouvelle-Aquitaine","46.4133778","-0.2008995","https://www.terra-aventura.fr/caches?title=&thematic=All&season=All&quests=All&field_maintenance_value=All&difficulty=All&kilometers=All&field_department=79&field_city=&field_start_point_proximity=0,https://www.terra-aventura.fr/","OT Haut Val De Sèvre","2024-12-02T00:00:00.000Z","2026-01-01T00:00:00.000Z"
"Géocaching Tèrra Aventura ""Oh, la belle prise !"" - Moncoutant-sur-Sèvre","ASCAQU079V5017R6","Produit,Lieu","Pratique,Site sportif, récréatif et de loisirs",,"Moncoutant-sur-Sèvre","79320","79179","Deux-Sèvres","Nouvelle-Aquitaine","46.713402","-0.591013","https://www.tourisme-bocage.com/explorer/un-terrain-de-jeu-terra-aventura,https://www.terra-aventura.fr/caches/oh-la-belle-prise","OT Bocage Bressuirais","2026-06-19T00:00:00.000Z","2026-06-20T02:11:56.210Z"
"Chasse au trésor géocaching Terra Aventura : Dis-moi des mots d’Amou","ASCAQU040V50LGR1","Produit","Pratique",,"Amou","40330","40002","Landes","Nouvelle-Aquitaine","43.5924115","-0.7473873","https://www.terra-aventura.fr/","OT Amou","2026-01-08T00:00:00.000Z","2026-01-01T00:00:00.000Z"
"Géocaching Tèrra-Aventura - ""Pic nic douille, c’est toi la pigouille""","ASCAQU079V505K8F","Produit,Lieu","Pratique,Site sportif, récréatif et de loisirs",,"Coulon","79510","79100","Deux-Sèvres","Nouvelle-Aquitaine","46.32416","-0.58414","https://www.terra-aventura.fr/node/386?destination=node/1455&langcode=fr","OT Niort Marais Poitevin","2025-09-23T00:00:00.000Z","2026-06-27T02:27:42.244Z"
"Chasse au trésor Tèrra Aventura : mieux vaut veiller que dormir...","ASCAQU064V5BDYIP","Produit,Lieu","Pratique,Site sportif, récréatif et de loisirs",,"Pontacq","64530","64453","Pyrénées-Atlantiques","Nouvelle-Aquitaine","43.185355","-0.1149024","https://www.bearnmadiran-tourisme.fr/","Syndicat du tourisme Coteaux Béarn Madiran","2026-06-18T00:00:00.000Z","2026-06-19T02:12:56.627Z"
"Geocaching : Terra Aventura - Petit gourmet cherche grand cru","6193050","Lieu","Site sportif, récréatif et de loisirs",,"Bourg-Charente","16200","16056","Charente","Nouvelle-Aquitaine","45.673778","-0.224145","https://www.terra-aventura.fr/","Destination Cognac","2025-12-18T00:00:00.000Z","2026-01-01T00:00:00.000Z"
"Tèrra Aventura - Lost in Oléron - Saint-Denis d'Oléron","5726253","Lieu","Site sportif, récréatif et de loisirs",,"Saint-Denis-d'Oléron","17650","17323","Charente-Maritime","Nouvelle-Aquitaine","46.037126","-1.373044","https://www.terra-aventura.fr/","Office de Tourisme de l'île d'Oléron et du bassin de Marennes","2025-02-27T00:00:00.000Z","2026-01-01T00:00:00.000Z"
"Tèrra Aventura - Le Petit Train des Z'Artistes - Saint-Trojan-les-Bains","5726204","Lieu","Site sportif, récréatif et de loisirs",,"Saint-Trojan-les-Bains","17370","17411","Charente-Maritime","Nouvelle-Aquitaine","45.844032","-1.209799","https://www.terra-aventura.fr/","Office de Tourisme de l'île d'Oléron et du bassin de Marennes","2026-06-09T00:00:00.000Z","2026-01-01T00:00:00.000Z"
"Terra Aventura Eaux-Bonnes: A vos marques. Prêts ? Sifflez !","ASCAQU064V5AC5IM","Produit","Pratique",,"Eaux-Bonnes","64440","64204","Pyrénées-Atlantiques","Nouvelle-Aquitaine","42.9724577","-0.392759","https://www.terra-aventura.fr/","OT Vallée d'Ossau Pyrénées","2026-07-28T00:00:00.000Z","2026-07-29T02:41:53.479Z"
"Terra Aventura : Qui n'a pas vu Piégut, n'a pas vu de marché","ASCAQU024V50FEDE","Produit","Pratique",,"Piégut-Pluviers","24360","24328","Dordogne","Nouvelle-Aquitaine","45.6221408","0.68923732",,"Parc Naturel Régional Périgord-Limousin","2026-01-01T00:00:00.000Z","2026-06-27T02:27:42.244Z"
"Géocaching Tèrra Aventura ""Le temps nous est gare"" - Nueil-Les-Aubiers","ASCAQU079V5017R1","Produit,Lieu","Pratique,Site sportif, récréatif et de loisirs",,"Nueil-les-Aubiers","79250","79195","Deux-Sèvres","Nouvelle-Aquitaine","46.9595998","-0.5833123","https://www.tourisme-bocage.com/explorer/un-terrain-de-jeu-terra-aventura,https://www.terra-aventura.fr/caches/le-temps-nous-est-gare","OT Bocage Bressuirais","2026-06-19T00:00:00.000Z","2026-06-20T02:11:56.210Z"
"Circuit Tèrra Aventura : Mardi en huit chez Henri IV","ASCAQU047V50EILB","Produit","Pratique",,"Nérac","47600","47195","Lot-et-Garonne","Nouvelle-Aquitaine","44.1345241","0.34169562","https://albret-tourisme.com/terra-aventura-en-albret/,https://www.terra-aventura.fr/","OT de l'Albret","2026-07-31T00:00:00.000Z","2026-08-01T02:24:30.123Z"
"Chasse au trésor Tèrra Aventura : Qui a volé le jambon de Bayonne ?","ASCAQU064V5CDDCN","Produit,Lieu","Pratique,Site sportif, récréatif et de loisirs",,"Arzacq-Arraziguet","64410","64063","Pyrénées-Atlantiques","Nouvelle-Aquitaine","43.5347951","-0.4103385","https://www.bearnmadiran-tourisme.fr/","Syndicat du tourisme Coteaux Béarn Madiran","2026-06-24T00:00:00.000Z","2026-06-27T02:27:42.247Z"
"Micro Z'aventure Terra Aventura : Béarn, deux minutes d'arrêt !","ASCAQU064V5C0XQB","Produit","Pratique",,"Pau","64000","64445","Pyrénées-Atlantiques","Nouvelle-Aquitaine","43.29379","-0.37034","https://www.terra-aventura.fr/","OT Pau","2026-04-11T00:00:00.000Z","2026-01-01T00:00:00.000Z"
"[TEMPORAIREMENT FERMÉ] Tèrra Aventura à Blasimon : ""Chapeau l'abbé Hoarau""","ASCAQU033V516IW4","Produit","Pratique",,"Blasimon","33540","33057","Gironde","Nouvelle-Aquitaine","44.7536166","-0.0745502","https://www.entredeuxmers.com/,https://www.terra-aventura.fr/","OT de l'Entre-deux-Mers","2026-07-26T00:00:00.000Z","2026-07-27T02:08:47.933Z"
"[temporairement fermé] Terra Aventura : ""Mon coteau, c'est le plus beau"" !","ASCAQU033V516HGK","Produit","Pratique",,"Auros","33124","33021","Gironde","Nouvelle-Aquitaine","44.495849","-0.146575","https://www.entredeuxmers.com/,https://www.terra-aventura.fr/","OT de l'Entre-deux-Mers","2026-03-13T00:00:00.000Z","2026-01-01T00:00:00.000Z"
"Terra Aventura, Pont L'Abbé d'Arnoult : Qui sème le vent, récolte la Mohjette","5733346","Lieu","Site sportif, récréatif et de loisirs",,"Pont-l'Abbé-d'Arnoult","17250","17284","Charente-Maritime","Nouvelle-Aquitaine","45.828478","-0.87566","http://terra-aventura.fr/","Communauté de communes Coeur de Saintonge","2023-06-09T00:00:00.000Z","2026-01-01T00:00:00.000Z"
"Circuit géocaching Tèrra Aventura : ""Bike-man vs. Super-Marne""","ASCAQU079V502X0I","Produit,Lieu","Pratique,Site sportif, récréatif et de loisirs","Pratique libre","Saint-Martin-de-Sanzay","79290","79277","Deux-Sèvres","Nouvelle-Aquitaine","47.0939656","-0.1965257","https://www.terra-aventura.fr/caches?title=&thematic=All&season=All&quests=All&field_maintenance_value=All&difficulty=All&kilometers=All&field_department=79&field_city=&field_start_point_proximity=0","Maison du Thouarsais","2026-01-01T00:00:00.000Z","2026-01-01T00:00:00.000Z"
"Geocaching Tèrra Aventura ""Cache-Cache en Bressuirais"" : la Micro Z'Aventure du Bocage","ASCAQU079V505MAA","Produit,Lieu","Pratique,Site sportif, récréatif et de loisirs",,"Bressuire","79300","79049","Deux-Sèvres","Nouvelle-Aquitaine","46.8419205","-0.4932817","https://www.tourisme-bocage.com/terra-aventura-parcours-de-geocaching-en-bocage-bressuirais","OT Bocage Bressuirais","2026-06-19T00:00:00.000Z","2026-06-20T02:11:56.210Z"
"[TEMPORAIREMENT FERMÉ] Tèrra Aventura à Sadirac : ""Cruche un jour, cruche toujours""","ASCAQU033V513O6N","Produit","Pratique",,"Sadirac","33670","33363","Gironde","Nouvelle-Aquitaine","44.7809282","-0.4060084","https://www.entredeuxmers.com/,https://www.terra-aventura.fr/","OT de l'Entre-deux-Mers","2026-07-26T00:00:00.000Z","2026-07-27T02:08:47.933Z"
"Chasse au trésor Tèrra Aventura : Viens donc faire un tour à Lembeye","ASCAQU064V5AR6AU","Produit,Lieu","Pratique,Site sportif, récréatif et de loisirs",,"Lembeye","64350","64331","Pyrénées-Atlantiques","Nouvelle-Aquitaine","43.4494667","-0.1124421","https://www.bearnmadiran-tourisme.fr/","Syndicat du tourisme Coteaux Béarn Madiran","2026-06-18T00:00:00.000Z","2026-06-19T02:12:56.627Z"
"Chasse au trésor Tèrra Aventura : Saint-Jacques, à tous les coups on gagne","ASCAQU064V5C1BEE","Produit,Lieu","Pratique,Site sportif, récréatif et de loisirs",,"Morlaàs","64160","64405","Pyrénées-Atlantiques","Nouvelle-Aquitaine","43.3427542","-0.2631483","https://www.bearnmadiran-tourisme.fr/","Syndicat du tourisme Coteaux Béarn Madiran","2026-06-18T00:00:00.000Z","2026-06-27T02:27:42.241Z"
"Tèrra Aventura : Tourne, tourne, petit moulin ; vole, vole, belle Zaméla | PARCOURS ÉPHÉMÈRE > 9 AU 31/08/25","ASCAQU024V50NCUX","Produit","Pratique",,"Sadillac","24500","24359","Dordogne","Nouvelle-Aquitaine","44.7337829","0.4837521","https://www.terra-aventura.fr/zamela-apparait-sadillac-24-aout","Pays de Bergerac, Vignoble & Bastides","2026-03-06T00:00:00.000Z","2026-01-01T00:00:00.000Z"
"L'Avventura","RESAQU040V50TJ2P","Lieu","Restauration","Restaurant,Restauration ambulante, Food truck,Restauration Rapide","Tartas","40400","40313","Landes","Nouvelle-Aquitaine","43.8303916","-0.8069129","https://pizza-lavventura.fr/","OT Tartas","2026-05-29T00:00:00.000Z","2026-01-01T00:00:00.000Z"
"Terrae","RESAQU064V5BNHD3","Lieu","Restauration","Restaurant","Cambo-les-Bains","64250","64160","Pyrénées-Atlantiques","Nouvelle-Aquitaine","43.36123","-1.39854","https://restaurant-terrae.fr/","OT Cambo les Bains","2026-05-22T00:00:00.000Z","2026-06-26T23:17:13.095Z"
"Ganadéria Aventura","LOIAQU040FS000PM","Lieu","Site sportif, récréatif et de loisirs,Site culturel","Patrimoine industriel, artisanal, rural, agricole et technique","Saint-Martin-de-Hinx","40390","40272","Landes","Nouvelle-Aquitaine","43.5785772","-1.3174252","http://www.passionvachettes.fr/","OT Tyrosse","2026-08-05T00:00:00.000Z","2026-08-06T02:12:31.468Z"
"Terra Cota","HLOAQU086V502AUH","Lieu","Hébergement","Hébergement locatif","Châtellerault","86100","86066","Vienne","Nouvelle-Aquitaine","46.81192","0.53041","https://www.airbnb.fr/rooms/1209520943923818095,https://www.airbnb.fr/rooms/1209520943923818095","Office de Tourisme de Grand Châtellerault","2026-01-26T00:00:00.000Z","2026-01-01T00:00:00.000Z"
"Terra Sudoris","ASCAQU087V5031DK","Produit","Pratique",,"Saint-Martin-Terressus","87400","87167","Haute-Vienne","Nouvelle-Aquitaine","45.91917","1.44707","https://terrasudoris.com/","OT de Noblat","2026-01-01T00:00:00.000Z","2026-06-27T02:27:42.241Z"
"Terra Gasconha","RETOUAQU0470000F","Lieu","Hébergement","Hébergement collectif","Barbaste","47230","47021","Lot-et-Garonne","Nouvelle-Aquitaine","44.1709774","0.26219129","https://www.terra-gasconha.fr/,https://www.secure-direct-hotel-booking.com/module_booking_engine/index.php?id_etab=023b0ec1ae071f21b9deb3a6dfac1909&langue=francais","OT de l'Albret","2026-02-03T00:00:00.000Z","2026-06-26T23:22:44.280Z"
"Dax & Terra","A0013AQU040V50YLO9","Lieu","Commerce de détail,Lieu de santé,Prestataire de service,Service pratique","Boutique, commerce de proximité,Professionnel de santé","Dax","40100","40088","Landes","Nouvelle-Aquitaine","43.7108877","-1.0677802","https://daxetterra.com/notre-boutique/","OT Grand Dax","2026-01-01T00:00:00.000Z","2026-06-27T00:00:03.999Z"
"Terra Diu","HLOAQU024V506W8T","Lieu","Hébergement","Hébergement locatif","Saint-Avit-Sénieur","24440","24379","Dordogne","Nouvelle-Aquitaine","44.778368","0.81644",,"Pays de Bergerac, Vignoble & Bastides","2024-11-07T00:00:00.000Z","2026-01-01T00:00:00.000Z"
"Terra Gasconha","LOIAQU047V50DU02","Produit","Location","Location de salle","Barbaste","47230","47021","Lot-et-Garonne","Nouvelle-Aquitaine","44.1708262","0.2619227","http://www.terra-gasconha.fr/","OT de l'Albret","2026-01-07T00:00:00.000Z","2026-05-20T02:10:46.843Z"
"Villa Terras","HLOAQU040V50V94R","Lieu","Hébergement","Hébergement locatif","Vieux-Boucau-les-Bains","40480","40328","Landes","Nouvelle-Aquitaine","43.7939087","-1.4025429","https://www.villa-terras-vieuxboucau.fr/bnb/bnb-1-1,https://www.villa-terras-vieuxboucau.fr/,https://www.villa-terras-vieuxboucau.fr/,https://www.villa-terras-vieuxboucau.fr/bnb/bnb-1-1","OTI LAS","2026-03-23T00:00:00.000Z","2026-01-01T00:00:00.000Z"
"Terra Pin","HLOAQU040V50VLX3","Lieu","Hébergement","Hébergement locatif","Luxey","40430","40167","Landes","Nouvelle-Aquitaine","44.25863","-0.54551",,"Relais des Gîtes des Landes","2026-01-01T00:00:00.000Z","2026-01-01T00:00:00.000Z"
"Café Terra","RESAQU040V510MMN","Lieu","Restauration","Restaurant","Saint-André-de-Seignanx","40390","40248","Landes","Nouvelle-Aquitaine","43.5577643","-1.3527691","https://www.cafeterra.fr/","OT Seignanx","2026-08-05T00:00:00.000Z","2026-08-06T23:17:27.151Z"
"Terra bulle Hébergement","HLOAQU047V50NGRQ","Lieu","Hébergement","Hébergement locatif","Villeneuve-sur-Lot","47300","47323","Lot-et-Garonne","Nouvelle-Aquitaine","44.456413","0.684653",,"Tourisme Lot-et-Garonne (47)","2026-04-23T00:00:00.000Z","2026-06-27T01:32:28.287Z"
"Spa Aqua terra","LOIAQU040V502IRA","Lieu","Site sportif, récréatif et de loisirs,Lieu de santé,Prestataire de service","Centre de balnéothérapie","Dax","40100","40088","Landes","Nouvelle-Aquitaine","43.708616","-1.048411","https://www.thermes-avenue.com/fr/detente-et-spa-dax/","OT Grand Dax","2026-01-01T00:00:00.000Z","2026-06-27T02:19:20.037Z"
"Logis Terra-villa","PCUAQU086V5000V5","Lieu","Site culturel","Patrimoine industriel, artisanal, rural, agricole et technique","Moncontour","86330","86161","Vienne","Nouvelle-Aquitaine","46.899599","0.007962","http://www.maison-en-terre-du-marais.fr/","Office de Tourisme du Pays Loudunais","2026-03-11T00:00:00.000Z","2026-07-03T02:09:31.019Z"
"Terra bulle -Roulotte Sérénité","HLOAQU047V50NGNO","Lieu","Hébergement","Hébergement locatif","Villeneuve-sur-Lot","47300","47323","Lot-et-Garonne","Nouvelle-Aquitaine","44.456413","0.684653",,"Tourisme Lot-et-Garonne (47)","2026-01-13T00:00:00.000Z","2026-06-27T01:32:28.288Z"
"Maison Familiale Rurale Le Terra","HCOLLAQU079V500HZZ","Lieu","Hébergement","Hébergement collectif","Val en Vignes","79290","79063","Deux-Sèvres","Nouvelle-Aquitaine","47.0774708","-0.2615436","http://www.leterra.mfr.fr/","Maison du Thouarsais","2026-01-01T00:00:00.000Z","2026-07-03T00:44:52.674Z"
"Grand Gîte de Terra Seren","HLOAQU024FS005VG","Lieu","Hébergement","Hébergement locatif","Siorac-de-Ribérac","24600","24537","Dordogne","Nouvelle-Aquitaine","45.1893355","0.3816748",,"Vallée de l'Isle en Périgord","2026-02-06T00:00:00.000Z","2026-01-01T00:00:00.000Z"
"Maison de la Poterie - Terra Etc...","ASCAQU024FS000EH","Produit","Pratique",,"Beauronne","24400","24032","Dordogne","Nouvelle-Aquitaine","45.0949084","0.3807302","https://www.poterie-stage-perigord.com/","Vallée de l'Isle en Périgord","2026-01-01T00:00:00.000Z","2026-01-01T00:00:00.000Z"
"Petit Gîte de Terra Seren","HLOAQU024V50JO6A","Lieu","Hébergement","Hébergement locatif","Siorac-de-Ribérac","24600","24537","Dordogne","Nouvelle-Aquitaine","45.189354","0.38167929",,"Groupe CDT 24","2026-02-04T00:00:00.000Z","2026-01-01T00:00:00.000Z"
"Les bains de forêt de Terra-Atlaya","ASCAQU040V50VIAV","Lieu","Site sportif, récréatif et de loisirs",,"Vieux-Boucau-les-Bains","40480","40328","Landes","Nouvelle-Aquitaine","43.7860434","-1.4000847","https://www.terra-atlaya.fr/","OTI LAS","2026-01-01T00:00:00.000Z","2026-01-01T00:00:00.000Z"
"Cabinet dentaire Lacanocéan : Terra Cédric","A0013AQU033V5138FE","Lieu","Lieu de santé","Professionnel de santé","Lacanau","33680","33214","Gironde","Nouvelle-Aquitaine","45.0036163","-1.2006049",,"OT Médoc Atlantique","2026-08-04T00:00:00.000Z","2026-08-04T23:51:17.418Z"
"Terra d'Auca (terre d'oie en occitan)","DEGAQU024V50JEWP","Lieu","Fournisseur de dégustation","Producteur","Saint-Saud-Lacoussière","24470","24498","Dordogne","Nouvelle-Aquitaine","45.5691882","0.8144267","http://terradauca.fr/","Parc Naturel Régional Périgord-Limousin","2026-06-18T00:00:00.000Z","2026-06-27T02:04:44.393Z"
"Camping Lac de Ferrié - Gîte Terra Cocta","HLOAQU047V50FSBV","Lieu","Hébergement","Hébergement locatif","Penne-d'Agenais","47140","47203","Lot-et-Garonne","Nouvelle-Aquitaine","44.3850259","0.8067243","https://reservation.elloha.com/?IdPublication=7125e06c-2886-42cb-98ea-a366d0bc2402&culture=fr-FR&idoi=a92e3ba1-b8c5-486b-a23b-6fb495c74e1c&searchFirstAvailableDates=1,https://camping-lacdeferrie.fr/,https://reservation.elloha.com/?IdPublication=7125e06c-2886-42cb-98ea-a366d0bc2402&culture=fr-FR&idoi=a92e3ba1-b8c5-486b-a23b-6fb495c74e1c&searchFirstAvailableDates=1,https://camping-lacdeferrie.fr/","Tourisme Lot-et-Garonne (47)","2026-07-30T00:00:00.000Z","2026-07-31T01:54:03.250Z"
"Terra Ostra - Office de Tourisme de Gujan-Mestras","ORGAQU033FS00009","Lieu","Service d'information touristique","Office de tourisme","Gujan-Mestras","33470","33199","Gironde","Nouvelle-Aquitaine","44.6385363","-1.1123871","http://www.gujanmestras.com/","OT Gujan-Mestras","2026-08-13T00:00:00.000Z","2026-08-13T23:34:41.918Z"